{"n_weapons":10,"n_targets":20,"target_values":[84,32,28,62,46,65,94,59,42,89,49,65,22,56,48,21,29,73,26,22],"kill_prob":[[0.07258440935959011,0.4652514886039429,0.5365784813255725,0.899195952167798,0.6554777752869935,0.7713017721934408,0.344429833176142,0.48257748019297236,0.8781286420625772,0.4047802693213598,0.7361968610820263,0.49709075008282166,0.24036757380055446,0.5433558416292504,0.23535272411477326,0.05257294139437996,0.25051161315234177,0.21417225750182678,0.3652830006195187,0.805307368237895],[0.37967511255887443,0.7684094833673425,0.5222710671118441,0.0564724985891819,0.21042620596773287,0.841586338426831,0.5635474292680608,0.8401148297864328,0.3136020172579349,0.6590780215403315,0.7062213859126709,0.8793446623258172,0.0654500106936166,0.8594016328547593,0.38285168496354033,0.7622935448831369,0.5130059804879213,0.5299521115783606,0.35547120495848256,0.754201701821468],[0.2744115352121584,0.4684051782518155,0.5261483239523541,0.6811429294133652,0.45089003648530646,0.6282404640135697,0.46249998189577907,0.6104225414148055,0.623021954776926,0.6530253264498572,0.7498048247812772,0.5096141768159297,0.21428643928940927,0.627694715376197,0.11555037096833759,0.23611176909200643,0.7233338993650793,0.41980962268055605,0.4733375425035345,0.8892873807110006],[0.24989661297158022,0.06661983710554437,0.1446667180901675,0.25782658071170517,0.6670320207369989,0.7094487271870477,0.5306656109119967,0.26678943889343715,0.49348061034780005,0.06271392254384409,0.6295308013305269,0.5721529220977927,0.06852705847431204,0.7444598885878763,0.6989125548878036,0.31199018373306614,0.5900701530374601,0.5612690189452272,0.1717032373428397,0.21427040594721097],[0.6307252157939102,0.8435188993295073,0.5398416725939401,0.5326411737256131,0.5996794404982627,0.42449155515140946,0.09604623697614219,0.3870282697159926,0.8152143786002063,0.7342047803328163,0.8383100332905057,0.17990684736254897,0.48006409348300505,0.5470189315910021,0.2284366834940283,0.22082470337862453,0.714727992746382,0.6210741294943757,0.6001094062928862,0.2769393392855627],[0.4807540106101258,0.06960946046592865,0.16045414471036373,0.4905132333466725,0.31322143428712584,0.8708192933620391,0.45076201477695904,0.12102953290332306,0.06516599516701556,0.6664691927705207,0.1957807273427668,0.2096405136543002,0.41023613924457036,0.27445150078044495,0.5740905177842611,0.4628386311401992,0.14473301125564556,0.7170297207230312,0.41198002625211083,0.5692091716509056],[0.05335098265277947,0.5824400284210566,0.29042237847629426,0.4702151317284945,0.30306251324809624,0.8968216329459064,0.24621596750488,0.8259306612658681,0.8302716370554294,0.4078505549942125,0.3084026481948528,0.37388021486397244,0.8909382242830283,0.5759767932369652,0.5130632021475428,0.08053019913851321,0.7706665758374719,0.12123463743611915,0.08992651197922415,0.2836293732002932],[0.45442031429889046,0.8109956160037405,0.7215669792204129,0.21798732282996652,0.366267599163185,0.7132042249260504,0.4980285803487327,0.19831815072046738,0.38664692227658337,0.5820454338332509,0.8772418235875096,0.6125402466279477,0.0637658878966874,0.649257035137649,0.2632350863386459,0.7828350770817426,0.37630642199221775,0.2196727820911552,0.44775510853369926,0.26691827816775465],[0.250448265223173,0.537272530657469,0.7022443302232476,0.7597112180358943,0.38801938989983237,0.1067831990573984,0.4613787486957203,0.418714255474128,0.2174321060150835,0.8117231659725022,0.8780260150675856,0.09398510982811922,0.7263844228788177,0.5988590742503079,0.2722208194410218,0.589882700540391,0.15934671293095332,0.10899553205287268,0.8944657137944214,0.5909143796898612],[0.26523923085324846,0.43252886251820105,0.8575749549531644,0.4229163081287882,0.8153778522019925,0.7884878182816925,0.3425328686772168,0.6416076534655372,0.6114237282152036,0.7055300900268656,0.3610397896273626,0.09440102372341282,0.19538335494563436,0.5740706345226954,0.7088351588627505,0.6926413393552566,0.5461293473477761,0.12204442385765861,0.06469533310794061,0.7148204937237618]]}