{"n_weapons":10,"n_targets":20,"target_values":[80,39,19,36,42,75,18,12,75,22,48,72,56,21,75,14,31,19,56,72],"kill_prob":[[0.16842647049399506,0.17435870696600916,0.24575516724523438,0.6882740985670442,0.22029997542165958,0.08006908721557612,0.8199838522395495,0.7948706606472844,0.20709615076200155,0.2755412013074367,0.2102739357270948,0.6616043581174704,0.26250755156084726,0.8417322937717269,0.7534948707260336,0.5501409584342223,0.05759749100665622,0.8011189954541668,0.6685973995526711,0.7197212870598555],[0.11105142388619238,0.6522761446857609,0.7339010525805222,0.8631400527334966,0.5433999018650703,0.4818355741993808,0.411587271484625,0.6460945288199472,0.8326981090074217,0.5597917914086303,0.24319109528208882,0.06493785776280024,0.5762461505273985,0.7849082048161948,0.10607898593739798,0.387935527617144,0.8490398871687674,0.47642544647828444,0.23755949532030413,0.35060795000352113],[0.39691863126558535,0.1496960872542733,0.6116734072711495,0.553339679728605,0.6005644461857408,0.5691728333781597,0.06417125804508872,0.1982934221313717,0.19073620165398142,0.133258763353291,0.6751544072185349,0.15211663230671793,0.6179649624327926,0.2016317632056241,0.1505636515107374,0.18815054132366743,0.48214293805731695,0.5986601333790924,0.7401361310489912,0.159277874644936],[0.5737587352779556,0.7077636594995602,0.3155443957817017,0.11775824246232203,0.18255406860653678,0.12782485042638822,0.8041301413692763,0.37019641810619935,0.49484631436541804,0.7033849290336674,0.3657736588026152,0.6017372564334709,0.11517787523567208,0.45876980043331034,0.1320411212447615,0.2610415195781939,0.29933970345614835,0.6599462333039047,0.6229885583458658,0.6850180755914059],[0.10249179015173489,0.8948270803470899,0.09625702440330358,0.751885622723281,0.6792285934584553,0.552997521918047,0.4230285903732391,0.6935625002796553,0.6788791327785192,0.16660158516633383,0.7237376020167398,0.11677344781972046,0.47546422080925455,0.5983195525821151,0.7484355287689436,0.44364368537909565,0.2513293659303734,0.4670606731381155,0.2626768938715521,0.49941657423772606],[0.44313195564054014,0.7134288111878353,0.2540765964261496,0.21998740656178856,0.45305753863191595,0.09292871041222306,0.24493953417017994,0.3506491770595381,0.4644852556767737,0.27902120454155943,0.5265410205021455,0.7966524664783958,0.5121683421539618,0.293813593475967,0.10268382620196767,0.1661663590360751,0.527034763265112,0.6311525123887228,0.09221775202095997,0.2077173552564594],[0.32121908007508493,0.321807142548427,0.8646459620512669,0.2232050082510592,0.10314229705724257,0.3500626049154712,0.16427567537522755,0.15759467036542074,0.3963330619495591,0.31043246836245636,0.1279677597320556,0.563657915013332,0.47644480111729753,0.11553471860860957,0.7833328029120227,0.29200609948048284,0.8671736672051025,0.8418078376728768,0.41898213228593983,0.24428189937258465],[0.7596248056506891,0.35709296537907975,0.18901809047060347,0.5188665584461,0.46599207629607586,0.772515196991863,0.6698891728634323,0.7947185638112406,0.6744974755292683,0.5958487165506274,0.4751505794354608,0.8894202960719804,0.8652901004001465,0.7715250343053872,0.7090213317176987,0.5409256176007353,0.2707903564472758,0.7941231730247701,0.059193714647114065,0.24332397177484322],[0.3931725783217993,0.5482335819489612,0.5267474223063026,0.199443452427492,0.13907846984150202,0.23897958844748773,0.34640247056201107,0.06194563473207328,0.6385874474673774,0.2605683203768677,0.348693771066108,0.33466643699631454,0.4850553307467435,0.7808297637804194,0.17698146047971003,0.3396180462465795,0.638224486572016,0.08759670128837127,0.7554818398878902,0.8675513694228125],[0.5664916221946923,0.8630321153761131,0.40110255501698555,0.40277697105686633,0.14031157300142183,0.08012989474980424,0.2578286704143538,0.45640935853597553,0.48153003223345564,0.23493907448021834,0.5708848234622135,0.2040249936126297,0.3272794692287351,0.21635308791092833,0.6421640599916169,0.489086631988965,0.6756859342117232,0.09866094415290225,0.4115577681998702,0.8719147921342075]]}