{"n_weapons":10,"n_targets":20,"target_values":[22,33,69,81,65,75,19,55,89,45,91,21,99,81,66,66,95,44,25,93],"kill_prob":[[0.6107218004500828,0.8398530368171844,0.4532505912886973,0.43642515045434044,0.8466533967669677,0.8658227140070033,0.8666522210470533,0.7460627848213265,0.4430452231006878,0.22875440012869996,0.37592474908615403,0.8475528677901204,0.3590211508182549,0.6932098128000069,0.8345536984274418,0.8748333384492152,0.8555230248440527,0.5217989580639345,0.4680980634532398,0.8894944324527884],[0.23545232389326082,0.20940072243204821,0.8687049530839599,0.6358155985505441,0.5058584083284342,0.16224232391510984,0.48625421166387983,0.8525879804933217,0.562457624846371,0.39393432907360454,0.5184375512453591,0.8032233239651169,0.8259213619650285,0.39007494080496097,0.5668518520691738,0.28732222078040615,0.433422501734705,0.23690024126567144,0.5017514225857389,0.5415041147199627],[0.33716122571115714,0.28130055554285094,0.17837176563673413,0.1686121162752358,0.6547419483570001,0.23839230303679787,0.15028046794057642,0.8990409362996454,0.27092902660569845,0.8116410681139123,0.5678080606891298,0.6578096417857928,0.52678107477469,0.20368951580097355,0.7699938357347123,0.7537768515137666,0.3472326455477273,0.6992730919497443,0.5115842195927637,0.822691769476055],[0.7324007156083727,0.08484640433172617,0.7973845763625695,0.8732814552817164,0.6808327722313382,0.1519265012200078,0.7362695063615522,0.600365686230048,0.33800236989368315,0.8014259685137667,0.5307316851851969,0.7749887413664919,0.6195966862966064,0.29523868814918897,0.8787658914818811,0.5353547157486247,0.48924195555249006,0.3929831840152667,0.16589257261603424,0.6332809480307374],[0.41617931830494187,0.8444206338022958,0.8703325933260636,0.7024947270474583,0.25612054914715493,0.6585827286833714,0.06735848832029717,0.7524404273871338,0.4695757820269497,0.8462287024024084,0.3710960351270703,0.27369756381126764,0.8957978879426334,0.501076190785264,0.7837051610488724,0.8243985894178574,0.4906984058642098,0.4373568366913095,0.5199530615564977,0.770578577449202],[0.8699611968606797,0.3290737929642587,0.6778358248018697,0.2925683056964655,0.5693100851317796,0.7340711499855299,0.8035133759620994,0.4314087566373597,0.36429233018100776,0.2654338702092547,0.16340459485545944,0.36017993334712295,0.7911811340356701,0.40598808877904247,0.3196991909395387,0.6782624078984526,0.2332468008820479,0.2678437821145301,0.8455223510875571,0.11935123872463421],[0.40243650320690977,0.5402385135355837,0.24572160827241474,0.28886061159951176,0.23856856003636479,0.34340773625154536,0.8137298918166811,0.4168492445859153,0.40515466404491696,0.3785937481482309,0.8694983678969381,0.1497045207868433,0.7910941077984615,0.3280869075687791,0.8630348529495504,0.31794315930711,0.1204432087678724,0.49203560169963845,0.24368574241342378,0.6900413431523695],[0.6087097755787613,0.6334987842340203,0.21446606531904117,0.6523357251523695,0.3146313729332867,0.8988729238510604,0.6720025136129054,0.5518497812972359,0.7870501123332159,0.550914944761513,0.5198373867592034,0.2517182623845726,0.6263951960266113,0.3684477640120422,0.0866202336403108,0.743652526914464,0.0940921916514306,0.6214551044144471,0.18321275776217794,0.41768408908523424],[0.7802279097647126,0.13025661674702463,0.6170780767697278,0.5707259311131725,0.7874002844028489,0.19682464062545674,0.7298193789404341,0.43260301723012895,0.4143473256192587,0.35751669821389365,0.3777380242665302,0.4919656824614413,0.14077984948494593,0.4113059893920142,0.6041840328005945,0.47346350042256735,0.19095504852217937,0.35859394652288723,0.42651742326204034,0.6185435924380229],[0.8156513741568732,0.5178191856996457,0.6249129088997596,0.11561118162349378,0.8612969749454541,0.31792738680219446,0.35114798723473317,0.23941636354528573,0.12196956100071682,0.7215397716205736,0.2544165694502469,0.2902845750435161,0.2045268351153317,0.8786524882540481,0.7138795776873238,0.8404147024835955,0.7824648619954838,0.8203522796134725,0.45717894407181403,0.1949602217535354]]}