{"n_weapons":10,"n_targets":20,"target_values":[30,31,10,41,63,74,91,80,39,85,27,29,42,59,28,91,34,45,65,49],"kill_prob":[[0.887099502315583,0.1460947491276296,0.6497616910423907,0.7726565079847582,0.17817448913891482,0.6572852506061518,0.4492774887088759,0.7749572519734468,0.8213344693105202,0.7916121676813874,0.10472736694216085,0.6933269852927281,0.833298438737955,0.5781461745702914,0.5607446514067167,0.08825457928839435,0.7776280688750478,0.08944302670478729,0.31648316542697286,0.8369836054941332],[0.8572833713200854,0.8931154594045342,0.4549419427709533,0.2008151144238592,0.4647528138047213,0.13696598632059184,0.7916556926244743,0.5264566482765292,0.39383001429174197,0.11760109710868374,0.39445457529413586,0.7862628671315925,0.6478950426056308,0.1200871898843216,0.18592111976724945,0.3834622171013789,0.13616882028303084,0.8439350131942803,0.6044482379362445,0.1305995511083533],[0.7198488430233916,0.36314503928615144,0.2581400478702377,0.5344872006487374,0.06136631315246011,0.44558801108861673,0.7672342441308941,0.8388489565877332,0.3411714987539738,0.5960710999402877,0.24279992261350852,0.5261811103370028,0.26592356723021066,0.5356530323333349,0.19596379969924632,0.8500476732466319,0.803879854946198,0.33638051203151387,0.7101634555862012,0.13117851112236537],[0.6793067723996103,0.29009026017079853,0.16529550337448295,0.6264625352180717,0.44933579514648087,0.5006186614708773,0.4924503165172327,0.10053078479011661,0.09367321172877546,0.5609923783558824,0.5802849460021041,0.0900983730378474,0.3716734321046451,0.5709235876263633,0.608178557390115,0.7540343953850688,0.40762244105734874,0.5160191139749235,0.5417763192674947,0.3152384908052711],[0.09575159207536987,0.05359203727433895,0.7607066037007462,0.22019704914402838,0.5857164645352653,0.5404903568473316,0.3896881152294411,0.7584693123955387,0.6436413563393721,0.069330243923297,0.710189962353182,0.48094899530149793,0.3449663957204198,0.6678519580349263,0.633155785199329,0.3140000021886067,0.8855830407731992,0.6014022137049904,0.5649127555858096,0.10939830895950625],[0.28742096329302685,0.4299279019774752,0.5860318486632249,0.4858490861208211,0.6985779934506826,0.2731825555977166,0.6468334459901117,0.7441074898574882,0.7002924792455103,0.7052195968998285,0.8052309986728406,0.12155176110841608,0.6426128356679877,0.8733764709489918,0.5376030523933575,0.23471886518673374,0.898940734908081,0.19847569889825706,0.3352240427686304,0.19625286015459265],[0.444835938437558,0.40604460816931454,0.4675547620339868,0.8387858900471151,0.4565757279590913,0.4874323772815975,0.8036797900306979,0.7450942949126075,0.2537637265416276,0.06098706194452268,0.5850746533717435,0.768122350261892,0.51992259571884,0.22950038201091838,0.6801518270740108,0.6191083902195795,0.5302776567972699,0.7838357479178362,0.7166059999981779,0.6177592777093633],[0.6150448686697356,0.6128722391535336,0.4963900331790793,0.44433339794726995,0.6531603905739117,0.5689203092496965,0.46648347795546163,0.15766215082438537,0.6466394703551908,0.5990987849912706,0.340911162077478,0.35287469128281523,0.25971402651496445,0.8676279679102661,0.7811711584384142,0.5268916750003843,0.3914051745747371,0.6763014741419598,0.4985689497070976,0.8794733788278469],[0.09685422183383138,0.07914287394545386,0.5333193652773673,0.2227873392855707,0.5636585390176636,0.7142095742651008,0.1673932970071419,0.4245169905610987,0.635367020931952,0.7587840350720255,0.47189247653090366,0.22523054887011834,0.547929367247788,0.4363395084162496,0.706136612953813,0.5222396545725059,0.2875094182248662,0.69123398176301,0.4900849610176657,0.20091456943657837],[0.5286114746706954,0.856072050868992,0.6496888217970758,0.3039828572392821,0.6542421989989294,0.2902153643518521,0.5112855119100725,0.49760639921941985,0.2602822470750331,0.3456990198978453,0.8508542365681389,0.26300875595311857,0.730872987086338,0.617264993010319,0.5027347626468999,0.16688763904538895,0.22388513980042113,0.20213098005184332,0.5487751201276895,0.8773757172107064]]}