{"n_weapons":10,"n_targets":20,"target_values":[54,69,36,22,62,17,77,44,47,32,35,23,60,23,71,33,61,58,67,78],"kill_prob":[[0.7748601467643186,0.6887051722780226,0.5839812707485451,0.8214808908915607,0.49177628232411297,0.5883533147256377,0.3998774677820881,0.32827657074863414,0.3319550125420654,0.17606968945544882,0.7271080030727737,0.09706287168351221,0.6234824571998421,0.7847911639114804,0.4728140949375621,0.10967066456531768,0.41415484239135725,0.3417426124499974,0.8877084214045161,0.6375754213761027],[0.663155834104582,0.4884528811178963,0.6530021162757821,0.664185330213843,0.10640504863418912,0.23921554580567983,0.06102242211455315,0.48333629503928605,0.7944298766106226,0.5681213544910292,0.475176398636553,0.837070970469044,0.19638573436849083,0.11341366193403285,0.8297098759482601,0.8173644916809913,0.6305266132810071,0.25908228778164416,0.8742994209987152,0.7005443990332527],[0.6228103960469688,0.23947462541313058,0.48612579588814825,0.7491898051024498,0.7812211910224431,0.5272155984310778,0.4943747671613745,0.6430312540614945,0.4990115176656019,0.40502888235581175,0.12260615971073038,0.1571422243582431,0.6962341479705673,0.07096445493062786,0.09445927192796735,0.818947041373455,0.6483975464364822,0.05358081362702421,0.3152368682016418,0.6988206915062131],[0.40496067998066726,0.4484781494293949,0.4399792018891471,0.22181424277018452,0.6631827222135218,0.13755538094316422,0.4811634397146704,0.19446245334045753,0.0895528881405826,0.17175730178009305,0.7889346958649806,0.19972551506339198,0.2866138276604979,0.1673805699873453,0.6752133364090949,0.42863179216802627,0.8520897828483103,0.6146758949107171,0.501680837413756,0.6081362918839427],[0.08436157572821454,0.8580612211093869,0.8629651688546609,0.2847188882722002,0.5840511603316636,0.22162795751889341,0.5153510254103901,0.7051708532557344,0.8488484660845834,0.33833438477582106,0.6394794735863473,0.6589630471951026,0.23797648099003005,0.5846773117693834,0.6071080958096102,0.6994646903941292,0.8999551688363536,0.08419751401250848,0.2219592871259244,0.17331666713177957],[0.18126894455759712,0.43611136152867025,0.7967560731209968,0.43141477870759176,0.6182083381592514,0.3700242711506862,0.32171381801444787,0.7590999071046859,0.6072153836006567,0.3482609948701556,0.8270362220600902,0.47373483034999797,0.21003353520439522,0.46073858309752896,0.6234945222434545,0.36204570086773796,0.7672170258340845,0.5031723835151858,0.44760006294429633,0.7799047097741608],[0.44348013549623,0.402248620573194,0.13815893603347157,0.3581180970284204,0.38749105547861945,0.20352897134081632,0.5496497214561925,0.17226575996779553,0.24013632031330734,0.5269281878663695,0.2786360300160265,0.5937180636091004,0.6369361629825988,0.3060968490156527,0.12427952927221195,0.46603405875458054,0.12896365707804458,0.48795032929528787,0.6672851658096162,0.5772803227501829],[0.4310274950302149,0.8539797657129155,0.1364851481198449,0.7980012808751415,0.7301095417450226,0.40677779330989683,0.17993709611560726,0.18248676791099505,0.8335348966313777,0.24864896463652109,0.7929983517896544,0.47780093694074555,0.44247444121826157,0.5765845774462476,0.23278322045924799,0.41411507295073985,0.8477117729841904,0.25251838963193735,0.833346025047789,0.895078242117802],[0.09412110986417226,0.5016722542026658,0.1960464047396353,0.5784571175631757,0.8911112467326443,0.8123487611054749,0.8361211923654005,0.23134734131528445,0.5109716590559062,0.249606363935708,0.8145110014410036,0.21248089411310955,0.18086507554781983,0.06033823695691595,0.20465568107362841,0.2112984198263529,0.1158666593967699,0.7875799379011851,0.7129981373917055,0.26630927274516825],[0.7157690478145222,0.4088398647772785,0.7091922629459568,0.3245565040598975,0.5299560925146956,0.37436896066104325,0.20952444446994878,0.5477879514017007,0.6882061799811734,0.6901410559050265,0.352846005571357,0.4909050031449538,0.6992118087973234,0.09632295534420221,0.11110508330573127,0.3697893289762657,0.23995086087462175,0.3684491166176873,0.12969011788068002,0.5532068260739944]]}