{"n_weapons":10,"n_targets":20,"target_values":[59,35,30,97,55,94,60,58,16,46,60,19,24,63,32,73,51,46,20,46],"kill_prob":[[0.5373146821071583,0.07361648152108753,0.8641860119287367,0.296419851032203,0.16975723250354807,0.054665136714401846,0.7783578101778563,0.7837262694297188,0.13101061384005358,0.17940510745548083,0.4307168965691027,0.20784854710636824,0.6754479663112434,0.099333783849864,0.5172529325279861,0.37537283034681845,0.4452045111384138,0.4110435500412615,0.18018530515445563,0.23723926251227795],[0.10508654407386261,0.14799273900421056,0.8812105990560777,0.2878187899256642,0.3109717084386296,0.15804038086730288,0.6918895738222388,0.8355213886591897,0.7212879565066533,0.5707234550190461,0.7412479782689898,0.39359569799292965,0.7805727518185844,0.7287410221924547,0.05146594761787117,0.4646250146798894,0.2749240896673422,0.12329797891254116,0.7692666363356087,0.05675723165595396],[0.6706389767470563,0.8899633028476083,0.4597168017003003,0.36555445045021945,0.5649580113035064,0.7339931535005214,0.254214194708987,0.26309621478050577,0.5661013119738199,0.8488978477261595,0.30367397939494895,0.3702414637446611,0.8943333062412461,0.1997888404255384,0.11542294311900846,0.5512919530485152,0.07062694015838805,0.2033682465835993,0.5788778035868979,0.610585540587633],[0.4838614622004767,0.3761858392949758,0.5397679467585711,0.596877890078253,0.732959739347903,0.7238382039783704,0.6150806506877057,0.8100976957441959,0.762321465556106,0.16325910698524915,0.8631775251249609,0.8079809569702323,0.3227881025817658,0.06715675581598354,0.5633795547445444,0.4226549403364298,0.6871316631982122,0.49590979983232913,0.11501686996330476,0.25798430721655946],[0.8001451927075501,0.08203624135779258,0.676169218988544,0.2981519817587175,0.4347438325861225,0.5013546171248673,0.2625691537111209,0.6041663765480134,0.6394258853831948,0.12230055772015883,0.3678380144737075,0.6827207060253478,0.6633919258649621,0.5129128423194532,0.7110235628878121,0.14149815908386676,0.15047957766785056,0.6088659052518931,0.6393337877108596,0.7423478270229098],[0.2038813461072685,0.48925591051643935,0.6117066025652451,0.24014463775466283,0.4893886857548921,0.5926782707320066,0.2322820847560283,0.36922889871262016,0.23388798861535182,0.817501468764309,0.251279049640493,0.15270943208792742,0.07988201479807214,0.08821045154964766,0.21284829972179437,0.5669772346109095,0.06500239333445426,0.29373233604357507,0.09944185762480443,0.39310995475429245],[0.09129022715537896,0.5664105101277038,0.635160625691163,0.671636917197199,0.2406918888493168,0.7882251376674818,0.6367449422312875,0.09815268640484734,0.424651702396213,0.702593019366609,0.3142598377121953,0.37432495782117503,0.5851632532020614,0.09715874809851313,0.8718947844317297,0.19830885901826867,0.07267119969932127,0.05452453473435722,0.38962121874948635,0.801615360654071],[0.7467977673352396,0.8252389285122408,0.5037149714295641,0.43143429879388967,0.3779818296907753,0.08945536442260998,0.8230930678593805,0.4717496784420183,0.4368073163937836,0.4878923639619997,0.7250313403970704,0.24080042308517935,0.6534155771456848,0.654154279725928,0.7721198649194555,0.05738105869428951,0.19483621174986226,0.45038982423804214,0.7729593293422566,0.8703493323837864],[0.5556383224774911,0.23031387910956713,0.2068969914509488,0.5935273608883274,0.22855877500049393,0.5201243103327532,0.7595901397723168,0.3813467011927765,0.3717013612806398,0.0807192863574127,0.26597189166087165,0.6434627406763833,0.35633255836236694,0.18455407969643367,0.13990257369627804,0.13079537142810257,0.6102634181502109,0.5707282569745163,0.49074285476177215,0.47527748093526845],[0.18016632478469086,0.47551359104607416,0.10094711011032292,0.8369796898122848,0.09932342090221583,0.41000066565983073,0.0504853979426964,0.7182278729657579,0.19124466025528553,0.8361786151484264,0.08738108568147984,0.7476692343797628,0.60814214089325,0.2622753610530069,0.22205666784600564,0.354026243370469,0.7541424506990517,0.7826630660851372,0.19899257259567688,0.35043083373168105]]}