{"n_weapons":10,"n_targets":20,"target_values":[39,11,23,99,87,33,73,63,92,37,100,43,75,46,71,40,86,68,36,97],"kill_prob":[[0.414339452505298,0.8773277154461254,0.6176276517430657,0.5660657657678577,0.2515382740290846,0.1034826000144737,0.7741445547480545,0.5378839043526286,0.40225178306114956,0.740172223775211,0.31399332519072093,0.7160746675698142,0.3287692600949274,0.832749008443539,0.2777718432882822,0.16692099993838547,0.6433822020970001,0.18842016510505516,0.8569585927456378,0.6072218455305362],[0.2462315620918471,0.22749609414261446,0.8352937832523584,0.5666792259224073,0.8096756056715543,0.14369142411895142,0.8365833662422998,0.49204191519497503,0.618158628881648,0.3669441508100885,0.10026927370495227,0.8642765751405548,0.8954085797422098,0.3598648214463765,0.8522877402891827,0.1925673473173296,0.18148178220978922,0.11214506400779575,0.3825789964465281,0.09445691265435929],[0.3854586111709622,0.167631864352218,0.6709486262370138,0.7583582519359469,0.6346431136268449,0.22042002957073248,0.7018209639717624,0.26207516747828374,0.6955653074232484,0.5322879386619322,0.3617056388475282,0.12096852131364903,0.7533830833359719,0.8487049826784916,0.6160301130005419,0.869860331689423,0.8439947061865425,0.21541714068319057,0.6715304963084815,0.34690909652204033],[0.46438975648078207,0.18342061647651892,0.8785625138490046,0.6672167756149473,0.2768720631863229,0.36575093664282843,0.40911048780446674,0.6854036655222642,0.8368426767541469,0.32322411303688586,0.4516250750383566,0.554226436909496,0.3843423935402682,0.47855412486083243,0.1398514846670867,0.19252322956214118,0.39093606863712316,0.8276981600049697,0.34695433888293853,0.2623238873142616],[0.6814328877218845,0.8567606411651179,0.4402550745040153,0.057314212232105644,0.6349269317542753,0.40280168137372313,0.622598706123783,0.286059038454823,0.05204692224441806,0.34282178593376317,0.6490734912210003,0.38414629055781085,0.23629801870524209,0.4444058345139863,0.6894962448036276,0.15151812377346013,0.6379892285996507,0.6172424202333553,0.3651271977323106,0.8747857626725704],[0.8104995045582988,0.31873725868175934,0.07642742938476663,0.31205908573331514,0.22401365115988675,0.5151641269404539,0.8309327580048315,0.7897868835318933,0.3099547823151027,0.41430790352229147,0.08106086921763149,0.512538981501777,0.10386278304311952,0.8478152412947347,0.7868937596244314,0.23205948247187752,0.6444633778827387,0.5328173250683331,0.7311540556387556,0.4543042907387919],[0.2130061750659113,0.593866890104407,0.11823827794655326,0.5468997924931588,0.23079908464478893,0.6321959715550263,0.7538366874688923,0.1430960198897616,0.3902282693263035,0.6734933496095973,0.18914760229102973,0.5315451195303562,0.6210631345943647,0.3515745661534749,0.7571849330722109,0.4840594572897067,0.5829456139494336,0.1697418771990619,0.06968614835276869,0.09313628520123834],[0.8183321259684835,0.8002460266110135,0.7364527232875662,0.21967027754963164,0.49663985415707773,0.7266995354661174,0.6234688040674078,0.14819301462454698,0.8112100198405602,0.18658003386126792,0.19602633940133513,0.815857334795102,0.46192439823033865,0.3669580520629968,0.5206082309533481,0.8841877329072947,0.15168588695488644,0.6934065214732555,0.33417698290750836,0.14949188022048016],[0.4086433520499978,0.5164399460664802,0.22506739206892484,0.3944790402321121,0.590324621651447,0.5399808167621889,0.664686504946623,0.7609438529967911,0.3977692820039676,0.4095221841428933,0.47218831428688013,0.531400371624108,0.1420742731022079,0.3157400510655579,0.19610802607047062,0.3779748479925118,0.877350961687931,0.5453213131788328,0.4149742919324643,0.5310463609401525],[0.6187150721131024,0.4197104437968408,0.4305533336149541,0.6461909599744523,0.10173319572484607,0.5090684830450926,0.5152286403850462,0.6932394219591238,0.8852480394861594,0.726391568768787,0.47822032075289783,0.19403520266610175,0.550021825888195,0.759154053705783,0.8425519540985327,0.7515138225699856,0.21062331540817897,0.6556894846969317,0.7981317053629668,0.628864421632929]]}