{"n_weapons":10,"n_targets":20,"target_values":[95,31,73,21,96,68,49,41,42,30,64,88,31,78,61,80,80,13,11,93],"kill_prob":[[0.5385276212780999,0.4782323839818409,0.05899754412361399,0.813012878868989,0.5123068999131005,0.751380442989455,0.6071843166275497,0.7271895714842483,0.638991986274132,0.8328193169854528,0.24166155838861725,0.22178508902297112,0.6556603276533537,0.4761855804959486,0.5592869947846396,0.652261098812543,0.5153139674500021,0.7195394305162668,0.3210372525454746,0.7801418770597384],[0.14152489998676063,0.5889033804170088,0.8066126313977781,0.2647900087164489,0.327809473685326,0.3096255117188281,0.5296241550087787,0.4009410432303762,0.14176539224566703,0.807594138492991,0.22397513478487302,0.5039680093402502,0.5555841615466723,0.08463906710041044,0.13135547850618665,0.875936253865119,0.614835489126975,0.07853040048946289,0.725069337555049,0.48226138788586265],[0.11391963626670426,0.6286392833406226,0.4744490349881982,0.22418183094428473,0.7960469312754966,0.29767287955521604,0.2918731401353116,0.2818575445234369,0.7023374105256935,0.6502008698234524,0.8176738326498039,0.24493833664663778,0.7184099062113871,0.5370887400488815,0.31237766820476764,0.08013601254658805,0.7461054173734436,0.2549106657863529,0.5869815807826816,0.5165377456508407],[0.0537821078497663,0.8951920854487981,0.7421799524301095,0.4635005800411797,0.6282901647060256,0.4551051011021567,0.6828983305869212,0.16417926394605997,0.42939834594892573,0.335206600511931,0.4407069569699296,0.43290175493130956,0.17162985731231517,0.8800152851026747,0.06316832136990884,0.05856200309478902,0.3674251207536091,0.5773198969447949,0.20270524279268898,0.5032149033185369],[0.6643561727689571,0.12995151768412844,0.8867590468135435,0.33619555057840017,0.5960531017191617,0.14411187945858933,0.6530634304131275,0.7643878950031131,0.139492370981029,0.1569836812145563,0.2888903022291435,0.06014544306902989,0.8881436001866454,0.5586264637097522,0.5664510324690136,0.8651178442038907,0.7572248661715131,0.742106491323097,0.33857701441638177,0.3346338844449486],[0.2979772658407498,0.3446913975098719,0.36408244715587296,0.16900313563350433,0.3525556832967795,0.4297349799580184,0.3129452379346597,0.19054492293391562,0.367398838451723,0.4587716072339705,0.6626191286670591,0.6545520972534699,0.22229077642082556,0.08115708589300155,0.3082295935360089,0.1835658591301082,0.3864202073333399,0.8824442012797137,0.2039106652694378,0.3210428519095236],[0.6663471688716365,0.48280536543263336,0.0873389220373772,0.18743651543712342,0.8449621215572166,0.13769024382817419,0.5898288691282499,0.7234768015147748,0.27562320331618534,0.6663163026678866,0.1944109021756532,0.29203773360872176,0.3150487262515763,0.8969697419795901,0.23238645093526367,0.15982634493854725,0.8368377218591988,0.18764108974729982,0.7973879316849946,0.6028881334996865],[0.5403322733599409,0.6886379048145903,0.6670991135758426,0.14394726100556665,0.8995461938456858,0.8506062674814193,0.8121031684326289,0.5789457638510458,0.494372631632467,0.505836796299418,0.06269640259399757,0.47454907665362644,0.580204132510932,0.6099002774587062,0.332318545293616,0.450589997749517,0.5908640156631884,0.41405968373390445,0.8678149191359964,0.6496257933742002],[0.051082684313256924,0.06978755925991506,0.6367551729481182,0.4007483329136773,0.7635503068304264,0.19706309806332273,0.06175287694444809,0.3798699975966554,0.6756544886613316,0.8759685733709333,0.8011057974483972,0.461463420146568,0.7408946907169116,0.10978088918747195,0.5364314954471509,0.8356536510622996,0.38692737536712896,0.8660855352136483,0.2375823322197395,0.1397887381033845],[0.4960479856694459,0.8211598411840407,0.3145873359330325,0.7301362714891095,0.1938176759982388,0.6837348366007987,0.5234729001793164,0.1987644290852164,0.6603741620219673,0.6566926964379632,0.4881199447719242,0.24164749199627344,0.16244980840824708,0.8636667911908209,0.607440657520282,0.7378552610373764,0.6424249496927054,0.7550526154134456,0.1881171967865849,0.47240769086498774]]}