{"n_weapons":10,"n_targets":20,"target_values":[76,44,28,56,50,41,89,69,54,30,61,12,90,10,73,41,75,42,12,96],"kill_prob":[[0.08806360564220087,0.5005553011149039,0.5411413171242694,0.6443837601130616,0.5929244101195614,0.05691856966535142,0.58707902239766,0.3240297487447723,0.7069386171456317,0.21011057821534423,0.6587748041806024,0.5816710336357018,0.6044472525283537,0.1995555340244211,0.618797901132593,0.6764316473456277,0.4659987220521348,0.3393108305394134,0.19157162189494947,0.29646644634412944],[0.6992541080846428,0.3979906158643174,0.6473062556942689,0.6790776262487137,0.6230446905056463,0.6225076601305062,0.5691869736771439,0.49065868190665646,0.21814418383972928,0.7663828788835727,0.8696245466144561,0.44651145576014134,0.8432529425019575,0.8982953570647909,0.4632665256979475,0.6657020676874729,0.5972217875129442,0.2516750936006351,0.09002602719117098,0.43535201449828825],[0.7191242477868315,0.32636446328624236,0.7167729130142068,0.6065814296685123,0.6412101490449492,0.29287975512078146,0.44954027541658986,0.20444823002143458,0.2595934488677675,0.1263725366285529,0.15775739535177682,0.22893645740146107,0.5431990796694615,0.4250294516154938,0.2768985856807277,0.7819455798630357,0.4963755376406882,0.8346430525904246,0.5897202179359325,0.06341945704940914],[0.826454337363341,0.7788438353287024,0.5899805393637644,0.5045575223711953,0.43498716232079726,0.4598486189018069,0.7038375447159974,0.4861703620048829,0.19962099389707455,0.09945093209704381,0.1572583348435356,0.2637249425117782,0.3625740032237506,0.8085536103489275,0.25322414736971777,0.32165877430215456,0.23956235859775776,0.5138805459002134,0.5745236918503138,0.5023084021125865],[0.8590781535343992,0.8960713150060057,0.7617865913347288,0.7345017231567569,0.36114486023716724,0.5428159802376986,0.34875155610655234,0.7167024692476784,0.1960564682280606,0.2341709571504466,0.08288996023976253,0.5675987223372936,0.6352575199706135,0.05285794329667198,0.48416789939511296,0.37034335771630783,0.7235236645459525,0.08305713409884688,0.09128083549536677,0.577177733916998],[0.5528930263927994,0.7564265195483088,0.553426855783757,0.8569652043027761,0.31722694589925876,0.3882331954440802,0.8810234665274791,0.1413956068660114,0.7265191252168377,0.05983340746137425,0.4635362619928494,0.1803919867633733,0.5590324481688553,0.7284444742516538,0.07808595699808418,0.18920681760298347,0.34121882398761705,0.26742912097732285,0.3757369063353168,0.8590880548448341],[0.13602520832420442,0.40978979236590624,0.43852766586644537,0.28829074405478833,0.28673057403443425,0.6575393374869226,0.5751672662533354,0.7409072167731802,0.3943122391063444,0.5657043729327221,0.8095499195801968,0.7736292009589277,0.832019883624965,0.27862876914899115,0.8876080068523022,0.7439314281507041,0.7255866351351078,0.6174418108148604,0.8857777773662556,0.4253287438395083],[0.6803084090480491,0.6439895947902432,0.6722755704800057,0.6887450920438682,0.21214250745303137,0.34669374924704194,0.3834158964520192,0.6857998418829678,0.6588107793614087,0.7583612744503614,0.7202412842067857,0.5566287974809991,0.16895621351432613,0.5901369703475103,0.8040003910918573,0.5966982088812716,0.8112824642910804,0.8991950654163645,0.355321898070003,0.6647962401956733],[0.5089648377104296,0.4367260306019407,0.253887016888592,0.2590274065965414,0.20722644374597537,0.5867609805241003,0.1707451321466376,0.41667849934449314,0.49483325338136497,0.4224993056106243,0.7766900864528291,0.42669395582478126,0.12040727901965721,0.8933696099967502,0.7682360524011809,0.6110369625950999,0.6928750776873164,0.1589620947916175,0.7010275749876985,0.22658660045528084],[0.46562971013787935,0.20128537092564103,0.690717219682363,0.2590437984355799,0.2652271557179388,0.1428389969392542,0.662515488419291,0.3014679361637462,0.49053801122167223,0.33240702376198333,0.7084960699988984,0.24251110801990106,0.849709325039433,0.3231389786562515,0.13827387809713804,0.25425944789269256,0.11284978970709891,0.4484279213435611,0.2627135376149486,0.8031391377781449]]}