{"n_weapons":10,"n_targets":20,"target_values":[71,57,29,31,64,51,14,27,49,26,60,37,36,19,55,27,67,95,93,70],"kill_prob":[[0.8329372639386758,0.2683199002476162,0.7784613354307852,0.3579318858258863,0.1725657339541128,0.7340010350035674,0.10070261208333763,0.3941249130947213,0.746417468234897,0.5746071866295329,0.4903558410897392,0.35058883327804363,0.11379745582981718,0.892326188130514,0.1985576677162912,0.26701220372963724,0.2505283981204251,0.8217501956828477,0.6991351338150008,0.4387303295234361],[0.8621095788590802,0.09486587366847549,0.8096198240384043,0.1013632353349353,0.38246109154437913,0.09590414662001626,0.8991236429940325,0.8272310771255115,0.5470791119592965,0.23516788789850868,0.2852610664178489,0.43211186114855227,0.32436315511849384,0.0681168196196996,0.6078176068995644,0.5714137184793061,0.8186640977360147,0.45532593408963284,0.34300261752862965,0.48478960548010186],[0.2154907422614637,0.5817092990510685,0.7045279503716374,0.1804424563693383,0.3206257349900298,0.7876308324614388,0.47970198633874855,0.5020611496759148,0.6640469674953489,0.5412088929381276,0.10914280286274629,0.7333674550835805,0.8344106316611976,0.09528564804219039,0.15306229298891832,0.6466789218763584,0.5638028426373467,0.37513944912598396,0.5083613515993157,0.6478377828009],[0.4788049925987899,0.16916007594030186,0.12602062476329667,0.4230299249101244,0.8344520441715086,0.5241122985022197,0.3544870586651717,0.8224002440928802,0.38033733275209736,0.4827745087942189,0.149024431034413,0.676790803691474,0.6452575135721583,0.7251073939304297,0.32641261641359887,0.4206452362062631,0.1930904547981186,0.8698291446820245,0.12316574529670024,0.6016613081235862],[0.6494687853804083,0.18407600260333268,0.3605247249559163,0.08665758174811078,0.5231170189486448,0.8956974214000806,0.41540221329883503,0.891506987316996,0.15729161023761812,0.3835861917776263,0.8166702245412011,0.7951911594088513,0.32505284118931654,0.6268189962030819,0.8032361458241222,0.7018458462302436,0.5842047673929799,0.17968927237601917,0.11205228868497895,0.5724288528440769],[0.4752343158357418,0.2523311607717617,0.29885432571517095,0.38327410062119854,0.4711927243041298,0.38172012372515063,0.3791979212730716,0.14837288961465,0.7857518555170417,0.5677809695113801,0.17418685691171007,0.4102932424462454,0.40420852522511364,0.5605277467157543,0.5675391751719319,0.5984388164327981,0.6432175987422364,0.13785093920966396,0.3091838704868902,0.06474564629677151],[0.4364452852683255,0.4150155661557442,0.674177890652557,0.19204940461668196,0.5867702885566843,0.31069006824062934,0.37462900358824425,0.6613938330157361,0.11081584128753903,0.3413654555914881,0.3826247456187041,0.6583869150739186,0.21934075281009557,0.8553010446368936,0.8980976598750344,0.746073619697047,0.3047556262439989,0.6142866559619264,0.1206758269432431,0.790587418350534],[0.4885939405712326,0.19997329137181785,0.3283040756274472,0.7306313328147785,0.7896927523129895,0.49175637889425994,0.45826477526407217,0.6881245345702705,0.7522611791407716,0.7001197905364475,0.3767638426990765,0.5956368973679215,0.7787559220302885,0.17899653894030665,0.3799161823477186,0.098126051293975,0.39754569283428987,0.7064397713308517,0.2174741769117493,0.5106040784557261],[0.08109787340855307,0.8130024921219094,0.7470039906653837,0.495747813019006,0.6499189465761573,0.13832874013853008,0.768428071937765,0.6579723014110057,0.15197228721631842,0.8835858923509609,0.06915087757547968,0.5842342332038576,0.1959917472296942,0.6613690018366063,0.10984531587346213,0.1189357504166487,0.4463479794786624,0.8949080455916261,0.28503880380505353,0.5706489366430443],[0.4908092132181001,0.7658016682028719,0.29530116654938615,0.5217027236047633,0.8580299878394038,0.3326979370856489,0.42349474411365384,0.8054913173281207,0.33262402864928914,0.3735726999387432,0.3085009875460435,0.738101669026312,0.8408289248721129,0.5864340485668699,0.5800856115707047,0.3815030767561988,0.060611187135772175,0.1978469590000373,0.1753226014016993,0.14849970239108123]]}