{"n_weapons":10,"n_targets":20,"target_values":[11,15,70,60,59,18,62,61,87,45,41,17,61,68,35,76,95,25,62,73],"kill_prob":[[0.20219041677557298,0.16678698191798502,0.1752587765460339,0.5592166986111847,0.7119721869076128,0.5573596462527416,0.7379487350655083,0.5527557399098139,0.7277230602462138,0.8800441259633056,0.3823158367729909,0.17745085038786051,0.165087289949214,0.5578559571581084,0.5150376059770406,0.20660007176072614,0.7997892182675225,0.8632361131860602,0.2652332966378064,0.22585049126590695],[0.23183357446141517,0.3793083002376555,0.7752430990041044,0.5565665184499502,0.10742041697276944,0.4520322223962571,0.1267819305738787,0.3952819969071741,0.39299212095781944,0.6010997658531988,0.5170358719186359,0.7935415649882231,0.0638339052656515,0.7078989987804517,0.06925958981246548,0.30864635420491104,0.797713667452629,0.6368520459255534,0.19619717661122182,0.4671668624951515],[0.663618553831288,0.8467418231386,0.5891730193354732,0.0709740997179882,0.474746580741841,0.18001739329520355,0.09061261790368313,0.5587340394793466,0.7103836171338608,0.08065147217194366,0.7160508803206915,0.6504296978397824,0.6891888549431072,0.2580191168083454,0.3845561371694147,0.1517882031261361,0.2530573076992965,0.3073712207558155,0.3215211436062682,0.19878390488229003],[0.21040502836047187,0.8162498398233361,0.716309572593265,0.34280604796772174,0.8554970085588166,0.2530843058734753,0.39579738543254306,0.741496514719385,0.4264534146730826,0.24943152447192407,0.3632551474782651,0.4756129115184793,0.5775477261112868,0.39476552464429476,0.4166086814519781,0.27435207088121144,0.5050452036548,0.2365377987041144,0.7873972853918645,0.6852620097263563],[0.39873714015205647,0.6851436699779206,0.05594655053796707,0.34281583924603704,0.42425597592477027,0.44932873141384266,0.6864217560537881,0.8683863134274568,0.3729975608763826,0.3480098720986935,0.5689379425933367,0.28906557206284206,0.17014778374291084,0.8673097399183689,0.7381004632876688,0.8647246200705087,0.23515794688132913,0.06513783272422,0.42167233937739046,0.8435676185428441],[0.16757653804099507,0.14960769440940863,0.10860986660896575,0.7002652990921786,0.7180375537585081,0.6410696473139444,0.09529806835398569,0.6647950854429232,0.43133448719243406,0.18421025864611423,0.30085710891191175,0.4759748139430168,0.33020375142922886,0.8742868427303535,0.4535304804511194,0.36632793371432204,0.6221906146228312,0.6029632983275276,0.052073388344477306,0.5757026435556315],[0.2572036285536786,0.36894859534973334,0.6503965571246176,0.5237782878590914,0.36335687253183235,0.19229879906155545,0.4796598591605902,0.3214611199811227,0.8259886371468639,0.504194644245693,0.7860693950448506,0.3816538742109846,0.7533215892197664,0.09805636684626684,0.30340117173281267,0.11644954308799448,0.07690265360764283,0.8310329085246511,0.6593384327397279,0.5813435547982001],[0.502618888000058,0.5341209307843157,0.5928868241784855,0.7525928255290878,0.5573552724261991,0.68629364864425,0.28883134405527466,0.8802474771440013,0.07711262717147459,0.37859010598571813,0.7997421187781484,0.20344451828326165,0.17013737899360926,0.36061615186492646,0.4139654954393034,0.8433849515624686,0.7607016045024979,0.444476192036937,0.8770288357493625,0.5959366435352047],[0.7926099221846076,0.2591484334138016,0.46561946315498537,0.0752596313529683,0.05754816427648152,0.6496352377985448,0.1505495790957606,0.515637001544195,0.641606359878517,0.07739939829519338,0.4314301892738297,0.6315291464379639,0.8062713396766226,0.30434558551140795,0.8780840502316808,0.7678602747107428,0.6030398112695762,0.38313668115921146,0.6544438197695738,0.7437642787098004],[0.30780489365357366,0.8939055551709749,0.8223264642914432,0.46267622429148425,0.664405428409086,0.49540756042596457,0.6967909693674723,0.7529348732962842,0.06973917188348615,0.11726222524555187,0.33599730349521795,0.8299715877374971,0.3885325456718812,0.8043853829216356,0.44306882573698997,0.29552498226483737,0.8155484056031209,0.5265701535808759,0.3564116507755351,0.08774595308364427]]}