{"n_weapons":10,"n_targets":20,"target_values":[37,87,85,59,20,50,49,27,46,23,73,49,76,51,74,76,24,50,78,63],"kill_prob":[[0.7576407454648092,0.8943344911839606,0.32414651787859006,0.8166612941691135,0.7351432410755591,0.10780568677162013,0.33403509122580755,0.23618651585922584,0.6147266315595483,0.522004265785035,0.4706233947011206,0.6990291992364409,0.3333123914401859,0.37533945122027573,0.7857888559916318,0.8763772328710057,0.7099037396526574,0.2345103285606423,0.14575388733927022,0.22782437560093172],[0.40934716026946194,0.2511924735854925,0.81588497586121,0.6201144665023242,0.404219858065562,0.28273997293232667,0.3735618543698197,0.45464300606172064,0.6567489993493694,0.12594032449454706,0.7715079988206038,0.158426026460653,0.27308256967657224,0.8945514114066963,0.21167733893761348,0.1359708596183938,0.5926445066309786,0.38415971787354114,0.1280601191282324,0.05318106409668828],[0.11728733992425613,0.49432524195612065,0.2462590033613009,0.7109193141711074,0.7788823381109815,0.1731080650580002,0.3364668901242996,0.17458800664796786,0.29368879804465514,0.2533237559379856,0.7188351657966086,0.34365772631195624,0.47123007893254987,0.6228108396520343,0.7489181517793587,0.306027726774084,0.22783756754841628,0.8816853676924875,0.3221254129503724,0.6204078843037442],[0.6261648845761336,0.4869250287596098,0.24418032866187345,0.1702388078110498,0.4639637231772664,0.4842901062046704,0.707361743258578,0.6533584273593646,0.8252350870104868,0.8752314776044868,0.6686736272696097,0.1150345615057154,0.3943505628345372,0.5674820143645806,0.5516658107324639,0.20422721795600846,0.5455030200332407,0.34722843169922746,0.33808781811715855,0.7589059545060508],[0.408643184867987,0.4982865609547847,0.528441931879307,0.5285472628738738,0.23115328671586627,0.559535358676656,0.3344300676025016,0.6067672504067442,0.17384295912086803,0.8949982554386191,0.7062367977353863,0.4046637184616613,0.30614907323464047,0.37963172959516894,0.6630270318577937,0.6070966296468805,0.6467786352004994,0.8056493161338084,0.4378509423638479,0.6190929761805151],[0.425281761715888,0.592383366401895,0.45360009141850505,0.7101640832372091,0.05447110479117309,0.23335431242131455,0.30197198138875786,0.8535853303134489,0.48098928102188016,0.35969909799842004,0.39366529827162106,0.43404894091765583,0.7876558315968754,0.8679854858281172,0.767539943779196,0.7654082489061063,0.219162844312142,0.278376360997917,0.5566418034743843,0.6077168014251143],[0.22229956742916912,0.6843395918345397,0.21996901998164875,0.2735590496010021,0.310776207284369,0.7690927040167695,0.6722713123402508,0.5010826203655542,0.7467869034146609,0.740989010235535,0.38135813155641485,0.7142216943643069,0.22530635620140887,0.4777445224621829,0.1505054708303698,0.4127753127525693,0.492310904302112,0.11793060422865972,0.4432208474719874,0.6039199615161132],[0.5719749995330272,0.09620080470739845,0.13103873302197092,0.34865280906186985,0.7662828644786899,0.7892926451922582,0.3131709392517371,0.661058272455238,0.5407820034988967,0.8859089199455177,0.13044732544623794,0.5156986309042166,0.5536570015405657,0.31151828530844866,0.08991026036775017,0.09428885533465212,0.43557534607054244,0.6386027210273313,0.6451494179326583,0.20382437226355055],[0.7792763198549184,0.3705880620742832,0.8697127166765551,0.1504356892617913,0.7609864938401596,0.8220874302586306,0.7492741972221717,0.7375149700197314,0.35711351309420325,0.6563416407128271,0.5424445811096054,0.41080726171653564,0.8941449416456279,0.2968865104233519,0.40117241885961646,0.8174318817373998,0.295657037231833,0.1797789708092571,0.3134997872190623,0.6954149255365224],[0.7808759082469261,0.14727823947900692,0.5784557789136027,0.5321938697555315,0.6184781176863604,0.6203979154577766,0.8655473497265491,0.34454982716272836,0.3048018834754119,0.5440414929485514,0.41500569035286244,0.4526911314656915,0.10888544447881887,0.17600585041055405,0.8450686961039326,0.10804773391960348,0.5516237537785278,0.6913887746652067,0.060083999174703376,0.2393359257433771]]}