{"n_weapons":10,"n_targets":20,"target_values":[92,20,29,22,74,43,74,65,11,37,10,15,53,34,18,47,51,100,70,45],"kill_prob":[[0.12581610593532738,0.5439475923028434,0.8316940617323463,0.7186913440324876,0.7607855628091511,0.8389970266869808,0.5910619778777073,0.8956843210554739,0.07828933439770319,0.7596137247220279,0.7784590690939225,0.8291953321476703,0.4564440389904717,0.71959253507751,0.2158183392530028,0.5626606914014822,0.35484837950894216,0.5567476030626792,0.6242264310845553,0.345008366734252],[0.2338025544074412,0.3234347225304345,0.6143636583413262,0.625343098621889,0.6801193956204841,0.15755611728680008,0.7457397817162924,0.6349256313098122,0.0759293151870433,0.33525817201979313,0.4467045675205055,0.35652486682879253,0.14980435497715117,0.22624434182925596,0.07087718567361266,0.1291155871496784,0.27635510006586306,0.746974725790371,0.4976418834466202,0.4108232070874401],[0.6128385023647667,0.5102839762762544,0.1617868377422823,0.23922985925056112,0.23914400684201648,0.5599596357204909,0.44238071126094447,0.3794473031767256,0.5231432969495198,0.8745984179151737,0.31706443764749526,0.4921661185884897,0.4583145132974983,0.6591465769839681,0.6707467277854787,0.6697101132010844,0.22129164294793308,0.43172916590700955,0.739498487374767,0.3743006449595472],[0.8866168496964396,0.3600687305233693,0.47301680324067297,0.4533467555821648,0.4186142320988561,0.7687866630716784,0.18198395191581151,0.5325150004518856,0.5758113407521102,0.7735381118589651,0.5678201359371922,0.8660172956196136,0.7913425554217897,0.3464289560998217,0.7809204784972094,0.8647061419794373,0.2686176037858984,0.5686774856647472,0.2895333254908152,0.6021321872198849],[0.1295963838649686,0.6740598185886989,0.4068468543060414,0.5492111018749712,0.07198304214497342,0.6411252369287791,0.4715926510149569,0.5814633565346657,0.3183177765197479,0.17394714740820225,0.4201146006967207,0.8523822530934089,0.24362492265573454,0.624463160229964,0.09236701242936018,0.6603848174768892,0.2526716087812691,0.4337895011949326,0.3625901355055579,0.14591429181975216],[0.34374465963500933,0.3476062145492077,0.4937897931752888,0.8764988029989893,0.4495148941340358,0.8272622322877388,0.44232400977817204,0.14141180574369855,0.24562996098454914,0.39639002464896017,0.326563457024657,0.7859548944026179,0.6268487618670687,0.5415621841308724,0.46754511855118697,0.3876800255457068,0.5703635738572097,0.15591609062772385,0.1881532099843698,0.30764890038719495],[0.19550692399191327,0.6255339111710942,0.0710530731953085,0.18615086791673757,0.8172168930739828,0.8979116759887739,0.4644519061538791,0.4710645620684945,0.7073889479018225,0.08076114097748881,0.4129682596158314,0.13485369954271587,0.390787425258013,0.8862485649595436,0.6905882886828569,0.8872889943324352,0.6841413318200115,0.5668935610356002,0.6910877079881569,0.610227922025337],[0.4444561254166221,0.2986643839044285,0.49215135043420166,0.26971945281621595,0.4636748944758235,0.1742150950329231,0.5305858341245346,0.25849113719028904,0.29956688835033424,0.47417392051503016,0.18814731506834365,0.8680229010905313,0.42990266808394473,0.3494373451827384,0.07481711432869378,0.766766208645398,0.5819588280104268,0.40394438161510265,0.25870287943770437,0.6833668058740774],[0.8536533893804171,0.37368824980421717,0.16464465812234658,0.14281553518182677,0.05540767648380303,0.6823621246559637,0.88418607801642,0.893895089840533,0.7165676661914867,0.18785621155163706,0.8810530375261533,0.3286414265516583,0.3335766680686621,0.6342364099585731,0.09169180901328368,0.7519042704214254,0.8977026850145824,0.7088093113764298,0.7144250175262332,0.3817666199815683],[0.10603318066330839,0.7237673190992598,0.5575843738690804,0.8229378857537717,0.14856846514180766,0.30935460362999206,0.35655773066487845,0.6307877522629878,0.7195833886376818,0.8668673472967573,0.3010960845755312,0.46959094727961015,0.07461679056910364,0.2650396963925547,0.3679029819016943,0.554735275546631,0.4502186695592979,0.3598038008104477,0.5804662715499403,0.7543233255494504]]}