{"n_weapons":10,"n_targets":20,"target_values":[13,59,47,81,30,24,18,47,54,93,52,25,73,15,41,69,33,64,51,96],"kill_prob":[[0.8204981578966445,0.6870158316874854,0.06628365219651436,0.4583289231455761,0.811686646056483,0.4186034248973057,0.8678238616710455,0.6046147835473852,0.14303855841137503,0.48288126390868097,0.6412745652983755,0.10556362640367759,0.34295210226015227,0.6595189035958884,0.18351065796097898,0.3460889135299442,0.6364237740971489,0.7092097665844967,0.49073502475160746,0.8633288985450083],[0.836531229979147,0.45242149582161734,0.18623324859462403,0.7069918293013647,0.2566686390841724,0.7663981134992393,0.5490726899818336,0.3849790554380846,0.5229258547951625,0.5028874531892381,0.8360229190149301,0.23220859229732843,0.838934684668925,0.07663988524087717,0.7038227893031151,0.8317179111048304,0.3849443623385501,0.11210710894597717,0.7339674017696536,0.7664351273379748],[0.3358187797901855,0.4908042928330202,0.7380487078086271,0.21323653066260162,0.5846293929325795,0.4160360605884462,0.19825338941612403,0.7567241761633157,0.32597870736993767,0.8442621983067639,0.5335937893468317,0.4873334841770276,0.4098100525864552,0.3905702563778596,0.7452713336115384,0.6258757220632071,0.7076366114549091,0.40792153566952727,0.27222164099732515,0.12383543574895467],[0.7101575914864381,0.4029849659400485,0.48284005328218055,0.44894174991748853,0.4164671779138541,0.6313146405076723,0.5674239983948173,0.8762457288476597,0.16806832150184692,0.5374914162478093,0.10375413889196688,0.73673065590197,0.5738646332634292,0.4141219935936572,0.7319003064473542,0.4367522172178415,0.24361818101643012,0.4516256469437863,0.1102070271417383,0.8131819431934794],[0.671314618524292,0.6962684182827735,0.793319308415676,0.7228367004928211,0.4170747017154238,0.15084094129663217,0.3673600629838098,0.843972007222764,0.8567269175466727,0.7026902356952263,0.2237659956106794,0.2152823796945365,0.7978057842486124,0.17062853455945604,0.5465168557326159,0.3715139299372076,0.306709356767,0.6257747218254335,0.8656337151541471,0.7109886775042538],[0.46323820413632083,0.4246047819718839,0.8215145600740288,0.5413910337026909,0.4721431696062659,0.6304104891017096,0.2515807445600975,0.10417516443864773,0.7768447244125425,0.5661724455945384,0.19014553604130852,0.30334073752563506,0.8914434857011012,0.5892600875941071,0.5906953198220541,0.11133911372741373,0.873642974107342,0.8088654561249126,0.5156150759237375,0.3129805789832425],[0.6433469441281779,0.7583682353010888,0.7182031983497655,0.880490266240697,0.5913270888669012,0.32304161682503546,0.47323847110825357,0.743869592758024,0.2755411991330708,0.2466970167023927,0.6661093932775002,0.4277633125380991,0.7440848359112643,0.17213104823514058,0.3353419936769957,0.277884920601586,0.6431879258563326,0.6954298313276521,0.4376022915035728,0.45632496993909527],[0.16222710037076005,0.6465538797410946,0.8934699885593603,0.711233564707038,0.23964547470948389,0.5796543286551002,0.300713289064615,0.07565006997884052,0.20284942730745853,0.13720453642426517,0.21654267053296505,0.726263758231653,0.29890731392586695,0.6934839583033451,0.8565331716163552,0.5381321478076084,0.4625976007085464,0.6876080992517242,0.1325266189091265,0.41398027436215235],[0.47400090569225156,0.756393613838621,0.7420850111966045,0.771025555872484,0.6431919886875466,0.500972436107112,0.7536974231418748,0.7922900529669792,0.45841190375999163,0.8878126217054559,0.7935954062323018,0.4838992156081967,0.10889445604504042,0.24081824324111184,0.7099387924698422,0.14448111844888203,0.4493300563713737,0.5641243632890184,0.796594804114938,0.770046783459458],[0.6996362329007729,0.39654010621951913,0.1709118661909525,0.6192019131241707,0.20409532911520178,0.5271173108973234,0.8835764550938427,0.5177633094361834,0.5987233371713804,0.6259391511287478,0.7558301040241792,0.41973357639099146,0.472883415894623,0.19957621183590146,0.5724779045768768,0.3013943053757308,0.4814810365553946,0.7015736144834132,0.06493441897968862,0.5293281975967172]]}