{"n_weapons":10,"n_targets":20,"target_values":[18,14,63,48,82,13,48,23,13,52,76,24,86,57,53,93,39,28,81,19],"kill_prob":[[0.7514850776855092,0.4412293703016919,0.8002194340175172,0.31020480046557913,0.5834022044090262,0.8348165211564147,0.19594142953072002,0.7306192754095928,0.5867892373683582,0.7410047329329954,0.19508934321014193,0.4189734997864604,0.15951164420540975,0.8660697917875599,0.1032879645161143,0.10566088829523004,0.8134327633544469,0.3056478259170237,0.5574670279200776,0.29435419957121073],[0.6014446192834019,0.21359896387952315,0.4400390393437489,0.5034683485633353,0.33359645674406047,0.26394551957860923,0.16917566752053428,0.6502226858617319,0.19304030859525972,0.298307432509923,0.3363724499240398,0.43621177743271955,0.6471833946175569,0.4137533644556496,0.7904295782201609,0.6278177996271569,0.762713708710653,0.6589008671312996,0.17633702986153466,0.8812382065844767],[0.7185983259031108,0.5368135033389106,0.19044629962740722,0.1967785512921283,0.5721814986311204,0.40376756305170963,0.6244805754378739,0.3665635661647472,0.48591839573810564,0.20976433226936775,0.1819209726497526,0.11429804914371701,0.7466934091637695,0.5220783138427121,0.855069883920663,0.6870633391554288,0.7034486862120699,0.48269966906746314,0.743135846046803,0.8507539285167444],[0.663479214485122,0.13975059975395113,0.6033668803654804,0.15236823040492814,0.11563905905586766,0.6389653443485473,0.7595676171354327,0.18501526711996158,0.11302631677113802,0.8035444600632373,0.16237793644223858,0.07982317968217659,0.6628962134515156,0.7705582209810415,0.48730234024459235,0.5089364574797197,0.3363314358182718,0.25269371903629767,0.6919472596492482,0.7718917469028862],[0.3230580444404172,0.28274630714430365,0.2776229616132926,0.0930061053190027,0.28891377111432387,0.07180327942365426,0.7201464790981169,0.267537804676316,0.6366319109486591,0.5117101277094728,0.7618440854806189,0.8663219184234685,0.36219787200979026,0.1250896969061916,0.6871988997280344,0.06810697726930587,0.23951883431330934,0.09526306820216776,0.8134261158768431,0.05450251944633644],[0.468830840262947,0.4103992580851331,0.6048329648659186,0.29628247528386237,0.7926410903990396,0.6741938803441844,0.4174502620933979,0.3543223120856601,0.7435050103729468,0.6935012537554052,0.38915004932044034,0.3401660832186081,0.08305479121316083,0.11945115862412378,0.0958306872210995,0.0707531633958228,0.1799415248196638,0.7785705450284887,0.7284354141424854,0.7687377706539675],[0.5802303072116511,0.5804536360545696,0.15534198457006415,0.6441205505960288,0.288022449239902,0.4913653303182709,0.8615142132307289,0.7900230851706632,0.2482144812014233,0.6761530233452494,0.13847713746532941,0.0727311128824277,0.07394813356458116,0.19470951158531052,0.6407061417797241,0.35881000943931585,0.06355107312168802,0.8898192366703156,0.5033716427471941,0.3847981828446199],[0.49102241079150666,0.4919752733797674,0.4497010905290446,0.5710065687952252,0.8027826268880606,0.30645663826552355,0.46392332941906783,0.05309739676725339,0.7808421391204722,0.3100183055761488,0.28060236357911356,0.8979065938293794,0.5467339979334097,0.15458675921984172,0.27569622440953534,0.35024260002636465,0.8881510406900559,0.41602842622762926,0.24561389004888773,0.5342713223008946],[0.39404570934845884,0.09671632992058987,0.7817816705861766,0.06333439819080833,0.8137110903836552,0.723079898061532,0.11444972862104945,0.6650694161410958,0.7053004298184211,0.5619610124143819,0.5410201801327048,0.09223397231077796,0.10057191604936518,0.6681953523603423,0.13973040208107335,0.2555674856005059,0.4740111047498549,0.18953912257077932,0.7213636264675217,0.7362713202122254],[0.7658217295717582,0.09213290265849922,0.41369218704858074,0.7698800218071855,0.35873648176069406,0.6414473215745691,0.5508590185615081,0.3451273242011018,0.28494410472686016,0.6048316282844958,0.16358051645246244,0.7811041412245948,0.539976924918598,0.1447779793569633,0.6479984984143591,0.4164456674000561,0.22346920305869933,0.8669088989861362,0.6617006172622618,0.5540445798287967]]}