{"n_weapons":10,"n_targets":20,"target_values":[45,89,41,12,20,34,26,24,44,98,28,31,100,28,85,66,94,60,64,30],"kill_prob":[[0.6198101348566559,0.13245612960048578,0.06646370612625835,0.1200525721003948,0.3601379920794067,0.8787638786935948,0.5151599489879594,0.6915171875631471,0.3232713893968254,0.6614382056608298,0.8712540184040038,0.3540967567397453,0.8992005195247713,0.5926484583769162,0.6863027005950153,0.26434215302092745,0.5966271538006555,0.4843553137430293,0.8629422486558207,0.8189737906210882],[0.3871717090863156,0.8548392888074984,0.8020906698375083,0.5518262728137684,0.11980022247110925,0.18667170456060705,0.11534310797273019,0.14179414745170188,0.8804095182341161,0.23034220433372943,0.6372263949895636,0.5910490190303542,0.5864731351250533,0.22569839965662536,0.5424446052269182,0.5817075971472089,0.5348445191483444,0.20823809718432684,0.6646015075135027,0.11225668762903437],[0.5525200100466786,0.4208204325411163,0.2627436041631126,0.736280640672218,0.19950868167135632,0.8430344959132583,0.801880274073009,0.3564994150877705,0.3093799912298043,0.16686368090606682,0.8288786435438625,0.5834020799997812,0.07701604482189268,0.48434950237736885,0.12292910565497887,0.5376880822099155,0.4826174605726906,0.12041913867731371,0.743481504149257,0.272969600591336],[0.5102617095416941,0.5931830451359542,0.8679588535388916,0.46973993894786903,0.829718406444735,0.351628740145544,0.7788216214024957,0.25045229290870424,0.6513577980701052,0.12532019469174704,0.8881428031811104,0.8608459398830128,0.42588159273977105,0.49534493529171547,0.5581086329703189,0.2837819257362195,0.6233007199243883,0.6437776546138386,0.4963150184764843,0.17557958861243506],[0.8313080523078601,0.14778831999377298,0.5847963434039347,0.13762530711829185,0.17418560276298423,0.06745756692450465,0.3588594712782456,0.5936451797587322,0.4933125867729412,0.623358278561213,0.62376603174031,0.16914768239510286,0.09873679290845823,0.5815544193694694,0.6052406592289563,0.5231981748704488,0.25889809637546013,0.7391504344349158,0.11433311317181852,0.5874650209231554],[0.15234980549746632,0.6062805589682452,0.405066919649972,0.6603875971220207,0.09436337210539447,0.5218205402083128,0.17314621404806768,0.6300243868689027,0.15196228661493005,0.11254582450913694,0.6561543784560707,0.10400214438303998,0.24085119524178866,0.7510249175568213,0.7382350616369924,0.7760068941136596,0.32718490615040663,0.49884082443767785,0.7073452497152292,0.16643768775941842],[0.6657322473333606,0.1328633969854564,0.8262630173328376,0.591713655134882,0.4693095157862925,0.46201986646708953,0.20415774066817383,0.3440297665864556,0.6680551155195767,0.5098020777262302,0.4999102734852234,0.2159590103637425,0.6368079651606314,0.3832288159021477,0.205340337672754,0.8522170388568798,0.48077893483576434,0.4988311503855106,0.8841661236825852,0.3614452165949194],[0.8515675818780821,0.640686556965158,0.5881312878330799,0.2492555566511085,0.09399232152962159,0.42211626254236795,0.05864531769636633,0.11035213415482592,0.5560277423402171,0.6658010581120734,0.1927560821356354,0.6726253507727078,0.8572669526055391,0.6816996686172672,0.7170079366387779,0.645605693228116,0.2410268243865385,0.3567564508324606,0.8568769183543447,0.6120289921246009],[0.7206710238439614,0.8733904260179758,0.24672138243576586,0.32343366722757044,0.5980814049093247,0.07070385271640622,0.5355362157336498,0.737385122587324,0.5688768677505064,0.30108429131169423,0.6654884708356524,0.17412688097795373,0.8105574488867393,0.1357777763843871,0.7839674636980696,0.4731380135757976,0.4143499529646315,0.4755624964891166,0.220175357628983,0.43903274262499153],[0.7722618435138597,0.7308119558859791,0.1885912543176299,0.6224078314097026,0.7783116752206115,0.7468024503259879,0.4117875768026042,0.09087891429419845,0.8414940095276868,0.38650234847085263,0.3568301416678922,0.695587702806991,0.27437638316821916,0.7595357346921982,0.11464382669641829,0.6796045206087793,0.8709210668753019,0.8964034773430475,0.8352337060545414,0.790148044595363]]}