{"n_weapons":10,"n_targets":20,"target_values":[17,95,26,64,21,27,68,71,72,41,84,14,87,37,66,92,33,47,85,88],"kill_prob":[[0.48236044199437283,0.48943129061566,0.05443387290516019,0.5915384622956263,0.1416417682758572,0.45693615247974617,0.2712693273093841,0.3835255209549176,0.5065157523167807,0.06229449741167691,0.2918960457808794,0.8911701441480852,0.09878925694747567,0.3214844649337631,0.323208253719951,0.3724780327928482,0.6320637806759936,0.2605822288805199,0.4412289425156449,0.5981340318245818],[0.3239737495793003,0.8564566934277664,0.8827217397012791,0.15172253253438447,0.3422469017406886,0.226776259335504,0.20877115622354786,0.4673328625875376,0.5292530419146471,0.4118042345079593,0.2816716421327566,0.2868283381155937,0.8933089328896212,0.835125767891713,0.1145140148409536,0.6080680541967068,0.43834596636211764,0.6354919826192877,0.5574165997094704,0.8058645400700548],[0.10694006714550126,0.34715822524904966,0.887670006909247,0.20494254664202427,0.15823342358065012,0.6696262051004892,0.710819886014844,0.6214325155234612,0.7097664544459366,0.6396633362791964,0.16540507994580025,0.5669886128567311,0.7103451801756027,0.7856891153757977,0.2592999562811515,0.15831614679775777,0.7139268770451928,0.26806609328031555,0.07714005657275423,0.7514315291019086],[0.480092463739231,0.3276381625641586,0.059714739446816795,0.08002832800175554,0.7237297799762505,0.46625000222013474,0.17726374190199112,0.35472978316166537,0.19050937540689444,0.14594932020332863,0.28486164757302207,0.5170822653430378,0.22850561664039287,0.342120419092052,0.4562412513629907,0.4070252783056791,0.1593336292530962,0.08303579020550494,0.08013991790659808,0.3476521653236872],[0.6609817667567244,0.16156700391988005,0.7189330989097618,0.6583231629167613,0.053351967252769514,0.07273569203456834,0.2157782332073439,0.09770277439299728,0.50164163947976,0.08368317223965341,0.732248962296088,0.4690177586039389,0.668761211671606,0.688097168295465,0.48074934871969777,0.8365584448154463,0.8917046577770119,0.355332483112364,0.1569845192118485,0.3587524518506868],[0.23985081246212958,0.5013548170024876,0.3716294610645412,0.4583820021437722,0.6987094396646013,0.28291782836057433,0.5068535159437666,0.3348870619293851,0.7172167345025622,0.5936061375465419,0.05722902093401913,0.6110436399394357,0.19463770685659498,0.6658027216725834,0.5322378668186394,0.3912602760646985,0.6399564648261697,0.7781042929884632,0.7119321567827622,0.5135723850861215],[0.6642901722206003,0.40182737123384055,0.7206722033286594,0.7546941078793954,0.1666997613449389,0.25232665565485435,0.27949042674678465,0.19116946113477784,0.38365475586280756,0.21407822973217044,0.5562084142876181,0.13637312646297353,0.2794312800727429,0.6156925490544033,0.3887633546633468,0.4082433305753965,0.7282364650146309,0.8868348202973385,0.530307615766081,0.1172070957440666],[0.13746752809009055,0.8732256137250036,0.6273496758362008,0.6895987505837464,0.6243991940327103,0.20267496144088026,0.4311078367010477,0.7283683719764609,0.7864085185007623,0.25173518753441626,0.5565675222087475,0.18353661732768534,0.8645353421534888,0.26437364564361443,0.6676398593133122,0.24644600259282617,0.5736458514467604,0.6103746609692581,0.3291638879365398,0.7460087856121436],[0.802565263510333,0.7768094407158957,0.3311784865450097,0.682689220160756,0.5255671416388406,0.5537340758182099,0.4558113224696925,0.5602219757735409,0.16530603433038749,0.397520148149837,0.20102099768975407,0.2880897013257119,0.1586423555338137,0.23062126443871706,0.7146398674195585,0.5173609928510197,0.07009665073539975,0.7202458112317983,0.823048136540067,0.798364884415242],[0.7495643504423235,0.8933839763807964,0.548441662207243,0.8681994842376691,0.8565175976262134,0.3162529209279234,0.7839186926474903,0.7236017657249606,0.7094289607909228,0.8118386555981337,0.37656150843226155,0.39004672100427457,0.594044462823091,0.6771338571421908,0.7977765372589724,0.7944685225603896,0.6631386807283209,0.8633588611482943,0.2018343261043059,0.8577888701030734]]}