{"n_weapons":10,"n_targets":20,"target_values":[69,70,81,19,25,23,59,67,20,89,37,70,78,13,88,98,97,22,45,31],"kill_prob":[[0.8787221896190156,0.7053780471553687,0.8460901783217306,0.7356267388868253,0.6039743037527201,0.2918700490335551,0.32784922544459655,0.8551804120877143,0.7815317737322979,0.35556688117597746,0.3672773049775982,0.303040231734502,0.32721062123125333,0.7815673463454679,0.05893082810136982,0.420644727943096,0.8514137267487217,0.5112409019053875,0.43287892162231795,0.31551433399464984],[0.11282573538261825,0.24081350632338594,0.12688964844634057,0.157694515258114,0.18898906250732933,0.30672501727163665,0.05936417799620514,0.8576223027542605,0.15524622877542837,0.375676541505649,0.7975984257575636,0.1405827746621479,0.46106361399100265,0.7680660579101865,0.5234182304290191,0.22879205610934605,0.6751831017006942,0.6291399034373817,0.35785802056488564,0.08935088734416888],[0.05668498641167982,0.7515839506580959,0.32332375732520824,0.16710441381501892,0.4907685422385348,0.8327083013663266,0.05720873484403806,0.0977220095749523,0.4044881926973115,0.6245710207418039,0.45468538995199265,0.812916172695594,0.08747187220685643,0.339119739197182,0.3486457059804126,0.3391081420883904,0.464533025304882,0.7219904884154189,0.3202002239423947,0.6828107256373722],[0.17449565058721067,0.5266161272888578,0.3688248218157133,0.508329181951235,0.141587287816412,0.8604434197467723,0.8202819992815112,0.7524368586470346,0.8088653998798441,0.1746846896542632,0.478163507066716,0.32022278494304485,0.8042780501085348,0.2110220301245465,0.23695355187067646,0.6337072879017592,0.12556471022451793,0.6725121003791439,0.277908195067004,0.6117950604770753],[0.7920821184065614,0.568169667249742,0.23078117329319264,0.09179069670833412,0.087921875940806,0.12549009971190672,0.5428452255992585,0.3459851759345535,0.2566409307865134,0.23641057412761252,0.8562943021176342,0.15099408950826324,0.3090922491567565,0.45075567271631417,0.050382097163117104,0.8328102093543659,0.13423380214608827,0.6301000105832466,0.584535655588115,0.7377042768390266],[0.6036795709778296,0.7039793046335826,0.4080613174702484,0.46539882036887975,0.6464127868397564,0.5331627128967934,0.4848077677267119,0.22472464514636692,0.2693920216854191,0.3547226549004845,0.05789172760997771,0.4047589321432014,0.05235320439932589,0.5302631205331362,0.6484244536264966,0.5278263368728574,0.6394919772241445,0.05001119327277636,0.10052567729166312,0.643693074744222],[0.732465125763255,0.6600463352559853,0.6135604061705189,0.6512752642398261,0.6786514369267409,0.6657208736124339,0.6773072060350889,0.1129167513029037,0.10378081877043101,0.3569519517450231,0.49845720736647625,0.6982261958334686,0.33450164597236065,0.2838495151385896,0.7142310619007501,0.2619363237358957,0.7477151702922938,0.2005635172620328,0.35555249444160525,0.39091426801243173],[0.3045838802114964,0.05285337680396075,0.2501828691480607,0.3370055250470426,0.3165811603476633,0.717722172005626,0.09026259815600207,0.38060639470695456,0.08188813724252506,0.841050431209658,0.7216780214764319,0.8848373593523114,0.8236364519416157,0.3184408562986717,0.6378459004809933,0.3105709743566471,0.8049795097401804,0.3991399394722402,0.3695044106185973,0.8269584325983335],[0.7612292444768762,0.8714515203596563,0.10651487273827984,0.2568380463330309,0.3057290856869888,0.41069925181154776,0.4521605390562556,0.2977515638567273,0.7218828596732743,0.239757522812298,0.6420397163042462,0.7740030682532828,0.5631435032856484,0.3510350870088977,0.20970755586715362,0.1641942652431416,0.6825485282767024,0.44876219794598854,0.0893716184922625,0.8862635809012273],[0.6206077055406416,0.7675551687129306,0.42246037061945974,0.8621228276868211,0.21959626778550817,0.20736570449799369,0.8067845245548051,0.807959504404869,0.47416656267418583,0.15691840205088184,0.3094339894727811,0.6910294873292976,0.7690931218011079,0.3455065355830945,0.10204862954433766,0.6158676793368635,0.6785724852225495,0.41041247448413865,0.545632969875189,0.8892657728954708]]}