{"n_weapons":10,"n_targets":20,"target_values":[10,25,48,35,74,13,90,25,50,99,70,100,11,75,16,65,39,80,21,91],"kill_prob":[[0.4914093006305969,0.07999139950504604,0.6529864474930448,0.8869121267615592,0.2693450125761671,0.44394573064193493,0.35708324089358895,0.3818973700953838,0.6631899947940534,0.37164373129264255,0.8499215066399177,0.7212096856990263,0.07349997132454085,0.7457665497286661,0.7069288090728598,0.4890196691240485,0.4722947872344515,0.7601978679469104,0.41106749578857965,0.18554299179930367],[0.3159640079216777,0.27542204285386596,0.6289001752037328,0.20204234753471845,0.598056570967886,0.4460719051741976,0.7637117900000145,0.4622489317348477,0.8403333443839756,0.8153987587027496,0.2074944422384194,0.6332413994991011,0.23243103675265891,0.7498086602958891,0.5903646813560838,0.30000004013940346,0.2617550841259805,0.4151410067886155,0.7306145257419614,0.7267373676835339],[0.07836979172169514,0.3069441331502651,0.40942331894926,0.5477447114276067,0.17709795749249418,0.33499056744958605,0.802757467482765,0.4550653864016021,0.6825217421369235,0.4620617305218889,0.445235189940394,0.5786366963209785,0.2704598353611749,0.26233178441031246,0.8909507766578677,0.7886432079213389,0.6770916619821978,0.16657285819720327,0.07569100450705166,0.19910062856752903],[0.8470713198313921,0.7438463047116397,0.4946146106152899,0.8734635026631207,0.17459478746695584,0.5252778740051314,0.20573880743890333,0.31046431408366,0.8491147661187418,0.7880367390663809,0.13652896778599816,0.2621122347267977,0.555331349144743,0.10214986923970074,0.5175719502487217,0.5468177204249091,0.2973221041308906,0.29915453310635487,0.24471737845456015,0.8453249146666364],[0.38054046959421584,0.5474787036468068,0.3063383881154873,0.6472644037526687,0.13622508039984615,0.11089531163046437,0.6826411964946034,0.6676677645680474,0.2752511357195629,0.35178970581598507,0.8636714261328989,0.13868075074601716,0.20567500656467036,0.41553261022724824,0.28978407014719637,0.6016572663373762,0.6370114645046818,0.4974298713065809,0.5695177061923544,0.41840770721729315],[0.6963291656663911,0.08578372316932928,0.3159576361574987,0.6317655351856599,0.3301983416940751,0.11675498837650702,0.343261414196759,0.6547705560203638,0.1536871354653201,0.6659366595799063,0.7091373589039393,0.5900056327592941,0.2575989412744226,0.7345010536158022,0.23227612651169555,0.8199478093456479,0.6506488442707699,0.09651193765000077,0.7293940508624136,0.4804685093059213],[0.43475156186609365,0.40743451379371376,0.5656355564747794,0.6658917256655171,0.8115801233658766,0.2820030910051415,0.5861598319738602,0.6333912197479105,0.6235775688188587,0.4690505506155244,0.3823691659731459,0.698021994507028,0.30500833343468114,0.22684518803850667,0.5139548146961053,0.2774692290128504,0.07824818834985817,0.0938393818749596,0.6407589474288435,0.8771739690932622],[0.4364851260821637,0.175001956747024,0.7453707289499502,0.2722205124276619,0.8962824923632985,0.528774540953001,0.2477376662760855,0.4716040540956923,0.3350740810552013,0.7125511869329056,0.13994350293684743,0.7784523094776661,0.7022363601245145,0.7821592333162644,0.8107446841354151,0.24531114950161903,0.4928549361443276,0.7724338871414207,0.3707797762986948,0.1013464402762876],[0.2978892030577391,0.25563226475358924,0.7895532258857388,0.444269396997776,0.6310126018293662,0.8678012772378476,0.30430967452742314,0.6970196238982864,0.06934950329091322,0.13849874901479894,0.18758532650278636,0.3155555863416321,0.3925391328599716,0.4554635071224162,0.2585316443408879,0.10628302166861556,0.6258946280642068,0.0701121505041248,0.7380500396299161,0.8397816013785212],[0.6538135766106893,0.5565664396836072,0.6084657499293379,0.6043887396249552,0.8419493656565255,0.8696599905148723,0.4127048956219885,0.5745172997261554,0.7323859956740465,0.05088243359631689,0.49796352930355825,0.604944888845043,0.6596246322769443,0.36347099798683896,0.3012977575198534,0.20482118158272222,0.5241432166947818,0.8314079174143033,0.811581428115441,0.3559710380840385]]}