{"n_weapons":10,"n_targets":20,"target_values":[96,72,22,55,42,67,67,36,37,18,36,85,69,95,94,87,26,40,15,18],"kill_prob":[[0.28811762948669556,0.766410069438415,0.6074423314882337,0.8716901074874966,0.34127886567153787,0.518751302247896,0.7215324883924937,0.24889315132204048,0.8694764784607159,0.5535380216180427,0.056712928821705214,0.07138028428381053,0.799883613941356,0.5984892985969159,0.6986116412042828,0.7164136008133719,0.40739080981315995,0.7288195592209565,0.8469025780906574,0.19634544160417838],[0.6995159396107176,0.3116232064732303,0.32326905259577576,0.40084162338092827,0.7841615919218727,0.06874765721354179,0.4188372757887243,0.62804050213388,0.14385313954014367,0.723415557464804,0.8506172082127501,0.1272945979154318,0.18000591715624642,0.8779826412042725,0.21817729466788033,0.11709872434772381,0.8593636559365152,0.8087293033380486,0.6073666518231614,0.5187162881944203],[0.8313477918573549,0.6071920638447094,0.6096371604178095,0.76713272957166,0.6052588256985578,0.4781253539820259,0.3812632732136807,0.4776638088725546,0.4941068517241152,0.356707098950514,0.4309006476332941,0.7315911429339931,0.40403636337450466,0.07172580164011495,0.2905664235077718,0.24698058447794347,0.7245447100571731,0.43189909970103746,0.28826396157986317,0.739099151265381],[0.06633428387312021,0.19811321632153495,0.75291159648643,0.5180539685113422,0.7076023083925583,0.762449612547766,0.8506689653002587,0.10391090940783729,0.7293495318037012,0.6524512259868597,0.2259717605750753,0.8419469263891046,0.3935715982604332,0.8044689483365836,0.5643466489651866,0.49773575455981306,0.1855953438115825,0.827178480644216,0.5231626212579092,0.05517854467229483],[0.06554185990974074,0.7109877142653405,0.1876459003716312,0.5589276702839234,0.6289196676438833,0.2874607540062223,0.5339167371497006,0.2542199340907135,0.854368113262758,0.781144632896792,0.29483637277284874,0.49949231730778876,0.47553792858081984,0.866019769257563,0.3849244631562759,0.5278934214283318,0.8394006056543216,0.18838939350007444,0.5179127627865874,0.1398219823075552],[0.5748740920457255,0.36083072287895396,0.8724906622026606,0.40309780397624734,0.1657594919104508,0.7588999667891435,0.747736687709477,0.6406306766113667,0.6864900316015938,0.27500793503599585,0.5957454753593642,0.08231689052458459,0.21735662230652936,0.8424375304201237,0.6783500025202599,0.24607165984086915,0.1446756260913949,0.8565815281382263,0.14535951615111284,0.268509540840161],[0.2052388940495386,0.05634424735000277,0.3170145579833374,0.8780520408589483,0.340617809937953,0.47865914754760763,0.6840454163335142,0.5184180867673337,0.6820527813004607,0.612390487961938,0.5672785695491626,0.6022015711299834,0.7292897077665134,0.6536626855809385,0.7230086825994128,0.17375799254100163,0.6260226728039593,0.6764686254767032,0.3049714676223093,0.7933907286667901],[0.30900486280729533,0.2572573014700227,0.7870322931584346,0.25996686239896266,0.4031770930670301,0.36273440553129604,0.8133525491745316,0.4369503775447696,0.6401625933017833,0.7249330689472546,0.5837180436350998,0.8521403235761775,0.7321313998676069,0.39017563352363366,0.8581900667690308,0.49588860828063397,0.06919072450316151,0.27101128770496224,0.5784701489816766,0.18329266697577123],[0.5464578381592231,0.3573583189614003,0.504227658049533,0.051593620692264947,0.7711581514683936,0.3576366646091991,0.16913466913626007,0.42222847845431793,0.46325069946550895,0.5917923039217606,0.49587807429943775,0.08699504475700325,0.7907854737661001,0.4380325920189171,0.11543960665305758,0.7069040010498073,0.611131255965608,0.6020221068538385,0.4128769014752269,0.3989225032278401],[0.5058878409292414,0.09300525096423778,0.3041140995852327,0.8897100475280175,0.6128636157588645,0.40609404060472376,0.23900863749938506,0.6834279576151985,0.27124676325026265,0.18801458826935102,0.18133766519914418,0.6698737872900226,0.5963887161454098,0.10933518446554602,0.14778639305787214,0.5887698372505406,0.5354486865913352,0.6330992013160415,0.20133307210877266,0.667599720284592]]}