{"n_weapons":20,"n_targets":20,"target_values":[12,70,22,69,66,18,71,91,88,12,32,31,51,23,87,80,83,28,11,92],"kill_prob":[[0.6078286834283666,0.08073830392049178,0.054615359009395396,0.09390922946223909,0.5650364010005685,0.731259539230503,0.2527698975332802,0.771997516484612,0.09864714913027134,0.7308192755954248,0.8386261156464384,0.7062921392387235,0.6434026663818416,0.7622831858570757,0.08412860461500646,0.22151479411119707,0.15618512740979662,0.47885134166403853,0.6834099090795178,0.5855100678899389],[0.7734614347976448,0.18193104357492723,0.6744279281448874,0.21408526723856847,0.28014493862013023,0.6534189926891083,0.8831740671638796,0.5698120650805092,0.09632526774260125,0.573862624438403,0.08599796884314204,0.8015238546617947,0.6531415423355277,0.19715866945912774,0.12796285495056836,0.20600324454827112,0.8830231026210636,0.43977654608971634,0.7164688060901968,0.5909470907916103],[0.5365511774648417,0.17336071646529225,0.8541207855243809,0.3061412376375102,0.5413146334364108,0.6448095529007062,0.6018481819585126,0.8495052482411907,0.17617314143204932,0.4820998276799007,0.39342923212965103,0.4530434200602254,0.1513348972680829,0.16398041839185054,0.28636421391406874,0.3089989131967066,0.4137177316291475,0.569339414981134,0.5894347498055236,0.40003926209773466],[0.3974656430143925,0.23498424769241766,0.5500603111476571,0.3194847746196522,0.08065085913575915,0.40564003753333133,0.45301277382664473,0.24175393797357936,0.5365892431537983,0.5309061153671328,0.6467018539438157,0.6007562098710285,0.6045680980428768,0.3187820290504366,0.7193173886880608,0.5167727260597276,0.4167054659029066,0.5821106087998986,0.3565587342827161,0.48582835791574447],[0.6761998352098872,0.8034424537151515,0.8328986177009129,0.4780879864056343,0.4922338475294837,0.729889849149261,0.31728308798257104,0.7617750079933083,0.4700203995398099,0.14847821568497813,0.11125027501200214,0.7656942293835437,0.09723272937084622,0.28851972071360754,0.33401053442631395,0.19704527841285474,0.3168093643316908,0.6812886817163228,0.06248041702606016,0.7530974108425835],[0.7780658200383744,0.3664223372128159,0.18057096420153956,0.5607143467533188,0.1517216724851602,0.3601814569165146,0.8646648037658266,0.8961448016960916,0.7062891576513978,0.31431728343265125,0.6345152917911786,0.6495954106614108,0.37966544088910226,0.5947553393982355,0.05911849822932481,0.22769900981190522,0.496325057522172,0.1891886086195515,0.19102083769505357,0.7608586469677022],[0.8907630522810647,0.5225740138241811,0.7632092712494565,0.8917734146773317,0.1703565052834585,0.4310087712661984,0.38368680846563186,0.11804189109925727,0.6920306468755328,0.418712173224204,0.4489278940618411,0.17807202774125414,0.20378765439623792,0.8210380788327828,0.08795172562813705,0.24792444220215032,0.2982504307673491,0.4666679110413484,0.5484783970625765,0.4692964794730666],[0.12149803437334972,0.25711733594735653,0.76705012704816,0.5919503954066903,0.6017766926141332,0.6196727670486517,0.6984675661835997,0.09939220946323024,0.3616171271927205,0.5085983199724269,0.3376880108027271,0.7678070422941086,0.4601866322991998,0.7033334510404723,0.7742131893489937,0.4790727604679733,0.8231194072906475,0.5490553494564335,0.7727331540086635,0.3395021762527956],[0.4739944147517624,0.5016993848538911,0.13923275851166,0.38876963069630954,0.8297370216689247,0.586207404310031,0.20088059507142236,0.3380272902681642,0.21286255821329486,0.07109966202878666,0.8383413897284228,0.43097622901834076,0.3114048115576682,0.5587056128240762,0.0562172878490633,0.28631879061069176,0.6475784458440588,0.5887043071088736,0.8845350554111552,0.5773040532093374],[0.45587999258357287,0.6972176787064065,0.8178286911694451,0.6625915547105988,0.8687295400169727,0.7147043951274507,0.7867812225226375,0.1469884605060916,0.6725514775447196,0.4240753945982633,0.520138232049584,0.6059870480600033,0.874342849199734,0.8868913692168809,0.2949940086647195,0.6736904728222288,0.6874860072449783,0.34451893211609147,0.15528930863458787,0.0848049162428618],[0.7107416583998017,0.46624478054437,0.8877091440706872,0.44522743776460505,0.8812294322127642,0.3998396018649509,0.7246298279759767,0.12209638146505725,0.5221424536170993,0.7317508189378656,0.8359964171369054,0.7491956270248169,0.08142511812099809,0.36679699011072403,0.09139370146677359,0.14288994744737432,0.6240097843673615,0.6562694668649435,0.7076625803388824,0.7856380658473134],[0.6785167482050334,0.7307408532906373,0.09161915334978736,0.2493548778751038,0.5786131073689589,0.7794065089310998,0.053825106198710254,0.4874349407988973,0.6256942894597376,0.07516619575932124,0.39115222392037974,0.8112896491761423,0.62087088752748,0.2520096088565077,0.7748639601871258,0.34582670989808717,0.7753429704724505,0.3041021034510697,0.5517722132506767,0.38739905758565896],[0.283601293141807,0.8035739278460888,0.20945462964856765,0.12208985255039863,0.3406378977638113,0.6599932754953325,0.7363168650798395,0.8989318645567501,0.30190774845949014,0.39675065846158986,0.16629808632518234,0.5386411401795785,0.8979430316734797,0.6457488586025598,0.555930914351366,0.38351372898352487,0.8280039462427216,0.472379106710797,0.1642118763161023,0.36057169371926345],[0.10709166852060187,0.2216821820354643,0.06501846384992538,0.4352879290251389,0.5893592252090276,0.34179859302207155,0.40732450577948554,0.8653278819178896,0.6891686533386782,0.5097281414032085,0.2918597438450515,0.8124472789570459,0.24983254934856058,0.3265413209391755,0.8227050922595063,0.5001107469923115,0.6809702570052802,0.5521330750392013,0.6054233276580709,0.3044757977876017],[0.2551662523826635,0.32411849509336543,0.1821253294709091,0.7931672104971863,0.29075989326259694,0.5272659852522269,0.7231782613701679,0.7162504929693565,0.42262831979656396,0.4548187122987168,0.8954964865947711,0.6234078554321705,0.7424426766502004,0.8171708738363471,0.7194513607949383,0.20740244321053242,0.5278451236769364,0.13661003371736313,0.6049838075793986,0.8620470139596393],[0.4858222546550946,0.41802661893760207,0.0804663387054387,0.8658083439798373,0.13755228151063498,0.08491722930911991,0.2591566197791977,0.10570086883062507,0.436850166049998,0.48867463106854553,0.31568445667429634,0.09331641018865315,0.1448603130118427,0.37682872129143885,0.10144918320255572,0.6434612667684264,0.22596746029609016,0.30676083346609273,0.38500691060138287,0.4041181881087757],[0.05141160152358046,0.14525981534889293,0.7833498791797464,0.05104810313512192,0.4819422524409438,0.46607670553112684,0.33313003685904213,0.4166279671244822,0.7134939668975967,0.765023150282713,0.2712962619029625,0.32411687482257034,0.2561104250740828,0.45788389046840533,0.630769604009991,0.24401494414390745,0.33112538074663667,0.8408269249507779,0.09128389636991437,0.44165416445363126],[0.6548243353572611,0.17788590982385294,0.09026791700465958,0.16747456589275114,0.8309997145010805,0.0578708145479549,0.21007367858964904,0.07659098596639786,0.14403504742787276,0.5771268936340519,0.2553930724282229,0.5338302428660753,0.5516660753512073,0.7720200331263122,0.054030183975092835,0.7753640404410117,0.5762512234629279,0.18833196318921397,0.7069967799149914,0.7771678105219979],[0.2661239611910337,0.8309746287672788,0.43628881575385914,0.5629107861833232,0.8869521035749971,0.35730566684331944,0.741185443947096,0.3206392501541907,0.7293314939052674,0.5606238310332462,0.23390234094159124,0.4019221797208509,0.3199902892090274,0.1163921341183093,0.07535955458474286,0.3445068570961038,0.0661790256448636,0.1906645939445088,0.6664058227232385,0.6518775503310498],[0.6777933284887753,0.31958019546048194,0.8065165385500411,0.5547559658241805,0.15712239048463256,0.172160862237204,0.6391311128902463,0.19700234597576632,0.4811987963447368,0.8930083045394042,0.053406464023338575,0.06409283161292338,0.8941218946409306,0.5469430090140407,0.15787347919073616,0.8127068697909796,0.7983232551085384,0.505770351144669,0.5785232253816431,0.2822091127757449]]}