{"n_weapons":20,"n_targets":20,"target_values":[67,70,53,13,13,35,19,18,24,27,86,68,12,67,22,48,13,18,22,49],"kill_prob":[[0.3498331410795494,0.6623902799275573,0.5421726169691939,0.46783090223644913,0.4639347699592459,0.871352354171356,0.6928500884479329,0.4724326263911086,0.45733922095563095,0.07250723610921893,0.8511328738218357,0.3212978760022302,0.2675482195986322,0.8994975865795206,0.6608862207788458,0.0902592073043948,0.10260265547174,0.07167632936616819,0.5596760645859388,0.11082982505265904],[0.843380103318191,0.8463705590192763,0.5141459567358678,0.5741430916865582,0.29811024129646235,0.10437666104703233,0.6768413784130433,0.13651809043666485,0.12272399486563416,0.3145396428235902,0.060595810862199756,0.4189302733928686,0.6515287735680653,0.7311465917086482,0.5636612082290832,0.7698430726468257,0.39552687320204377,0.7714562723014051,0.48050231392362236,0.23958070879855103],[0.8525237996613961,0.28372524276154903,0.07227126155962414,0.2562729365117729,0.36168442706881354,0.34864723079587445,0.49596738302703586,0.800657849730535,0.2984874930432443,0.4926550167652935,0.3391181106352074,0.7485071004672204,0.18396128629520664,0.13798372806354972,0.47754596525196147,0.6211044479006681,0.7261964209271515,0.551181124969519,0.7077722971211505,0.3838035497767852],[0.07793751972649862,0.14868441171632307,0.08291421104464675,0.32960210290501873,0.47116764007837997,0.35286986110839846,0.5265095538064334,0.4585177762188695,0.6262513815843492,0.6169178390288953,0.32035452504237755,0.34428228705692776,0.5473756483951078,0.5569675977072156,0.31749492659156314,0.3307702029091114,0.6399382612082251,0.6002991994446591,0.1647931839778085,0.4248855977240844],[0.8088001669040018,0.08085982468880393,0.7768893545115817,0.18870143350452206,0.4811613375924585,0.41068596458455975,0.05860993674024,0.8280873965261872,0.4366864432341598,0.8611280352465228,0.29373231583233517,0.7863344074035765,0.8340311378962859,0.5233075539151635,0.2222761196875599,0.6324603172898621,0.5166313565500411,0.852850215974732,0.42338125253891806,0.2782366004938487],[0.16754395126999105,0.6438385333836776,0.8779931761334949,0.0740922049856887,0.6793785515614078,0.8378908081757167,0.11356430409324694,0.14364453834021318,0.6381635336822524,0.6007688695114202,0.10850330301880884,0.759259339328483,0.4949102706681585,0.8211177673361207,0.7962922488437988,0.7406316036926409,0.4885140618077581,0.2639540454870174,0.4800791783244626,0.13568967113151306],[0.6100192262024122,0.1638806363446565,0.4844970181256146,0.09622467804179512,0.30458561673344897,0.24726839156931962,0.57702681130492,0.7187687052191324,0.09870751135944722,0.7727411323820766,0.7816525407114139,0.3409287131448193,0.6101534560747739,0.39222107694793207,0.1810622498611868,0.49936305577864376,0.12340572332635716,0.7967013320865898,0.8356462954981673,0.748371166459693],[0.5281489026425817,0.5239588024566367,0.8869162701107903,0.26071643635650543,0.11455611101942637,0.5276497850610011,0.3294677581385878,0.32398795688683757,0.05602255104445584,0.556803498115743,0.27442864693427194,0.20967976596377885,0.08436714168405315,0.35970734000426957,0.7971235415284887,0.3361701864577665,0.6272130786016546,0.6930649188916213,0.3288856878116696,0.7483946247602351],[0.6380977107169068,0.5253558943958088,0.05084359444303458,0.07982715103438691,0.8922359674901539,0.7149413349780255,0.846930469957005,0.8169577241803234,0.06737653567133821,0.7230701963224129,0.43347388240948137,0.7211244734005574,0.05570841653887737,0.2949694060204796,0.6886252094226069,0.7240676703113513,0.5767574110324304,0.30606776102932415,0.31380820259468345,0.8717493690957278],[0.42333035234907385,0.43005671770726145,0.5194828377045946,0.39807698633473043,0.5197708299078021,0.41748510935242417,0.7527076816618588,0.8226933668285414,0.8422937208430574,0.5296517749549786,0.425826273844821,0.6494540499730622,0.7625750526015207,0.5285349057564206,0.6449838685489221,0.6872699481130609,0.6249347102096937,0.6842135223699131,0.22734853267259864,0.4736183649685279],[0.5500282714143242,0.05210624122846962,0.7775681324916297,0.5685208321781753,0.15976588194347277,0.7439035116894531,0.6594984214744629,0.6945546119440915,0.38323609258257774,0.7760721306907433,0.40192344481250786,0.5349327800037527,0.05054595814489267,0.5981421474761829,0.6604494233087462,0.5320429606654735,0.47207499448707363,0.7384460026549521,0.6291668095904556,0.28636293376201954],[0.865212337367988,0.6511771150660397,0.889748089575561,0.8755721188285381,0.8310732643885764,0.6920658100415115,0.5680149632224223,0.19634506413048558,0.5118487048101941,0.7005700440351782,0.4927285848997326,0.7880032591448091,0.14320751431294354,0.373799295841339,0.48006975580460864,0.4174765014887418,0.1422985656483201,0.18049904993793597,0.7619746989271641,0.46172662032123335],[0.0914140627398185,0.06401757013100243,0.4524540916951776,0.18972191703577712,0.6493570540993386,0.7260249431485887,0.24405220218853974,0.5533504031495137,0.1812779469625781,0.30804525385522896,0.8054761700542183,0.5124833777599642,0.8030053908725701,0.2414606335525809,0.3305206917613661,0.45030931768829446,0.4580680639153614,0.8980007721061454,0.14727852112546058,0.7741702802613522],[0.7841297335085896,0.5202188368071192,0.3424315930202807,0.49134218864505175,0.29859754908557923,0.7292413311739486,0.4735372849037806,0.836965852045833,0.5792876427026372,0.48717143314748085,0.6544089508810045,0.4783430197656991,0.8188303978565301,0.20677906675381508,0.8773463811840199,0.7403619690735133,0.7816233575851392,0.46047165751541047,0.7616213169369578,0.31075797104062436],[0.697655951779549,0.16938263463066924,0.31099412856813236,0.4288727638557729,0.32397176042190856,0.37896454828055604,0.7470890330661433,0.26817450832084244,0.6834889963313864,0.11265525874490406,0.7008782413878017,0.7232197564053071,0.39144395917710967,0.6641061496923499,0.8278676431833343,0.7306060275213478,0.38187953383741585,0.46158148713805475,0.7124539130679346,0.29870540137175505],[0.7333003292625425,0.32886047117679995,0.7350919950277074,0.12378037684811484,0.08773770237400161,0.8980241302643489,0.7890385547494857,0.8004203779462733,0.8585879554656249,0.42256886300231467,0.29381022147812935,0.16052124576521754,0.4760277635076948,0.23704107240511663,0.8452182282284217,0.05340268807636223,0.17171722708165335,0.2595044751209128,0.21911320485421582,0.24191167109275374],[0.6076404643020017,0.32838526656617684,0.5727707246178673,0.8067192435993475,0.5621732506968468,0.6403528725934242,0.3606778034881537,0.18577769747930278,0.3224964530824202,0.8696402513984919,0.5785396767851666,0.2858844515189129,0.43327797708778826,0.7601860818163453,0.6181770350999075,0.526554914619793,0.802388445138765,0.6215736363842718,0.5963202711724311,0.2113029166291529],[0.14043038056054663,0.8703707994987893,0.5590296145852999,0.40333089777446474,0.550667697773685,0.10254016691095807,0.7488081828184908,0.23414870522968556,0.733864105370255,0.504221676774069,0.28508621160836733,0.0756784560057599,0.7434583520276149,0.19999112024891064,0.09403434829389243,0.6924960712019987,0.34753673901703197,0.38093390475290245,0.26000744918861113,0.7803017068923626],[0.3027300971905522,0.22866368428837025,0.3128622673857327,0.2226771388922874,0.32000693768442634,0.12049578943794709,0.18475052475153958,0.40449495088672566,0.7975468272513949,0.09869713471394298,0.23077350074602604,0.8220938242103568,0.8065124730359334,0.6275332083015501,0.2544025209809523,0.4068389768974179,0.22953784527227028,0.15930023275642277,0.37299863533680777,0.5394483643097977],[0.3559427741450844,0.5692008678960743,0.30181652507240964,0.3439729485966717,0.7220725528979182,0.7965675212597794,0.3237289693013942,0.5357884311434848,0.2864379413084278,0.0953344454513134,0.6771786041563468,0.19535296075072778,0.41185564518487955,0.4639886693722833,0.20680084655224001,0.13037204806388683,0.34581106247041,0.8594430214177706,0.5728652514901582,0.3741986941424671]]}