{"n_weapons":20,"n_targets":20,"target_values":[78,63,80,56,88,89,98,21,63,20,30,37,68,49,88,37,66,79,99,32],"kill_prob":[[0.12205853135640801,0.4017298384015254,0.7073723949177114,0.7729776520487301,0.6733431211088482,0.5242036767247824,0.6655629464868003,0.6291811050082822,0.24921163762080173,0.5181450583727146,0.7050179327426672,0.31955256259386744,0.6058771747093917,0.4592583633909787,0.47768502330326695,0.12654678211483578,0.6162845905095728,0.7858339800513421,0.17021659482198337,0.36118981288398194],[0.09136733661470976,0.07518710307993244,0.8912097221709823,0.46945078206042695,0.3521911658399594,0.28364551513126607,0.8830107482032152,0.2644131676934311,0.6668521363770818,0.2911943814350437,0.10991607955338126,0.6307851223402502,0.051386220485385145,0.624386234826484,0.2628201091413496,0.6841885972607761,0.704287642248052,0.6654911529949072,0.07081092524746883,0.6481761266972031],[0.8916237719473987,0.2562315632467794,0.28310278639153774,0.7414975671434586,0.1863372842976685,0.6114961241788689,0.6917724208754917,0.0815865625464536,0.5206977801254422,0.5394956697555005,0.30792646278302505,0.7948929689878896,0.18833726140487794,0.3595655030799814,0.77136838407523,0.21204634311509363,0.7481680158785238,0.11720880076276236,0.4658447071114915,0.1140310630788479],[0.6262180473022871,0.7220112656972603,0.7723797660097824,0.8840729131323904,0.6212133639546489,0.7037026267640173,0.4798945365731299,0.8258263660039573,0.5971946248695432,0.8010186953136419,0.25013421446179873,0.47222711361035463,0.6703460829042334,0.22231349137828077,0.2296388242726815,0.8813363293447919,0.4194188066266251,0.20454313498520593,0.3317442996842801,0.38776972602603677],[0.579622468849688,0.8345624601905897,0.8886015645337774,0.6039439450744457,0.6449340066780661,0.32355479424210065,0.7785848061314368,0.23512858493726763,0.14042355191432243,0.8772675915830033,0.7845178752974524,0.30809836435741333,0.6238951089238919,0.4469656038012196,0.3246589752236502,0.29375807914625063,0.1656233284377705,0.5169203699344633,0.4296071865998816,0.48535845725495264],[0.2330535923574938,0.8478190701572605,0.5928025168809603,0.8146605587758363,0.14288049112784212,0.5794233209777486,0.772042545847537,0.3312826628422966,0.21587169376558846,0.27526810993477674,0.28199366773732915,0.43011912018500487,0.32706906236243183,0.2805829618017926,0.6012354536443673,0.0950775159211018,0.33930921141877046,0.6362891710494036,0.19947228688885504,0.23778868288097554],[0.22056663160097983,0.050787190721694186,0.4527025890568368,0.08311497100370471,0.2819988400086651,0.8955829109031759,0.8306367796817549,0.23281443693288406,0.3135020671268428,0.44414889492826876,0.767751514660357,0.7322490501841274,0.15730522108133985,0.1557815210960993,0.40422241580993795,0.7895810811717063,0.799772249231177,0.14126097223355066,0.5381526947707188,0.18232391755634597],[0.6332099135023653,0.8289682607395705,0.43655389860425453,0.12062035848824378,0.5423660665103637,0.39723916961547645,0.7392639394838663,0.33929279433742954,0.7936626204017009,0.28264534648956713,0.18388999050538307,0.31050832072079293,0.07967842304933453,0.2890590718431051,0.6110999887997262,0.17094053177310348,0.14466022686859978,0.16252749756619783,0.11591892312224641,0.7934401000664987],[0.852497848172049,0.08957697896946834,0.6960610143120093,0.6765789847096181,0.8973730109185344,0.34569006246290795,0.29268264293685375,0.43511980268835315,0.778088900576812,0.669304596157214,0.4508802418723773,0.2578784167929922,0.6679633800781155,0.7763478378358667,0.3899585464073672,0.6182976289478366,0.39018021800010844,0.4567194224202621,0.49617382296167656,0.7093669419189362],[0.8808800865095915,0.4277112382424975,0.340967755310465,0.3675523555015326,0.1638057089689044,0.3023979271450643,0.12348030127848529,0.4137101237023601,0.19225367891439155,0.34444573407824736,0.7245410869828653,0.2590385030007656,0.5701104281407586,0.816004206361321,0.5318898089751148,0.21472372085655078,0.34305126487106113,0.5518138261064561,0.48061946879587547,0.1763268608353682],[0.42977689298698357,0.5116066906737111,0.27723280728893657,0.5705786880388741,0.10963608456242838,0.33611597853068925,0.7336353078609383,0.2703920807719321,0.5644003225026165,0.39852525665376515,0.31899112105295974,0.8287119347235229,0.341772460368326,0.2511745162639656,0.82290611829423,0.6840527025454427,0.6295297566434678,0.09210470075684443,0.16152421660840943,0.5925889692382135],[0.22801791104732116,0.2417922877858052,0.7122677380420691,0.2930362065114012,0.1108492068291286,0.08096715521338194,0.4267012891584946,0.5745592910319491,0.7885524483830325,0.1441837357777434,0.21717190234505185,0.5003305192713504,0.3594921079056788,0.46015683355867043,0.8355059516365831,0.5131579057849841,0.40285251902026453,0.8910239206947831,0.10543331941460587,0.8422964311154961],[0.47641256575566054,0.47819288710206737,0.8336696840727279,0.4812253826541091,0.4226460269506265,0.28161530329961915,0.6099942517948077,0.5341983273327974,0.2321936214056156,0.6530009778021261,0.5974738287361444,0.38773380157555964,0.053740783618017984,0.42959397764975954,0.05514939956071397,0.11374871590418387,0.41601841710870896,0.11963190155752854,0.2843156187190913,0.6071676632751232],[0.31232304121800614,0.8980013050032839,0.828856728827734,0.5475134188976951,0.8719050678396909,0.7878147002676438,0.321063741014414,0.687156809087513,0.16630701640335527,0.63186871072193,0.46741955252039336,0.06430204836490101,0.28309534903181516,0.8620748847936113,0.3184567623252086,0.20423628700622454,0.2094017295863771,0.4573312749456567,0.7662518545699547,0.6943015003633446],[0.42132420640710816,0.22741785092141648,0.08915516508686244,0.44323577156032135,0.742559046240463,0.6702296945551667,0.3973106524831627,0.5554972711299603,0.42080954280428495,0.5421636933216512,0.48987945773451674,0.6288216101063852,0.4815525170031553,0.8495193484424248,0.41382395434443325,0.06352885758375429,0.25091750509763683,0.4755158293906575,0.5094860741053627,0.5195270709152454],[0.6573692835295698,0.28345092122489873,0.6151681271852556,0.6484274321513309,0.39958863972770237,0.3918437342743737,0.20208606780798227,0.4018892698170677,0.7187938479509606,0.8226270547174014,0.5545712126202706,0.30446479185115394,0.6299462608607718,0.6791242773916033,0.332380861963563,0.7525656822661148,0.11264145731758907,0.0591406599600217,0.1545251567372447,0.18260709565338323],[0.7970896780055631,0.4112344468880887,0.28369193817482447,0.41471384858879645,0.3856147587955374,0.3062424177898144,0.16721464505017053,0.6075281426777985,0.16611374236270704,0.7091107847717733,0.22143481128838555,0.6716656110633149,0.734748189841147,0.15652710830828315,0.12373390304480346,0.8571368550556109,0.4435897857396936,0.5857001707270402,0.06977137410350259,0.28690365347288893],[0.47958800637547827,0.8032855663809934,0.2807235049297198,0.7089126218799117,0.6128809890198966,0.14798015263488323,0.29936889687319707,0.2521844309728268,0.42614844943729263,0.5900341065904466,0.41840679218223065,0.2578560893890351,0.6414969529940342,0.5468004305047663,0.49141682130333814,0.5212566578290816,0.23861554934975004,0.6283664019285878,0.379375455207953,0.35894764677051666],[0.17727407702675496,0.5573117343678795,0.5622647489645306,0.3392555471165491,0.780872548335704,0.7686392139081141,0.14269616051006662,0.6407826296384305,0.3847595427572689,0.8997576234034589,0.24127008523195453,0.288445574602316,0.42579035037236834,0.2784078763785637,0.6381943614285371,0.45877189535425844,0.23774700962210915,0.4804179590635782,0.8054696014102827,0.723536299822545],[0.47400458576279786,0.2952187126706555,0.2029034949971486,0.7966254456088612,0.653641899423892,0.5363388076753397,0.7975194490606181,0.15343674426797607,0.6301158931017581,0.23420546555124716,0.15249082486358895,0.44576723350589315,0.3792839902997006,0.8499975679264077,0.3253826147390439,0.7426669201942021,0.6865029503980931,0.6177352895497559,0.8323404020160506,0.39673590522414076]]}