{"n_weapons":20,"n_targets":20,"target_values":[21,51,52,42,19,20,58,95,64,49,94,72,75,62,79,55,66,66,78,91],"kill_prob":[[0.6444155193399931,0.502608067536938,0.5984080665660799,0.5654351384326683,0.4181530263633661,0.5810494086108828,0.427034330139539,0.6939722211911254,0.8735756109939428,0.8658855538726449,0.7476254184612334,0.5614950625005624,0.6869321898601295,0.20134105096892124,0.45716568871683416,0.2687090502426597,0.052970733942945034,0.8717269384712646,0.7842712775740651,0.48664382569943776],[0.26602944490115576,0.6390289286693512,0.41958092186743834,0.7328471034092946,0.899590393653807,0.34672021636638956,0.2577425869563406,0.2772751154755445,0.12934430882857118,0.38493926702513204,0.06481129480937291,0.14723622379108425,0.28094138518176975,0.18588335952305862,0.6723352345756165,0.13976407223771525,0.786094989270846,0.2379473281543099,0.14230202442583254,0.05859064776656975],[0.6579242536738245,0.2681242340477607,0.48307381436710856,0.14487363967133238,0.887501534750812,0.156577028209462,0.40013703764559644,0.773902076984296,0.2581539062083458,0.2769260175442474,0.737224588507123,0.2823387086132108,0.05244061443059103,0.41372666241645734,0.06065492822670374,0.8233234412549618,0.5955412405523378,0.5455621262880559,0.22135108423300864,0.6449542576143409],[0.6256664471265939,0.1013940378365602,0.7987195511889866,0.5425013584903347,0.7235968488828187,0.2734769613095176,0.153740629790436,0.647082137208767,0.7248002833168878,0.37812850357639766,0.07013843401886455,0.7455159209557849,0.22517982038087458,0.33817715061286496,0.5839963566105607,0.13496151132960732,0.11119640121769367,0.07184820583898312,0.8291438812035371,0.3146753326283573],[0.6115599928495621,0.8908499616650809,0.6190331745276519,0.49633057647775297,0.4927819434896527,0.3703795761872189,0.5598127075618226,0.8649726811138487,0.7198374286435636,0.41059262447825184,0.33257810467765325,0.8010018001796533,0.16541795178260474,0.7721474684196565,0.26681524714098254,0.6582848504095301,0.7352874936586056,0.45544703967395167,0.2134413797209332,0.7680525819430191],[0.3623820932953175,0.32257822141014136,0.48351375500042365,0.41982330493833003,0.6305943844829156,0.16661813711676557,0.420336205940692,0.8079465395414234,0.08065330302376664,0.4387375831803274,0.6114521714274287,0.8045544239856876,0.5547182928931994,0.7508116305534293,0.23928736611539347,0.3498880207936806,0.8508124328388363,0.8030788461287833,0.5242600352853989,0.4541650871256184],[0.4334072827362897,0.09997121233196363,0.8085205383630819,0.7454270821530352,0.437813473018687,0.2875239768115524,0.34148251546255093,0.15468649799195605,0.6635212801098642,0.523169378071629,0.24898790940116067,0.5795547362660363,0.8823456821167285,0.15403586515475232,0.43971225903152855,0.4700349977838077,0.19177763175023205,0.5018431793477176,0.5650806697658766,0.183742857995721],[0.18151531415754496,0.7778964082886927,0.3146793211695381,0.5857833790168363,0.5827571143239321,0.7632952442452398,0.678910436546795,0.7644899684225361,0.5814325712030659,0.43203858643689486,0.3845315431161135,0.37217530166222046,0.40563413322278413,0.15991286433070478,0.410364615352692,0.381028171122228,0.07938591382049676,0.283861142027389,0.6891209285291844,0.5412537356981816],[0.7352423722426257,0.5112848377236502,0.7759712006539773,0.7266570346614593,0.13354188462091005,0.8804554128135935,0.06253532986612947,0.5573123322401757,0.723634782919248,0.3321100188732679,0.5587843234525842,0.357804151220331,0.10152272875637662,0.05719229122593127,0.13063272559451006,0.13364815500203978,0.5692563107846875,0.49698544631813624,0.4371438051471707,0.6381332542620549],[0.06430221646058114,0.2803359592033713,0.7107838215944837,0.8234805405395508,0.4225861068019443,0.1192613831176964,0.7289194283442147,0.8023948682818236,0.40161123008966154,0.25685196583223546,0.0873759179895035,0.5524203986106276,0.8233890669781243,0.6262048216922769,0.3196613082105242,0.5964550756464719,0.7572581463308217,0.45445555044703917,0.7467862164981628,0.38312322516640096],[0.346229826806405,0.545540331996771,0.44498345504030906,0.8805451323919208,0.4889310099989485,0.37739622457861827,0.3856935116592558,0.5157489580211492,0.35167523230696607,0.6644706116701956,0.37356348854639476,0.3765227285464566,0.5744272619702839,0.10171984179160848,0.6070516803978743,0.47922638458488404,0.43507219714364537,0.6613650421017587,0.6945174147041319,0.7693217339005904],[0.36858265269483015,0.3279820384153739,0.6571907862703416,0.544534130269379,0.5870313143990442,0.52219447103996,0.7067890697232764,0.2115347552183302,0.5223553128301872,0.18438652060208532,0.3961641483973431,0.6143947499036636,0.4691108670670448,0.37265280617135405,0.8022245012032653,0.7069018573228567,0.4973471672503187,0.8575451823241648,0.41071049601974474,0.7198619884498901],[0.1927458038312052,0.2929236055440074,0.3373727441338616,0.13994763979884478,0.4765340928146577,0.21342111400752134,0.5890580060322098,0.21157850563706554,0.15498031873838403,0.8737237184590859,0.6095042599394404,0.8459832775022152,0.46640462319424714,0.0783920936038681,0.5382154948667274,0.5245795538103522,0.06272926504610488,0.7820557377415569,0.576975078523961,0.6829874939697242],[0.4698329402338874,0.5756420722220236,0.26884940924424555,0.8776941026033501,0.39061200641551536,0.1879776281369847,0.09752810561843323,0.5907461431225655,0.8858728734999874,0.8114253223193394,0.6467888823634516,0.8920082396439317,0.6644040227357906,0.3383634548911865,0.5610354131011472,0.11780164611272731,0.2384301166891597,0.40490920053921836,0.22154571952858848,0.860475862603945],[0.8962578977329521,0.3652955321034156,0.6528446381656189,0.39660512106375445,0.16858282372827543,0.3363878205467923,0.24836594390831374,0.32886648734630675,0.23276843513805906,0.14549335119950946,0.23481416495805096,0.8198934770553664,0.12243842441004942,0.3260431471919493,0.49918241032724003,0.35133575775160325,0.4899660307660541,0.08690705119920086,0.6012841883597212,0.5289569813226512],[0.6288213259764879,0.5321691434531515,0.4222180450618137,0.3476203109499701,0.24246991158480974,0.4750575677856207,0.07214458452088093,0.3290047038844269,0.62619144952985,0.14240948373340537,0.10345755597159931,0.6043518144976605,0.3881085129709977,0.731551281066974,0.8467146083756253,0.8634843856726905,0.4117539258100523,0.27467814063377743,0.5673216779311063,0.583963987039001],[0.5789931956645122,0.32351182166104897,0.10418897595470758,0.2285041130017591,0.18125651381889868,0.15531529391581367,0.8373408229108371,0.06177049907787274,0.5615790783508735,0.8553527263791163,0.35604515837000866,0.49803337579659307,0.6414161139538858,0.319594240459503,0.45600418955116173,0.7445374227828392,0.683552315488224,0.7371819997689146,0.8892391390835076,0.3647783536957521],[0.6850275734954072,0.5623668820366855,0.6166140521380169,0.6788928191079944,0.6872716194043677,0.8028833769005967,0.34692342395064707,0.6054591526951241,0.2882468668573275,0.5553833993494289,0.6884988691461387,0.7223509232373944,0.4071058275407543,0.4824121897211558,0.3337723734946469,0.19368089455868592,0.27143979441365235,0.8253164541648508,0.31262411104791854,0.8785454335137687],[0.2552563724330745,0.6646104243588881,0.5378177995360603,0.6423395420960788,0.597364254617804,0.6507362960579508,0.8197149911701401,0.5289490716531092,0.10767146546839593,0.2802016192798646,0.6519861333474493,0.4699634337793223,0.5162691852267338,0.5570933870732477,0.37523488203688443,0.7078111963246769,0.6650046513120663,0.6571545003641468,0.658013647929703,0.8068043014061107],[0.5560838625267833,0.8720113695724147,0.1513137817320422,0.5871651301047848,0.6593875640454262,0.4556373493112056,0.294977128488396,0.5175318348044342,0.3600355282470973,0.822755460407644,0.35327355065326665,0.19935094379680973,0.5399307691406349,0.38659370267331394,0.13151342308071487,0.5301159983482221,0.5071694494908462,0.19721752363821582,0.5579924436158665,0.5322551277788656]]}