{"n_weapons":20,"n_targets":20,"target_values":[18,80,69,49,49,88,17,73,28,18,57,98,76,79,75,81,56,21,86,50],"kill_prob":[[0.365178320597694,0.8377502405213115,0.5972853520685649,0.7493473712802055,0.42690206900323147,0.24315291351706037,0.5213970689634596,0.10424466768854904,0.7534864961936948,0.5869147392537551,0.6943745790725678,0.3513470729103881,0.8750933207356678,0.809152953123868,0.7116259725126977,0.21544290167417246,0.44671285316797904,0.08723320091914447,0.18114606825741564,0.6305916102560865],[0.6830478325216446,0.8723832725690785,0.3269515544174291,0.3648907501296385,0.4491224395844367,0.21105065522164285,0.1604332795351509,0.45434918729204365,0.2428729466932515,0.6193418954801339,0.4215791310414811,0.7577764666491619,0.6452253367019117,0.3155116451747349,0.757420831185921,0.7340497038722816,0.37935662217564825,0.2950788883407075,0.6301211783787292,0.16878961106791335],[0.21992197210384207,0.056257929288354686,0.7188857208768177,0.6151232281032274,0.6493905718323849,0.7136196763686727,0.44007840920758895,0.5334300165599597,0.16882744840850883,0.14735056250557743,0.618142517521901,0.4504317752216626,0.5304506905090105,0.7002490288036217,0.5895105720005022,0.5205424905592965,0.5253260866336015,0.30835758335322033,0.0761951593827485,0.421209780847508],[0.2323969718965998,0.39724934716594074,0.7753926122779412,0.24884856298553965,0.09955733043570611,0.28917630821869705,0.29955469410168106,0.6126290375178608,0.5234773294900866,0.7163134777404515,0.6146665092782795,0.39542883222405995,0.7419173269661294,0.19192698192154833,0.06930526216378141,0.1265406816592955,0.6640054480069828,0.44259564571367926,0.18708101217856155,0.475888058837859],[0.17946528730619316,0.6418723188160756,0.4292328342379261,0.3738680421820101,0.30628527577569503,0.5857402041510552,0.35754071897038187,0.12450243141868585,0.15030501680243802,0.8676130148670874,0.822293587101466,0.6447510637391372,0.27598946724059165,0.8737999207455653,0.7119382683709254,0.6593566607851463,0.43195727682222035,0.28140532756838516,0.1319323178304744,0.8172120370622654],[0.4374098463585694,0.22200886007594578,0.3100631305280546,0.5423366336006116,0.20025686549834693,0.7781221414785192,0.6947416003599286,0.6615435125582964,0.41727908380883816,0.5832125145970768,0.5464832735758253,0.602369611321597,0.12177767296890572,0.40343629184501817,0.08537204778260861,0.4698921963578411,0.3303820304828675,0.17284556053613986,0.1378925225641689,0.5494978863510552],[0.1950040232563532,0.8363521006202776,0.5439019687453357,0.34483933385461146,0.5522781677592042,0.06938329037524288,0.8647753312552285,0.4599579214014652,0.7153249431627433,0.12032049993407279,0.4636595812124363,0.46710094520134277,0.8471524867287354,0.5359688445196641,0.4524659908984107,0.2769293136281095,0.33183364774116936,0.4925715421008071,0.4230747412592897,0.06837026789828086],[0.7523481355652042,0.8117366560638017,0.16921172564881914,0.520930722008192,0.14228937996512703,0.62140407908384,0.2890487162631571,0.6105092394881165,0.6679454221438502,0.7033503681300085,0.14157980406251208,0.8286100683669667,0.24568189226064868,0.0818006727497528,0.5216245989827608,0.3652839412830729,0.7553212816625512,0.7370137512546565,0.319568058899308,0.8599644858092832],[0.2972801624191008,0.48779855984695736,0.26757032698246236,0.8456370345416189,0.18991664494471544,0.08817402648347963,0.41983250100258224,0.8935192294474615,0.8079256763166769,0.6863168165384068,0.8071736172467462,0.8094296437431837,0.4910296063284817,0.31853969405617405,0.7062105672943398,0.612412073692597,0.36760906954265354,0.130296667852288,0.6847711696466722,0.27309143853443496],[0.8462911779537123,0.25482498875483206,0.15434424254976312,0.7564457713061702,0.18029166913081995,0.2023780619340782,0.559475372792717,0.7933777347118448,0.21696946585738724,0.31377512196508056,0.7107941125050009,0.8760524621518223,0.4756300082719909,0.17231287716856317,0.06184584455197131,0.24520762549902697,0.16204888511854287,0.6260098725709289,0.15355762893425146,0.48038044187753803],[0.6401230702964535,0.543949117837767,0.21980930391104897,0.7335058472549233,0.6580960601734315,0.6781364033282106,0.16139908882371626,0.1551907331027929,0.8384281683555315,0.3879414647511995,0.3058063880137988,0.4652964385488033,0.6134345808490451,0.8622797684899245,0.2934792928497468,0.8360871649152231,0.07113056767831787,0.521918335977801,0.5888788449289224,0.1400127931881403],[0.16928865750432576,0.40624717141885824,0.8712971253217044,0.556636170249217,0.8430697383601796,0.7337067782710252,0.44727436132199777,0.7170489318643594,0.06516126638043958,0.1427723972508747,0.7550143226503259,0.7272945250763875,0.24774463067146862,0.5011541520091954,0.5651134475950094,0.7875781107096095,0.5626410837379169,0.40068583388262824,0.3680564368961053,0.4119997734174834],[0.6041413717429781,0.7873670369894762,0.4358123497648548,0.2606636285086544,0.251163008547944,0.6841121382069295,0.7440834489103239,0.1394863678760062,0.10657502841190145,0.555268614192984,0.17424725756379356,0.7509645618878902,0.31378447283546324,0.17229114302547124,0.8328249016143328,0.19070196432498643,0.2920120699872452,0.18057138591324984,0.14816655411555174,0.06797581388597403],[0.0970860977896211,0.19844525029547477,0.09537464273309909,0.5524722436943256,0.6286073477795805,0.384585888307224,0.320292432409242,0.47884730146889554,0.7937542008994173,0.7734618827988752,0.08695380271087316,0.20427364815704546,0.2512331404387366,0.26197943945738006,0.5355477539813568,0.40382306184771344,0.0918660019384549,0.36757201769063585,0.4951900064099916,0.13642111746815858],[0.7584397707202758,0.09416758649533863,0.8361155886653528,0.13424617034289416,0.7670387088580899,0.8172551723384746,0.8826350784986038,0.7317219982325546,0.7125559096556296,0.5961107845962156,0.7121469013914097,0.164369377151175,0.5056578305554917,0.48708943966185225,0.778936322504174,0.4433794607544885,0.3773260716853004,0.5936287805515437,0.27649381987571914,0.16880314931086332],[0.4561956829201839,0.40435596330565227,0.24768444944954265,0.3623850385978588,0.36143358235231027,0.32837122975066363,0.37254446776788963,0.6328818436375536,0.3023450033855925,0.8565292377080393,0.8288958166074513,0.45877386405506676,0.32910702425398547,0.5051195713555027,0.7712764154575809,0.6046992394760867,0.7337330537550159,0.5028139346558792,0.5879799848774777,0.2949322720550925],[0.6746591879637472,0.2220439041568606,0.6405784094957235,0.78161120807701,0.16228741170631233,0.5722227794606318,0.13083138599544442,0.6668582840307129,0.1218192359999922,0.8455488492955322,0.16679674053213184,0.8650482090227184,0.7307515496723321,0.554629703796401,0.7152304889351149,0.7258476131356231,0.8541230033947308,0.2653758507633091,0.5515645110545628,0.13079181792974104],[0.5737408450205032,0.19559760847887048,0.5302080197515756,0.5365659369287723,0.4460873800340432,0.4942370091861543,0.6993348815055997,0.7293580090352567,0.4683302332391147,0.5596544252942205,0.8415508003365866,0.1517735502259544,0.14953803101509394,0.12455266012415314,0.6091837922844486,0.4058170556718225,0.7081732037205668,0.6205467013123037,0.3335920945790024,0.8136115652573054],[0.6981523250100545,0.27995469977364934,0.3595632151062459,0.31727398317362343,0.18396990133124969,0.17561586666086287,0.8457083438693824,0.42221843161894024,0.3758218493607983,0.6702328523757712,0.5200441054649649,0.8457189888126929,0.7132562698229834,0.4574641295058593,0.36990555245870227,0.8886368131856738,0.6600962006030969,0.8585154610032649,0.15070679063448517,0.7729536273121652],[0.5915128013925265,0.1536334265848457,0.5500192999738376,0.6331819103396316,0.06045728300531242,0.43617026756548455,0.751589584516873,0.30105517154247635,0.43976586952876845,0.4259670080077092,0.3066382827261178,0.8306756111882211,0.7140999301167885,0.14400014934669392,0.8974794591619372,0.7973200206615835,0.2913221721844331,0.7613620927117976,0.14045660209067545,0.8992390209031029]]}