{"n_weapons":20,"n_targets":20,"target_values":[17,78,98,18,47,52,21,28,25,26,46,52,31,36,27,82,29,92,59,83],"kill_prob":[[0.27612624172841543,0.2830142346353171,0.2665190975998473,0.16478238164780065,0.8522286128881545,0.39174062843350893,0.24098605336399265,0.769670392932007,0.38931600725912185,0.07984928944321659,0.1876503347121865,0.5933627893027446,0.7154694830459654,0.22929423021540601,0.8297862508762208,0.7733475520443398,0.7711236409519188,0.243511974779332,0.09295559035254905,0.7873100085601962],[0.30993019442778225,0.576078923997497,0.6959718511456205,0.15904926973445216,0.7137126013411907,0.847734740116906,0.6691187208844477,0.42503933620847434,0.7951764179389474,0.4983389855616751,0.683055288644241,0.7474300522798135,0.686949932444155,0.29467664464093085,0.1501673157699564,0.25258774995775113,0.4774436964333002,0.4794853839491314,0.545247696917357,0.3858365619157072],[0.7188576742325236,0.8261806877951267,0.2597162954575506,0.6760447350466048,0.6262760746632879,0.4946269243874177,0.2102506987930362,0.7259474197953031,0.8665323427845077,0.6635608823985715,0.830180997131874,0.8865574752057997,0.34924307310335245,0.5924900199873864,0.4528428269923663,0.8886344348337456,0.12973665040656618,0.4005186771526409,0.7942081878481508,0.29144361394753815],[0.7196239230430418,0.3753656883632173,0.8829817589066346,0.8010003609601514,0.306122304013223,0.7046641465071769,0.3363280622582784,0.5654084141832049,0.6097086531342982,0.7551560977228492,0.07078321474971265,0.23713420747945474,0.6551301390002919,0.5289947514241067,0.4712643164709716,0.09692846320178339,0.34603450094223775,0.7853351971240511,0.07625891148062736,0.38697080006009027],[0.8533760445201568,0.09324862436326244,0.6872498883879413,0.26897072375473097,0.7866175073306216,0.6841577821154603,0.8028493952296084,0.2335360718665761,0.5015988415958142,0.7123794520385807,0.2588447815457338,0.2461343594771344,0.07310481347294727,0.8647379998791345,0.6535143480464299,0.5902263009086571,0.6823955142907423,0.5018709808911235,0.45471374792684877,0.4321024049549927],[0.5943733302880951,0.22130472908352572,0.8048498907626392,0.7399895155363754,0.34712906973422875,0.5418179022906457,0.16987320495751243,0.8764943107435583,0.817458784485741,0.8336128805243204,0.33233859054793385,0.19376450127542738,0.2300063389463638,0.1265011823883264,0.15209403558617668,0.1106088540571186,0.8913496088241425,0.11294903086371255,0.16266076880870156,0.753166406252126],[0.5432041842315016,0.7082546238839326,0.5862752066067568,0.7998488097796058,0.5926973986000296,0.49380632896767823,0.6558372396971048,0.43028383902329304,0.34415424946902445,0.4475045845826806,0.19425698933377655,0.7270859703322877,0.2715982141355529,0.18050181438649032,0.25939940551574275,0.7657596290064038,0.33067110125807164,0.6331423890800152,0.7779481860573784,0.1160829668862858],[0.7002707444013365,0.3115156464221755,0.23412900955643628,0.6355662345850264,0.8233271293232488,0.30076632740553605,0.5335087345766711,0.2963589967720678,0.5211427478674637,0.5785827260561894,0.5687850804716529,0.580014414196334,0.16481782338489548,0.6395093991487116,0.6235378029231898,0.6301999038843507,0.11295996982790038,0.4298130160520297,0.39767986223887025,0.12370476109671927],[0.23901273871228912,0.4248182370283312,0.68147036337937,0.2515027654369637,0.7552874236061748,0.513928542878544,0.6963584324069249,0.4516725858363285,0.47431509160888985,0.5767614809726942,0.8387750169409506,0.46804069420097344,0.4993589073920473,0.5616974189984001,0.6768878667030669,0.11107278516329917,0.4883343227436762,0.45935285082513694,0.8334322366019349,0.46948059337088993],[0.44807245449018135,0.8678699902544967,0.4329899940607493,0.2037517657737768,0.2343787043849201,0.130909407586428,0.05048290987010279,0.4171538118504096,0.7038561941034882,0.6734464763798605,0.07732672463242267,0.534485468054928,0.18114065660145462,0.8499148420499927,0.1922602496975524,0.5826433350428594,0.32730260783944826,0.5953271270696994,0.40041980699446383,0.6956965944604355],[0.24607725652867918,0.8199230749771211,0.47517820191634924,0.692679175555925,0.772270662691043,0.8990043193115842,0.24035381575486447,0.29385855152893664,0.262868123722105,0.2734406323358152,0.5450780303084708,0.8944941446739666,0.8917363740288413,0.4977572466579615,0.5931731287249727,0.7809749621463651,0.8429934396854795,0.2232815332301123,0.49926046960108494,0.7579114964622854],[0.30772176513940286,0.42383768610839667,0.8877779362852068,0.8872896922127403,0.8201907891504044,0.728681093103849,0.27876092561438487,0.3227225629571093,0.5151904150241435,0.5266607683777104,0.47967739645350693,0.5911697379288602,0.39707456923804046,0.686798033718203,0.333517437506602,0.33107544740439965,0.1581420676080538,0.21040537852458135,0.772942747083154,0.4293399877933753],[0.24368761856990873,0.6954399350190293,0.5208839569443305,0.06798260970979947,0.31890723873620785,0.20045119945313988,0.6074919318354145,0.2837763845357149,0.10520476232845208,0.09669474081801888,0.5444682032649076,0.06846493734847618,0.7714732961656754,0.18208755136868426,0.5655813849161153,0.42798482380913383,0.42642379304711714,0.111027571006039,0.7323394126803833,0.8090946120402648],[0.059364167276594194,0.20181354934255008,0.818318560476157,0.5170695708800495,0.1775336415109786,0.22237188471778502,0.6109883076015471,0.6660942989098422,0.559512787292945,0.8601761229256469,0.4699540631125105,0.30523112532114766,0.455647973479427,0.3557163496166193,0.24075350877348334,0.08906876193911906,0.34938061953035554,0.654697945553281,0.06567213244391473,0.42330173622504447],[0.5974079912323882,0.5688434927981612,0.7101511705054085,0.7389417583108279,0.6549499477814796,0.13737804172303703,0.45376907740370653,0.5628950638644673,0.25873113298803385,0.08616904499976004,0.24005177274463985,0.436660241472743,0.4018407711964107,0.2001669341280874,0.750753211280969,0.8368336684262159,0.22114607119480795,0.8401369782321384,0.0651818152989037,0.8362181018009036],[0.8591394715687718,0.06024408356353642,0.6985664022602359,0.8746713366843669,0.8200168859951116,0.8751036370167811,0.5177749798429935,0.11643271890258003,0.7723208181342808,0.5717540174376599,0.5725262325600458,0.40466556837988327,0.5360656800429427,0.18054281222319735,0.6788045225812278,0.11376471124881098,0.6703136519872233,0.771631659231126,0.45159837592981494,0.4833558111484919],[0.3153821319837665,0.8740397961667494,0.6731558033756135,0.3636402703052932,0.1985862782980543,0.23664265337177764,0.4443339431935425,0.8511831402671872,0.6740243938967804,0.23295718595227732,0.7806269634060634,0.3714704445582289,0.7739638553396408,0.2554446582839613,0.57586152014587,0.8376699148690897,0.26920990777562503,0.6389876019979768,0.8892157269635723,0.17800854415655298],[0.12514194709557325,0.6230659135780938,0.3387755555866758,0.11055780576160246,0.4540097752010635,0.6907050776973623,0.29235404035291046,0.3347898458793645,0.7688444905499263,0.4920611254222648,0.7663221734855012,0.42943106832215305,0.860028887326088,0.6031754012600763,0.148514035521362,0.8023290399927806,0.4658754122061781,0.17039312277696922,0.1797866137652076,0.6344038448433911],[0.09026663072006633,0.2936047001767413,0.1688194518993879,0.42491581517469157,0.4022007061952071,0.4935949694855275,0.2876908797371507,0.07723705097145062,0.5722281905549079,0.36766030244999864,0.6036347489290395,0.1423669251836282,0.06171075199994278,0.26105011070249884,0.43806522454494434,0.3849611780431972,0.7387571719824465,0.37116199756390034,0.5008750026626171,0.5544882535758634],[0.06855668289893986,0.48786337031926064,0.34310657048901216,0.40808810853076644,0.13524428872096272,0.7153974808013485,0.8510436131872442,0.06892849753516,0.5611668483896457,0.6992674571951044,0.292086450352406,0.7194222471337343,0.5875017931513561,0.8397882374304095,0.8838540896507069,0.08599419689889909,0.42819709687295526,0.5149396194414855,0.1747317482265046,0.3358429558632574]]}