{"n_weapons":20,"n_targets":20,"target_values":[40,29,53,63,52,27,37,71,12,29,91,19,47,28,19,48,57,26,17,22],"kill_prob":[[0.7812396032860998,0.32233762305771163,0.35664488354051554,0.09697984807604348,0.35376417997674603,0.2750861007233427,0.5689123072405203,0.2245817530215457,0.8051106351034145,0.8402166277816219,0.13485639860027165,0.14129251284529062,0.14802747239433978,0.5766338678637652,0.15367361957817946,0.7745249702407264,0.6911307876972086,0.7468375295023205,0.4971514478531177,0.8971756297912804],[0.08754883750253709,0.39107521955819635,0.3253461685969907,0.8563486739057449,0.540331814722954,0.7352623206280164,0.19479001460974105,0.8818390223153731,0.47384361484486787,0.4696212648300489,0.8752520192638772,0.3736225070345733,0.387896270871744,0.5470397973841962,0.15884471896561891,0.32292278245007666,0.21422707407836095,0.13779095724099216,0.7862229153813671,0.5509314912083547],[0.3548718727987245,0.3973689707617059,0.4167911531342514,0.588176804823003,0.8377539827656443,0.8428626767084352,0.3827681826010639,0.3298730906581041,0.43338952515746676,0.5327440958642187,0.442545224732286,0.6099403983441958,0.5212391698727991,0.32260821468996465,0.3438711848982377,0.37180386942577126,0.13044380301198039,0.19115323755187713,0.6646467318235783,0.380732204793768],[0.2323581266761221,0.5282715489886287,0.6922086111024132,0.2688090079935657,0.7527713996351828,0.8383791306812922,0.5577853497127646,0.6186055101428427,0.09468959177459707,0.8536919073686206,0.3836120241252022,0.8353153404636154,0.5421308960377061,0.05392597901682847,0.08276069942492037,0.6283559848194337,0.5282678117571431,0.0725525716251632,0.6819409670390275,0.7743235365088045],[0.47195486007341203,0.4458938243036667,0.054652142509433364,0.7186522556195594,0.3311086567341896,0.7969490768151587,0.36710149942434506,0.5303162240360997,0.2797905199694284,0.18650006569718086,0.7086717178741289,0.47210190701933935,0.5060147351894131,0.8706035604594752,0.8690429253888307,0.777295803447043,0.20946789885027856,0.555131790156343,0.7964253109572068,0.36829434598159705],[0.1359402410452472,0.7393184669039335,0.45949901865784587,0.5297337783053018,0.8848226518701677,0.5661297159199613,0.41123247781618616,0.3644867126701181,0.40497639875593877,0.15063922070186844,0.7255379746549361,0.762059329458985,0.29173756438739756,0.30822712564845245,0.7931841178845912,0.07037480219876213,0.4923888272021435,0.44412435747927587,0.6366077541416908,0.1888829451270363],[0.6180811296758807,0.37022390669364497,0.5759075614441957,0.08408075839185954,0.44246811760683297,0.4939132598850163,0.2321774424267386,0.1686801060522526,0.21020315756045616,0.3425199163538458,0.13228862690922571,0.8552218263701639,0.3942449522714447,0.7376241621307367,0.8782545546425197,0.11862498800232824,0.6039190477447449,0.7906977237300319,0.589099268871719,0.41467220315380077],[0.4164149039922475,0.08051405310625508,0.504410638595884,0.8945115472688203,0.864901397076144,0.08433934451583872,0.6499274530850649,0.3065001366923912,0.8175407803952163,0.08834753385288677,0.8454929867094185,0.7618543822196104,0.14987872491471127,0.10085068671970432,0.7595015146778955,0.18239402032839247,0.50466343002949,0.8283831291969032,0.5323308965169249,0.38764830625190044],[0.42826364662589333,0.10364959509829036,0.873439473157359,0.31405605731892033,0.21095896792192576,0.293140206564336,0.8697172156577571,0.13014314546480596,0.7872075844260041,0.6516673102412307,0.755516302285174,0.8795129093127119,0.7658314571893411,0.851874998586175,0.1578949682722818,0.7264202803919245,0.5138243399688907,0.5119712558178816,0.8140833398724366,0.8760332458497047],[0.6491125745867038,0.4604976310510163,0.4379432792165685,0.3783902386397045,0.35735917513676324,0.3827808154317667,0.12629024996351598,0.11582067247137248,0.712889367291465,0.42916195898219217,0.8410818152629275,0.5703878573048596,0.07989958485675679,0.18389484011985757,0.22494682406105643,0.8793756207312114,0.23589859222888965,0.4883923248448436,0.8457503918941667,0.8806138204272038],[0.25090637007601285,0.09174999718753411,0.1805615576570947,0.10382920689717437,0.21585560492848593,0.5332842574981751,0.8255814768512956,0.5066360511401891,0.5820911231942186,0.22158716386810995,0.7304960775727727,0.5751205722297458,0.7845163048138162,0.8565166409549165,0.34571565939310345,0.12699219975512344,0.24203961422926512,0.4221653308244616,0.8538396040508023,0.37156334901740296],[0.7051572316155645,0.5094051883451417,0.20538745486633003,0.3226240011104338,0.6052131022693958,0.6219253854821595,0.4195457847876892,0.24434876226279745,0.663620762585775,0.19354208537080753,0.8461692380853576,0.2097180421810052,0.14121550840764235,0.473000547010572,0.4916171583932399,0.48196397756150805,0.4211673659380135,0.8955926589051671,0.46333852076999454,0.45625459362885634],[0.4085011533073771,0.10680189149624347,0.5540131364771737,0.24377260638970505,0.5919676331946925,0.09320844265620559,0.8841790360650514,0.44865431716077137,0.8122420658520937,0.45422699724799454,0.10128119578808847,0.7488815141797359,0.6009561702170643,0.7144934904378534,0.4139443839825423,0.5922462326096483,0.7777946532271164,0.5864056264411044,0.3455225896105178,0.6131501552112699],[0.6210760603219573,0.8664989181306313,0.3652754733104188,0.4113195023870115,0.7403045170090004,0.47989796753133,0.6760871291483731,0.4407530447855532,0.23317087054079538,0.6834232663638592,0.16148189380700345,0.21879611400161186,0.5828012353665774,0.6851793301632594,0.8104847038376427,0.28169852280350793,0.1441156198104712,0.8626396605942348,0.18125962481882107,0.21801693491644358],[0.29763003552469586,0.4999826509223443,0.8004017311289664,0.6964641193203869,0.6519339207662399,0.1989034826776031,0.35403023679707807,0.4566441871736762,0.17531206046274794,0.2824152468076716,0.3120832233599176,0.15818476857968336,0.517703738122019,0.649273967045564,0.10944188675533204,0.4589546364986773,0.7148795159776258,0.6857916096095799,0.7428121317859411,0.43100453819501594],[0.7474735202438816,0.25464011053212904,0.356688977204888,0.19990223995513112,0.447361858514286,0.38325101905312675,0.25478804895216534,0.6890136028461643,0.31676975629489956,0.28188368062396035,0.1612567812229208,0.42299844653165636,0.30751993451170667,0.3638819151398233,0.25059767322746973,0.6986821663469154,0.8405028452515098,0.4732420748705545,0.5965486598397077,0.7870964351157002],[0.8990051917336098,0.5714890120203573,0.8063125465588884,0.8223170095722957,0.722733764636479,0.44179168241214367,0.11898090036031442,0.06343472212411377,0.4556205382904859,0.47016735350442507,0.3962580296835264,0.5329422485976598,0.5193382978087631,0.7611210848777891,0.14235853777292307,0.24140101618971366,0.7240542321156859,0.7706613371401064,0.8956005815777377,0.7919752139290216],[0.8064141560114814,0.3171957512354191,0.3914123889079699,0.2778723390974684,0.5653544884638083,0.8479845510759826,0.342944753534875,0.5234515145992327,0.30185468588546227,0.19432997770680138,0.21590770034585732,0.09925354285741045,0.8568994945578688,0.39244766723148516,0.759002758201792,0.6291300517862375,0.21313298719942259,0.19914290959222464,0.7401899712839631,0.27500495402660674],[0.8262924061466794,0.16904709398606704,0.6260523222862991,0.7423027946262939,0.24996793015329827,0.2847762589380811,0.8698410532183214,0.27490796454423455,0.4154634924150406,0.41763825425601114,0.265079537440231,0.709422423471527,0.7060719417447819,0.3715703120902178,0.7598569224186237,0.231113694239152,0.05365990931752685,0.5354922577473799,0.8949661065845217,0.08284766335285192],[0.2267983626521915,0.49107744611402154,0.73844962597814,0.12568570431379522,0.3859494556950602,0.6850144305354035,0.36581172714540733,0.21051095740429315,0.21617145328709925,0.3985414688777451,0.45750451358500743,0.7825422551436119,0.5959145557827945,0.6368416613381763,0.8855390958055209,0.4000669242558277,0.39285124276175903,0.8348449225669404,0.25899424895429984,0.6703429593574367]]}