{"n_weapons":20,"n_targets":20,"target_values":[79,83,36,75,28,42,95,35,86,48,29,18,59,51,56,13,34,10,37,94],"kill_prob":[[0.635936331499709,0.5275699050060736,0.33993673350959913,0.534957312482313,0.807839409887582,0.604523113852285,0.5621096982604786,0.4411738275259263,0.34384247605322926,0.643765046833455,0.8838337998634421,0.41104403949250157,0.3833744234120706,0.4138964515102861,0.41171237284226325,0.8920310573632209,0.6507615188829395,0.3553067818290029,0.36577701775271415,0.41617738603244736],[0.08120535944338224,0.4986439417180625,0.73967380879435,0.611482624226384,0.21865771974731035,0.6688291051716144,0.6615398153822257,0.2731583333016475,0.5794434583283948,0.5693066781536458,0.7638194802777544,0.16566146505842508,0.21561272883479432,0.4630740782026344,0.08752337655846099,0.40325506796145055,0.7199861856997648,0.17640723488639848,0.4409564263960461,0.8913038483750779],[0.48003201141113466,0.4735752505037769,0.5249745461655428,0.20810371478283002,0.17508930028305264,0.6257514347478422,0.38640178841990463,0.2964206339831544,0.07668287693191295,0.7691429226017101,0.07747953596810783,0.6874856554708215,0.3746902751487938,0.5588846389289527,0.26052630058663795,0.18208971629726217,0.5033798007097053,0.6412750407110221,0.2161693007033746,0.42090510531767955],[0.4279567247476863,0.2335822767175434,0.5302920293143114,0.17404533376444556,0.483286797320793,0.14641678466109959,0.4627110475268668,0.3148591966442233,0.4344093482693047,0.41868695552669805,0.8217431543958039,0.4664452599629933,0.7457240682953433,0.24180453397495794,0.34927037543912,0.11382597353821229,0.40763562559826955,0.6183949040136913,0.7624419789929868,0.5310276750292819],[0.5940617691541168,0.2006770159744059,0.08162513249842347,0.7229349234007186,0.1919824763250934,0.12749410520283955,0.846927972770606,0.8689931594503001,0.5738186978621205,0.3718416817841994,0.7582536098194442,0.22401196543510055,0.41498347831522964,0.35346470415051146,0.8257949921304294,0.8318108030579326,0.6032530373751165,0.14412911923178806,0.4598638712095571,0.2585291112904482],[0.8021783137068096,0.16764237916377162,0.09616373448160126,0.6487646785175666,0.4352931637229299,0.7626101544626218,0.113435186493915,0.7309147127166662,0.08173453991753457,0.07385951012686343,0.44211838897137523,0.23809759622855403,0.5546609009555511,0.07194444507974987,0.08008111100853176,0.6680762217461494,0.22864038811846488,0.6079545551116236,0.6874338372756448,0.10043149086622233],[0.7042908612946034,0.27815803526709315,0.38111406446978596,0.12364331345101919,0.7628354858601248,0.5266194683768993,0.4789654861700963,0.8732715892673423,0.33432989594957013,0.8071623935051916,0.6617346989049137,0.8392489154744031,0.8216317448480908,0.8923753342721592,0.16192523923158392,0.7266139332778558,0.7338202017053778,0.5977174989517138,0.2870318145024717,0.8703760308840678],[0.22375881720667812,0.47463907160467317,0.4932640458963083,0.18755494311063303,0.6641494989832548,0.1255370895532038,0.6391331120197044,0.7713231718470415,0.3469869613200396,0.6530076873093202,0.18325790692567234,0.7690566512349469,0.859226943770241,0.17978963947481036,0.6380805528764824,0.4799564320730469,0.5017744320575218,0.650516260810585,0.46542942443597163,0.5602774332150593],[0.24626586649967064,0.3717306070153357,0.7854542975607768,0.14341713490112776,0.557938971793594,0.20664400289965668,0.7695586582348662,0.5421873607755173,0.39259146526973043,0.2623509726040452,0.4213179943111892,0.863970477033481,0.48282789628207745,0.4490661019448811,0.6843327414752628,0.37219001020712067,0.4133103573986749,0.33640557183587616,0.17828179202998268,0.6567378320722531],[0.7920762768010802,0.8197537518563508,0.7986824973321127,0.43401623207229395,0.29145626337271685,0.5922351871606999,0.861499175120127,0.6679930509433143,0.47062127735163306,0.635487288336431,0.7066572255862374,0.8313788721288602,0.698733390876331,0.4182119722905197,0.2825655406956615,0.4748994150201526,0.328951252914651,0.8513499037846419,0.48177096693246785,0.45124788556940704],[0.34596678543163345,0.5934959417478602,0.4920435868278056,0.15969158446351805,0.7888266392059204,0.35516090732222866,0.41769166546443104,0.22481699816404221,0.5203884764752058,0.6467468030642956,0.7989905225320486,0.09386651522642325,0.8773321232444716,0.6482450807173032,0.2916538817497898,0.22380354176187117,0.3016747308564082,0.7943668889164761,0.2976816472165578,0.44339796437365037],[0.6498773461058978,0.7911913841653028,0.6097854879941885,0.6901428170542593,0.19732777685156228,0.795796653537468,0.28436130607539406,0.15912143944803836,0.8798076467895689,0.22139393663603685,0.16615417456628,0.5821177650865186,0.32103367707168096,0.1633468244034193,0.5609529496334946,0.6951374431389002,0.7242186180760831,0.1821857108604315,0.5233370077489509,0.7416266150792415],[0.18692395971055747,0.22652991400507366,0.05204968781692598,0.49593903293599484,0.21547944233265826,0.6656061893678643,0.867881777274965,0.22744216564920972,0.6017324599990027,0.23005929223973465,0.0653058301327484,0.6947710650823972,0.4189039751532589,0.8547688322874551,0.5041429998218947,0.18386043862933138,0.4323082755276862,0.22245802558511402,0.7963248817835883,0.6372677037543961],[0.340052983956498,0.4986472743860693,0.6190581599810743,0.7154290591486114,0.11812512838996043,0.06914101569595976,0.14728479259440636,0.38574686364667854,0.4467006185697782,0.16599238568177113,0.39948016721466445,0.4253793684075559,0.14272646912586368,0.8291609661663739,0.5592740384495515,0.38025520088783976,0.4808711059513756,0.3170678634984857,0.7761813768979041,0.5387627853332282],[0.47066144223451195,0.824252592631258,0.7622827434989575,0.740881607711972,0.24176782359706755,0.18015464474810328,0.6365820417558355,0.44834591789018646,0.631155806013317,0.6965331472944489,0.30101648124303826,0.29195286815438737,0.4672068313194561,0.28251691649752275,0.6172009846137696,0.6847208789986093,0.4512331041452577,0.6652298007588467,0.48387193371015974,0.6559409636719579],[0.24122301062636653,0.6780165890430857,0.6578554199384651,0.276614850991801,0.5225753423841487,0.7770149176932414,0.26209424992657315,0.675582816412475,0.860871709574854,0.7863056317939302,0.3912920702782347,0.5661265730399178,0.8930046141147984,0.5331717996693607,0.1477734620658116,0.08861614156194678,0.7217673332824242,0.4100840765915692,0.25979095703481525,0.3455212260618049],[0.6937669365644845,0.4454602352887547,0.7882245686469951,0.6746867504610444,0.8779120278786113,0.8052282017713669,0.26636513001810774,0.6102003478821704,0.0674615793489223,0.8924407157651585,0.2718551924822071,0.6150758295800465,0.7717805780196305,0.1863949633187757,0.7706974413889073,0.060408815922199065,0.42568056737259624,0.4512319791514677,0.36797710626992547,0.5484270343554248],[0.8276159963972373,0.32794074715524574,0.5423709040914606,0.7958431468818244,0.7070460858361715,0.0846232750846716,0.8513721495085129,0.08964986861982083,0.5504447032181802,0.5390505772678901,0.7184316960969687,0.176176594071631,0.20246483325329823,0.6892908928276065,0.1770790395498813,0.4490283580057936,0.6719008766792921,0.603555639465279,0.2290135581961309,0.3083662198831727],[0.8736286677548848,0.4313700271316513,0.08778885497092345,0.23664716454638274,0.341069826212562,0.899565993650398,0.3072878153553808,0.07243647146516323,0.48598334092203554,0.12106457722788051,0.28295745889136353,0.8935256996798483,0.6489427410906312,0.09306663489043981,0.43138371080302657,0.19589188573452188,0.15450295794180308,0.5490056013464817,0.47980750619418333,0.681436596668182],[0.8084602939970807,0.2596795788169126,0.8345431886570875,0.49029300667098114,0.2700096804573496,0.768917962387218,0.08020043032466913,0.5255829708520166,0.6633783047754717,0.28798103408272174,0.7839681299287352,0.2542418788542871,0.7638931403219783,0.11676321925758865,0.1859384530881666,0.3738368963166219,0.7759471858784524,0.17289756035776507,0.7941225038251053,0.24527179762087464]]}