{"n_weapons":20,"n_targets":20,"target_values":[50,36,63,69,49,60,52,37,38,92,71,18,97,74,14,76,63,93,54,57],"kill_prob":[[0.323378987486359,0.7535795693810174,0.7051887395575338,0.4752682722565498,0.7026787692887394,0.2776942617656717,0.5510803808429477,0.7854059365696942,0.3202868289240356,0.4610174850661317,0.858388126046956,0.7284800656759762,0.8039831672809699,0.3774600017568794,0.897029470689375,0.179680763981241,0.4909549957338626,0.45738237495181194,0.7286673621801143,0.8223251066377602],[0.6714684703718509,0.5827938007107574,0.4133148122212281,0.483777029514374,0.48290526624109853,0.06731320263172101,0.477588934103526,0.7775751801480062,0.652882909470911,0.7263523288062541,0.3819122413032428,0.4996272513760143,0.0784610336475354,0.375548250843942,0.45325363815874736,0.2669275646592194,0.07655483214205235,0.6368468924621093,0.4198245882215167,0.403326464145399],[0.2624887409242326,0.5071558391483145,0.4223227640801217,0.4528868020747273,0.5437406461709247,0.055375950153775055,0.8215415180076592,0.11042428740331908,0.4332860352185953,0.2262669439534742,0.495215013964394,0.28819559247756715,0.7810055233532133,0.3869058588680572,0.5929422224031717,0.2615477689256971,0.06649522791991488,0.39353135527128463,0.5060135161245466,0.4406150785724877],[0.867712209246031,0.6508132977691241,0.896319330531586,0.3008010767668761,0.7206952876660746,0.5222246974146217,0.5699963012812246,0.8879752203759785,0.6058891197884495,0.8139943584863802,0.6668876995113601,0.15827820346603755,0.6445101537739657,0.46166825038265963,0.8309782940349911,0.735809280111887,0.13851448446614145,0.16382829710552468,0.10916935152881474,0.4692581435329248],[0.11865599532625007,0.66512658608849,0.5195047942328678,0.760502264920171,0.28782642037061884,0.4912696665369696,0.1498577330239627,0.8019185022527384,0.19875421794636255,0.13700791364784426,0.2242930087447058,0.7352967654145343,0.1399423485319804,0.572263370612441,0.6842541055228568,0.6884189864104404,0.21155175361691148,0.1023803986209702,0.4314854262063849,0.2221125434578642],[0.6443801876618473,0.35318887970710783,0.43195084987816224,0.14646219313645503,0.5324177435659629,0.20769556118712124,0.6271378117776966,0.11049349916570964,0.8795104034391249,0.63184793179794,0.20447013264013725,0.06198044864257743,0.3342934583744359,0.1798912744443763,0.23564963315161408,0.7918377196722061,0.5627239610432221,0.19998900507456457,0.5231604905843315,0.26741355541124423],[0.8797707347043758,0.07784364572414097,0.6724706588426428,0.7070474722627133,0.10708834936404524,0.19608895959664885,0.3766606602383639,0.7879316025497077,0.5064499476557245,0.607010822506197,0.7155609101383162,0.753904370086892,0.4548418616211289,0.48247416795745907,0.6603049785246126,0.2738410049252824,0.7763162759106957,0.06766880080446533,0.216405861878266,0.7301699515810277],[0.3392194801087714,0.17735790778846006,0.20874154235469283,0.5011429416456591,0.7692542999432397,0.11005310840544401,0.075908772755952,0.44539291546131665,0.8627593027955895,0.28715833290200743,0.8652949582069911,0.8045290001015012,0.29066481492938445,0.7444058546177248,0.632987207183496,0.4850490305690436,0.4094787215864435,0.7431773425366383,0.724117517790768,0.6933958855511753],[0.8985175585330015,0.4567355918001763,0.7358845311469285,0.7831066119359568,0.22986219423563137,0.08575647574510184,0.3940361418602927,0.7782261817712596,0.2957377890153337,0.6450086309573105,0.05624591820462328,0.3520597674722021,0.5731891905444285,0.16029361156148636,0.8121158753253188,0.18283288054951735,0.8233245132533955,0.2339309123805285,0.8951368728284647,0.5640364063012523],[0.12169316027256459,0.10548564930686088,0.11368344182054844,0.5514088351973091,0.7381423219782774,0.39251833050492985,0.4281103953895825,0.5508945481149339,0.5030845140684024,0.6348524731360796,0.45101786213857253,0.6567815823044574,0.897714131164639,0.34775316591145017,0.060383143478048185,0.15678128871890656,0.5204870572389108,0.3426191190729542,0.8489852046492437,0.5833291765912756],[0.4923019080706477,0.728333576081216,0.26980139039173084,0.7467777592400058,0.052601939134479005,0.5767257578153601,0.8445435783889121,0.7196809592287896,0.7755890633252555,0.3874114908957754,0.7506031041851073,0.5182069152757266,0.575759201027719,0.10007803843543298,0.22131894259823331,0.5183197531865197,0.099980899149973,0.6802297855995563,0.7640484572436164,0.8323080071005842],[0.13650319030283503,0.8487622108193801,0.10747700648490074,0.452947783538643,0.76421336753364,0.10976446777978707,0.0654964120406361,0.07120556090065308,0.4845797035206285,0.7398572329071635,0.1583126704117097,0.15591871596760953,0.5332648267923229,0.24915126069013516,0.6706816748731428,0.8571900799502374,0.7011283956103511,0.795599061422079,0.49164814893591974,0.7574714085849034],[0.20546770638868,0.10809570683628328,0.6075601436059831,0.09415962819434755,0.8086092062687285,0.6378210250413058,0.8593706165975752,0.31680365786625025,0.4632345628213777,0.6804368102883511,0.25636213764169746,0.5105714970949169,0.6105471837546564,0.881987356279985,0.6829978001060271,0.1504112227372129,0.4540334336758137,0.5504551655411363,0.17462967143469982,0.4171711484339166],[0.2914049438854496,0.15100341092272207,0.4852356434439363,0.19078811886049363,0.5519567972978648,0.1942423924055856,0.665055685062398,0.21595537957521982,0.8118423356597271,0.07227795306648752,0.4936977789888755,0.32208905100356483,0.24131504690840216,0.4508623622903758,0.7657166058756216,0.8279856246976515,0.30776132542566886,0.18110707878081056,0.6621193804313612,0.5446989166375901],[0.22086372637592594,0.6962514198743212,0.4910908699558199,0.6053859195812964,0.3554381788688804,0.42323292710701954,0.20329078361870084,0.6930384874985398,0.18345962552902306,0.7115572055384022,0.7283066766518982,0.6846108194468534,0.06650936984992936,0.2821632307156725,0.44808708137304165,0.5562127219092764,0.8313387844636927,0.3692650763093969,0.793769820957861,0.18891489491631108],[0.3655884143823329,0.09443970919812456,0.681115897397279,0.17805484381797598,0.2684670133011891,0.7089482643642326,0.5045092098093035,0.061876811505693186,0.051899924035287565,0.48406153697891247,0.3092121866868156,0.20326472909590054,0.5715548470586943,0.24417100095981303,0.5533760772322057,0.37237605799833196,0.20873428501932123,0.16738902718843635,0.25133151265819487,0.07535729181103731],[0.31190791773082815,0.8166614866545251,0.7566578070005741,0.3662031932117101,0.5394585757945333,0.5322564751619497,0.7544269083146554,0.25084658628942075,0.30192936547406046,0.30651761868376975,0.08473949130592318,0.31748468379581335,0.796226710099806,0.8251895004357589,0.14319004390326784,0.4393497603756667,0.3741465663494932,0.4659553171298797,0.5215115954498756,0.06721994601508416],[0.7659059107329866,0.8776144621973377,0.605394090203096,0.6113844027193639,0.49878287915610214,0.33413239995722444,0.17663115055259293,0.5464538412916431,0.088200192982826,0.7508271825380929,0.4077749445500231,0.40254109053767856,0.3280952297045199,0.8739508053937984,0.198679409855111,0.1786116482539295,0.19070177631327562,0.6097483604231494,0.8931110209201586,0.2501538948414915],[0.8197747875073647,0.28682407532694654,0.6007149321065052,0.08442410914336257,0.4713058783897606,0.6063844713371346,0.5058718106392343,0.25216007714952243,0.7542224060277283,0.8746160345525043,0.4403166813382555,0.5905313754108656,0.7218512780937367,0.2552657015285249,0.7847828246394677,0.2881707695134979,0.709456182987953,0.14528434756245875,0.29512869790204427,0.5035769438488876],[0.49618378134866786,0.7728665068134113,0.8967081689928161,0.14112921898111952,0.28067991290128147,0.35395847868961444,0.4570806466385043,0.46982328168123916,0.7777658036761542,0.7049754073673348,0.06602384218226032,0.4367684964957097,0.5753627625074755,0.44133624902906987,0.16104846762184696,0.3878529711370509,0.3999073408602757,0.20955853408229497,0.6928610473003105,0.32319057812110524]]}