{"n_weapons":20,"n_targets":20,"target_values":[72,13,31,64,66,18,81,59,31,78,100,48,35,37,63,14,53,12,13,49],"kill_prob":[[0.8008434800975227,0.2574533619742118,0.5379471799145481,0.6316599467277976,0.10170538737615722,0.18013531943287053,0.331585274406632,0.6195791980262849,0.4231798453938823,0.6740658079855085,0.7874581857372137,0.6946164351087615,0.8934101262162618,0.6912069084219022,0.774352315756333,0.7575114046952508,0.6707258979380396,0.731531544157507,0.8444807436872988,0.4539262717473487],[0.5925439703256621,0.48769876333685674,0.7733814391132621,0.4166556624407812,0.746767755473023,0.729451388798568,0.867603186163302,0.26158259436880593,0.6531765834030254,0.6933815730003633,0.8458367188839658,0.8208670553472014,0.537496982452181,0.5422802079843828,0.19219754414359497,0.8787182970602055,0.26676484329791283,0.6660257856835983,0.7264257540845157,0.42503317891967385],[0.22951466202469928,0.21061632658673374,0.778021600766353,0.4841430137362376,0.1266164347325267,0.6594665518484554,0.2626453948842752,0.7949355381382474,0.313136018125479,0.22023020557662165,0.12212967702169418,0.4848014661420003,0.4331269496455442,0.6886153229126715,0.4449121991140809,0.3422435735857154,0.27240667828800247,0.2864247336494754,0.8386707165536419,0.1903168117746405],[0.8899499608735777,0.327881536913391,0.12513170010487285,0.26138682366968524,0.0996522226214259,0.7215253037893286,0.48566997565993963,0.33643862603678076,0.6127421639368281,0.5860495470577722,0.8488912758434517,0.8670714392361227,0.6285812093155945,0.7451435381575433,0.7235613352849017,0.4676080027949148,0.6487895448284045,0.11652015653103466,0.6943179206777609,0.8675580561135126],[0.12222854015687767,0.7606984169030764,0.8430330226518806,0.24226055633175275,0.49608950946782315,0.8386794916435402,0.8661921038445227,0.15870002669946892,0.346653591722133,0.6434229449782282,0.23832472447804076,0.32605503433930866,0.06979740100398929,0.18049342879151903,0.5279800702550822,0.6051265563585554,0.6015750564314615,0.7116064001614842,0.4029892016779727,0.28246710880498216],[0.06324359503614624,0.22563535214452884,0.31552964037173165,0.2014758280083957,0.06712280077211191,0.18383046736541286,0.6161846205324365,0.5851476040017065,0.8453310934883361,0.728443047687713,0.5325926993150125,0.16692289536922963,0.5294610460863833,0.10235580177705365,0.41625216279922483,0.3817198346051161,0.4136417379585004,0.28785203063556913,0.6329558804802502,0.7648027972039626],[0.7032394437091309,0.5835892814222483,0.5075930794330613,0.07642155300682582,0.664493898888133,0.5132354986417228,0.28012989306430386,0.3286657330254254,0.8452657684992801,0.580707908349643,0.45452556945889905,0.5777834787521465,0.4016809762378084,0.44965493222256375,0.2967628682015198,0.4238753055028978,0.6327533975722239,0.08395063632349883,0.7257732962017316,0.2905326097321159],[0.6301758244176248,0.596316517478051,0.6047338417701096,0.5669095788174325,0.8652365623591046,0.4820925382910822,0.6724712481880487,0.649631931549391,0.2508274406865808,0.29080996330880177,0.41041453343342266,0.28604324089372785,0.3617316340904657,0.38231652183906,0.5632848767975924,0.2369065363248024,0.7336480859951843,0.42190590325577887,0.6503074949307599,0.11922610905469519],[0.44947058500571185,0.07398660235072907,0.6245234930432301,0.34215356544750913,0.8568648919899543,0.3255055824112065,0.5292350133150678,0.2687794393404225,0.5770957346052393,0.44698599761324936,0.36503402227978793,0.2231359467181529,0.144793142375737,0.15189726386317226,0.8991840148797202,0.4004641178286495,0.051640251692338546,0.8599894720321122,0.06698293559534076,0.4057982067213536],[0.6598559480750575,0.8274093577159974,0.6559533477172859,0.44408189166501,0.8782757331364879,0.08342147557827986,0.8888583721573069,0.7719828189521731,0.8395905145574053,0.26655656048290616,0.17108936144162928,0.6138179874667951,0.488480522288202,0.4946927666327225,0.835926301710735,0.577068770655273,0.3144042598389014,0.3900565729551946,0.16347145982807357,0.21346693423433594],[0.17184755967810772,0.7387476400296513,0.649142447776301,0.500793264969224,0.3682126585834351,0.6182201467756979,0.7409695455413968,0.7990482333209526,0.5149637939753835,0.7469023535467457,0.48461006040079074,0.4533505758097072,0.7856170772787853,0.37841784582496435,0.3865257771845969,0.3091746434921787,0.49089646905042417,0.5131225286360416,0.6113919735138884,0.4159269635931349],[0.23516169810105947,0.7868157530517945,0.3441007371523122,0.8345019068641485,0.22625033307248738,0.5260488548007959,0.5061228295000344,0.754350670737946,0.16802367873820528,0.8234465969798421,0.5017139463462597,0.5481929763272114,0.483641349303102,0.0806211708108265,0.4725270625356084,0.27401721327544193,0.3412849533211567,0.601736359309069,0.47304256005299,0.12923548076734137],[0.11208508354749508,0.2078090412747648,0.21225237458639012,0.5670556434256602,0.2011422944387114,0.799461509783555,0.22829656152140115,0.12746172861242522,0.7943841139056999,0.301028439665223,0.4116092353586754,0.865172426410576,0.8527138362841078,0.6576793558751801,0.1085981089726715,0.5543391065996879,0.8907162447859192,0.8548787941603835,0.14010211864195143,0.3865722076268133],[0.3182062340174134,0.16026889086916973,0.6405785645614468,0.28277110970620123,0.3431359326565031,0.12680504519620528,0.4732724249618657,0.18444268410424802,0.41727686004256576,0.1718408887878063,0.8607724064576239,0.17323515321757121,0.4936040807730382,0.2174328515211394,0.11490753295171785,0.22196232601578342,0.09655799128187068,0.1684877756528405,0.4694615340987344,0.6040431928989382],[0.12423884281101594,0.4248658303186282,0.5440599694253492,0.24909182477940228,0.36626664978862156,0.11105963927356735,0.2371114181981307,0.446739987031099,0.891875852086524,0.8968253034982634,0.8826784289556447,0.40962342835527843,0.11857832165246526,0.32503742166193345,0.2520572190653307,0.0620075886733764,0.1309485687451191,0.43521314479170614,0.3387130942336524,0.20330066338931058],[0.6586849750599351,0.35354825651212574,0.7740876773845627,0.25483058622364974,0.507634466573631,0.20651833457680507,0.4710055239279657,0.17959653263162828,0.18734183071579363,0.5703898704857133,0.27421813584940175,0.1965121425796102,0.8403030126148122,0.08655276312904342,0.5303758957915041,0.5160242655582755,0.2630175432426008,0.43485598334589515,0.12457711562024015,0.6630796240353029],[0.23844257612029973,0.2143775558525725,0.31764670653587757,0.8170144322236708,0.7269966510410113,0.854858447463694,0.6041679941281226,0.6134832843772745,0.4580263495122844,0.8194083748619292,0.48424557687977965,0.35180106017577095,0.5943187584300155,0.5142185693908189,0.15541684301341116,0.3838166018255651,0.31632659943030794,0.7698087087594621,0.37201617342714244,0.7483219477430587],[0.4260311548158037,0.6904754789287685,0.16498963923451143,0.835952686709693,0.4584759071790805,0.2708285087823604,0.25526616541008584,0.2753156952887261,0.3617155469802725,0.6598916027742743,0.8571625864656746,0.6186818156050874,0.5150913303024857,0.4313081368145644,0.753965296981974,0.7722086220791594,0.2990820232678958,0.8604072113554156,0.38584805872542477,0.7300663588127987],[0.8717968963698983,0.6481093857272695,0.18731811748351468,0.5482164118978412,0.15096055463124164,0.7207707338885874,0.2891178977928005,0.6409325996010158,0.8235762230106691,0.20385837306964655,0.3839291628109917,0.6000509698625314,0.4067098038880759,0.19859610038100795,0.07471087204347746,0.39560842214666847,0.6018276725946323,0.5378865769296154,0.18280505379654605,0.4330894272872786],[0.36405038925406485,0.2830720419493899,0.6698805572813309,0.31320422552310667,0.5091206594830748,0.8347400049791741,0.5083845849155451,0.5744694736364767,0.1122590882424187,0.20141402218047588,0.13580851940339644,0.7000910061024641,0.7605329187793161,0.208486999215391,0.2363809882846274,0.32472619606886544,0.5524159744107602,0.5785267647300166,0.6337408647602389,0.8194138427814432]]}