{"n_weapons":20,"n_targets":20,"target_values":[59,42,66,44,67,95,28,15,57,20,31,81,48,59,80,21,53,13,55,30],"kill_prob":[[0.27168912705373044,0.06208107513844569,0.2336769575866144,0.6775710964095397,0.7771186361914532,0.8135004553042602,0.38142692774701187,0.32150166701802396,0.8998817209767045,0.7039393832833505,0.5067492687714212,0.26655571778598713,0.32310963495233896,0.4880596965049791,0.510770481822138,0.06162684763262615,0.8654900724807533,0.539265310248829,0.5507845077477633,0.2297504636907463],[0.7002391019810608,0.6766748420780664,0.13088427739404945,0.5557452164209322,0.6094646835303978,0.7602329483877958,0.22517750208005405,0.7959895772854451,0.4422589109514563,0.13204507640979807,0.13977803828424457,0.21813378562219415,0.2903381000875122,0.4719449337908297,0.6864385180828759,0.20871701671651743,0.8937540253246061,0.18729364200476573,0.5594712725638253,0.8395993704906389],[0.7576313094453031,0.6007058214136859,0.6581690472722638,0.16407478269955966,0.058213595696211,0.4190264667063168,0.1260910873875576,0.35408967762590066,0.24018137453427696,0.8288947140236312,0.798047599156849,0.7461014212513571,0.6568526536518895,0.18096113973842293,0.09111231226927885,0.6058046791764886,0.5959194165988344,0.3640106420413088,0.45178366647025753,0.46577698000229095],[0.2539389128345304,0.317041620121448,0.40563112146397634,0.5627021754248513,0.8624463251147836,0.507711918091184,0.6714893231117214,0.7359509370362203,0.14648190311227055,0.6051559674208499,0.45979411221626076,0.5365663009107083,0.08265439540368791,0.8202833760652775,0.8598665271391326,0.052959635131919994,0.23087285323528423,0.20316504765260746,0.7141088396878738,0.5583680502450472],[0.200733613802222,0.7418753120210314,0.35045364103488613,0.441728344849137,0.3792106145225486,0.4931731754750451,0.4581210985044165,0.2833964022630763,0.41087263186976425,0.8220865773761551,0.47746001600735827,0.8289284488590193,0.51760799064527,0.703494699274535,0.299552613210756,0.7218514665377467,0.2746733710372377,0.06661747589652706,0.18661960170103908,0.0684049437772313],[0.8550032456077143,0.8999804673550401,0.6978957240765925,0.14190893918884948,0.8141036412827521,0.6822097557761888,0.33240783809177465,0.47693622503759225,0.6124954400726735,0.07044290432228055,0.47630977528491086,0.6725361182667374,0.2099915661118829,0.42722198745743306,0.5026506098071932,0.6752305661653474,0.8697856541741414,0.7710342158036478,0.5782906571954577,0.5460945736095879],[0.5627086891117701,0.5134018462608078,0.10045844822008503,0.6435519353999744,0.6588862801101626,0.4856083079269733,0.7898294645921616,0.6215712823431767,0.3582649591784644,0.06674020055883911,0.10028739952302806,0.34902852239551835,0.4427895264188804,0.1918404515821613,0.21092906045923726,0.24567965496243582,0.7134363386398318,0.7055946648090057,0.37549813760171197,0.19650972434673647],[0.14427212730394884,0.12405991524009724,0.38258736326446624,0.0887110683229515,0.3335897815573847,0.8673032561599668,0.4813789232685329,0.7492479583099106,0.15987605401108923,0.2778669650482491,0.8545644778624075,0.37601911239392005,0.6011452091810741,0.879707762288201,0.5181695928811252,0.30954405684442554,0.502156187559253,0.09644161943123042,0.1455143929787875,0.056095439294429436],[0.8015785353302537,0.6205883645646563,0.3035803003628359,0.2379872063262089,0.6306151109841129,0.8316022550674902,0.30426822739429404,0.32332524297876447,0.776104616414707,0.8093694435011894,0.8269310818053117,0.29918107680569056,0.15226568245689656,0.42399793619876075,0.3014001353700039,0.8012866667900604,0.08113970053301314,0.5887983991908315,0.8202541608858969,0.8801698117851561],[0.6026110094033368,0.857434513469023,0.1143105432313072,0.3553865940968038,0.057407492727723636,0.8840062063621957,0.8173175069516944,0.07384467281097115,0.06541275289080108,0.3619240699904112,0.26975727177226655,0.7698924356561269,0.18641174278108297,0.7220520432957288,0.5212907449920637,0.3707830056942396,0.17386179747337194,0.8980376100657204,0.5752882027833063,0.4234748976827951],[0.3654584230698219,0.819868996036227,0.7480130369621468,0.7395079201129902,0.573768702018034,0.8047630952914315,0.30438661630375985,0.6481502148887959,0.39378058103310865,0.5599989872757384,0.898430050520789,0.8868460635740206,0.485726163997331,0.5377839343401009,0.8127235037667059,0.8877903556367768,0.7118166322321678,0.1054067892648361,0.32424377419228434,0.8120779889322617],[0.7030996299729085,0.6808981103707631,0.6177347458979199,0.40297427218752596,0.3927551222929965,0.7375926144521809,0.2997132480003103,0.6321070917958275,0.6672772449103631,0.7678725909572994,0.32190275210096336,0.6806058768124719,0.14051641294188383,0.167352469609119,0.4047356341473913,0.0969419099019602,0.8555435732455376,0.8166114389329565,0.09159364119696667,0.762564963608437],[0.48254304797652153,0.6466684551175175,0.8038914939034592,0.5404283140160439,0.14887803524193505,0.052191818913598316,0.47238330241372956,0.8568473123057061,0.5367285908712165,0.3669982673749948,0.07628371451877636,0.8277325046864703,0.3280831617293358,0.6490607911178318,0.6401016217947452,0.2658006871634357,0.10421088049161653,0.377250321871067,0.31956136176161987,0.645217939041477],[0.7468151213108633,0.23907860478292348,0.4989964093099759,0.08451709527993742,0.2321174494934426,0.6974973645237706,0.7243885724157116,0.7099437939340328,0.1710297362400296,0.5183795183481548,0.40930215227687544,0.8927633522758269,0.6059593886995857,0.8449217776863698,0.17354775925717197,0.43324228213519467,0.7058664600899883,0.3626790688258422,0.5876322217305997,0.48494684651761155],[0.8931399978352935,0.19779165905566776,0.8450463910306086,0.39133531073280226,0.4477940214207003,0.4993116011364821,0.27556156701854284,0.8691088262191741,0.824764124449571,0.8769693351796582,0.8973816363780945,0.6193300809038262,0.43393267143488296,0.7731238162718591,0.07023414616088777,0.7592434380064779,0.47269312057935564,0.6222370230209051,0.36793915214113143,0.36332968078679345],[0.07695957988925456,0.41022101586466125,0.39710106610643053,0.2410724365878606,0.2602247825088023,0.546518643376135,0.3201057261585776,0.7557141226646963,0.14467734082850653,0.5409982045887871,0.186038018068237,0.4990045328825599,0.5196640039077709,0.5959530335468698,0.41331120518195963,0.4830534823598662,0.20380972366909933,0.44356304727588014,0.36707583073014693,0.6162114389562483],[0.41959846497201314,0.7124404033331873,0.4120932837876383,0.25040549702786485,0.2826354111147969,0.08849244132789108,0.5089309890107736,0.7562487513152736,0.7037449507949346,0.42212104638770065,0.21670230187283535,0.7839617768028349,0.09826387893830815,0.3893393164221199,0.7781228710263585,0.38420018429356695,0.15019415014341592,0.2760570752939267,0.5600250254815061,0.1792305215403852],[0.6066950278160025,0.42243764151935886,0.3342310756974436,0.2547866584446893,0.7498304879782031,0.3871728553438913,0.6777073757652936,0.4243019137417767,0.1280871088537625,0.4244300788921713,0.48153461277539933,0.4391658644693703,0.7438054549860317,0.824223646686575,0.7187618739293788,0.5453646168793158,0.5102324664716571,0.5979236256051101,0.2946557519734683,0.7400698192263824],[0.7783209509631118,0.27713458870455593,0.817395476919066,0.7714228153929173,0.4108137523601337,0.8226501717788337,0.15237314473978192,0.0737885753275653,0.3456868017549462,0.5306203440032433,0.3487262223529362,0.8507575736206556,0.2665036946968733,0.2890313845537771,0.5896034706631269,0.05328429999045198,0.6684234945014094,0.3708490606291836,0.8810856874968016,0.6377049540752864],[0.09438271181999162,0.1287336374306776,0.12494289088553477,0.8597289209081522,0.6314438100349495,0.41346510619559534,0.2204102863980264,0.7925937844704327,0.22132253852063938,0.6506773340044448,0.6988257073135441,0.300457675527097,0.4791775265950459,0.23954088997063477,0.37209020883717336,0.8703642385380075,0.6391673294562658,0.7696220752619378,0.5095096357467298,0.2531837808286527]]}