{"n_weapons":20,"n_targets":20,"target_values":[100,45,69,24,76,35,62,90,70,53,27,41,87,29,69,54,39,75,42,36],"kill_prob":[[0.694059042690756,0.5853196085161807,0.7194281781587486,0.26327318454367543,0.5863739230230886,0.18067498756551564,0.3592274348399412,0.6657060806163811,0.5869181277429455,0.20968161653689366,0.7795912712786498,0.09534833499340459,0.5559333352391521,0.8862474251968654,0.5017790220663363,0.7305710469655077,0.5559038272107368,0.7156250676845437,0.6072550150519942,0.6374622123568995],[0.24363947842342643,0.6805477765369801,0.25222340366468116,0.8835442338712,0.243619112317024,0.25118140305800785,0.7798721524112845,0.2565379826683963,0.3567673744675905,0.657444137002173,0.18493629316554877,0.1852109916033769,0.4634046597766261,0.2571422410978178,0.25030926223367855,0.05785308320573578,0.36488215251825573,0.3205129714256427,0.07648243920266984,0.5780482014816141],[0.5826569047028509,0.11018040100761006,0.31948532847303507,0.7918847021960882,0.5448420080078916,0.4001785154101897,0.4453366391944815,0.2270379952704344,0.7400992756017388,0.8269039996333225,0.8240644359125371,0.2403442329384547,0.31412922760998835,0.18652935858810626,0.31112096358746616,0.33288456630421026,0.5881398765049402,0.21119942431590594,0.8314873857125821,0.13763454957251348],[0.0558463093791831,0.7767033593359532,0.6482043366011423,0.35205588980259866,0.5561747500236004,0.24001248571334838,0.1931312013485696,0.4504767648679144,0.3502096552628167,0.5729455429549983,0.23542680687687678,0.6134885454765259,0.7018322922573912,0.19164072157420325,0.08727954090522858,0.4236492690061379,0.7079204730935715,0.6031628602380212,0.6465994623524026,0.39241343899436315],[0.2497037134651094,0.502012016791918,0.22371083968681738,0.6672943924373059,0.21742148756555546,0.2975737767071902,0.48056306157455453,0.46370344402197067,0.560721969945975,0.4218279104249294,0.8315523122335776,0.76394398006761,0.7972464335511427,0.585089085692922,0.5897567284816855,0.5678188811585564,0.4196515312582378,0.3237901009071732,0.5532024543315398,0.07170206156768276],[0.056337966710232584,0.7738955523522363,0.08946043806097886,0.49607587778340534,0.5727395985071984,0.21844554517907028,0.8113712125253761,0.21158140598611874,0.8018377392616735,0.6985417289330799,0.2546315104955649,0.17813254133467954,0.31879780365829985,0.3882579813297335,0.2589169750240849,0.8990578164412597,0.2452044858036439,0.7560396029354285,0.18525008502690188,0.8832079314845553],[0.2416949395406221,0.40843527156605336,0.5247794567527205,0.15224285788267933,0.7442970573572362,0.28348270277870535,0.5168794163614142,0.5171887390892599,0.5622445544769172,0.09716308854566749,0.1933259475568327,0.1870134064848596,0.30674357050347406,0.1731770333295889,0.8336331226581463,0.4860112829346056,0.5800388755472817,0.3538649490884027,0.2848092198788248,0.477700594697381],[0.3001745286096085,0.34209903687029963,0.43483824313022856,0.47987363410670214,0.886666910014563,0.23982419993764942,0.4647797401502501,0.17708497856593808,0.3474993478017767,0.6597141109004436,0.19829282219648836,0.5441486114175367,0.4041958700328061,0.09384261274380204,0.8431139552566779,0.4015626692489534,0.7163375553884913,0.40386646542203025,0.8467562733419669,0.29689978426456287],[0.4003960522345423,0.6950346042203934,0.34211721798872835,0.3597035106349024,0.89559969740209,0.5222723468367991,0.6359733856196259,0.5969428990305684,0.7537355250830864,0.7825513345254815,0.5287677125997632,0.30037266372143945,0.06938021043872404,0.5722427634046722,0.7516485082757767,0.4329588346849106,0.19000021941723466,0.2948697619952948,0.4834905900850849,0.7611790361310166],[0.1959901741581575,0.5703273943530871,0.6903633218579637,0.8456403922845998,0.14919813792703052,0.8374328890398738,0.5612474048983076,0.7016963493174432,0.09570850313327214,0.48022593229450583,0.5792352229686747,0.31080876389191414,0.41690267688606475,0.5211534149876583,0.5196657488070329,0.08558229659581237,0.4235595015920585,0.23174543157339622,0.8291908163725473,0.880092991604834],[0.3046998618992587,0.19890758766339994,0.2365785283060916,0.45608941705001066,0.7933297592462016,0.47503078269699367,0.097083252458003,0.08390276230617241,0.24328230377942128,0.7663555859680146,0.5782584739048724,0.5285141757183478,0.3211241536952458,0.8400115942892592,0.33150150821781255,0.7597027507550047,0.8115179902795014,0.4608347612337162,0.8101458790586312,0.28528279428239],[0.6096684122557845,0.12476918624572833,0.45284408197853476,0.23473203183459573,0.10334878624101246,0.05316668186597762,0.3260392989746871,0.5511010053562484,0.4369457955034837,0.30650390374157166,0.8925200261598134,0.8485962839827262,0.15680531081187232,0.40284131266822054,0.6015198938945693,0.6734671779004463,0.3614163316730668,0.6843395408250456,0.15552751097407655,0.332040731469049],[0.6589681993925193,0.5818303717213189,0.7616286826324067,0.08982846926708182,0.19823296014959124,0.09122039493117148,0.2132970906118296,0.05364038903799476,0.4785787564270363,0.4990672362330171,0.6092080141950956,0.3771755801208869,0.052726537082406405,0.6228074812464915,0.0961474245857257,0.7862448661950824,0.06925588955174676,0.5009038547681376,0.8106802000276926,0.5366161394204632],[0.5671542345623405,0.6293692210867948,0.15404752057089696,0.6236880356889756,0.7983016497108929,0.878087707910019,0.426594199454595,0.3428291239259148,0.6903131732568695,0.5114431448810174,0.2687089562867759,0.19633420222424752,0.1946957555038321,0.44030048111522924,0.1946057447733026,0.0667611024097629,0.09427545872423651,0.8404018623600209,0.1120171399861154,0.11220358699381562],[0.43351017870350256,0.2583352399847777,0.868289774346623,0.8243379635731336,0.394031761370577,0.4314217915038203,0.36884660511423467,0.08218619914665899,0.29891981336650236,0.1542724491701865,0.13701478051285432,0.5267323369959297,0.13395012905652792,0.13749162522597405,0.45843665759644625,0.4259400103542429,0.16698956736251397,0.05378167108753355,0.2140282755026673,0.2505084160547346],[0.7302111770675375,0.8281225979481328,0.39505273786477424,0.39427271752583115,0.6556090911958867,0.5828837133489857,0.2065191586893978,0.14153575395148216,0.42197010705679316,0.5301041086883486,0.16790146268498787,0.29928246939717784,0.31005154696598863,0.27210347087053943,0.44164707634802236,0.6051040466717778,0.4829814010735935,0.22123807791024258,0.1374981899902898,0.7485898934638954],[0.45740898031011784,0.10281830651379562,0.2694032747021243,0.7334287116265316,0.6889673760575175,0.7944441379627711,0.5617746521014383,0.40947004420434674,0.41263974792128305,0.2149000378190022,0.6031791172901996,0.547308442678926,0.1816347497145105,0.8028134820385686,0.36319797281400745,0.09227795069290821,0.3286987826628162,0.7893782075048394,0.8294130979825168,0.46683865467068847],[0.8628889490624053,0.7939555378301797,0.7514461095343415,0.7807535549798751,0.37459410034349994,0.6929985996422121,0.5407381526147269,0.6617314014792607,0.20111819144365845,0.6716848250087006,0.863953569065046,0.3072638240242151,0.888237125362283,0.3716196125845654,0.21976497246787796,0.14544329533020262,0.7172176262949511,0.5216015903200831,0.3110615996127245,0.5671828143246942],[0.332286009664854,0.4311040937291899,0.7832645068901275,0.61794150533029,0.6980415637490089,0.5459695187491398,0.8926883415527779,0.2551985563472588,0.27294748661099255,0.12867509792758294,0.5209165767601039,0.5713553509471128,0.6670673369639969,0.33512903705687186,0.060418281585273126,0.587395106525072,0.8988911686423253,0.3003669507214936,0.20634428459866677,0.28950191415240023],[0.4116031535604901,0.26327598960967996,0.3449160215624004,0.5924757277924583,0.3432737888162225,0.3866501030661064,0.08402657337937436,0.8302511263794393,0.3958530659276256,0.3289219886295751,0.12351156680857683,0.5890557330859061,0.7842512077241918,0.08498022004454026,0.17348159726113016,0.17443135455327624,0.561933627045624,0.8330459273106136,0.4221031120056831,0.342235480964773]]}