{"n_weapons":20,"n_targets":20,"target_values":[75,14,50,64,22,36,41,70,98,86,27,11,14,64,24,31,87,89,86,33],"kill_prob":[[0.5691546132501055,0.5205097140761697,0.3867415250503616,0.625977649059825,0.6669041895081188,0.5318971260214788,0.694658901607041,0.885904514593997,0.4063815297156843,0.4873955941027012,0.06059939625003125,0.7266242728638217,0.49219555698909473,0.3967672158064804,0.12996116862598645,0.8062079584240877,0.38575615403447294,0.6301943584778373,0.17696803291292817,0.8673171851098777],[0.2016754975485563,0.21961069396456684,0.7801354314740567,0.8256953325206415,0.2303252963948062,0.4493307549486037,0.6734706688784053,0.7966108737391814,0.3721947907817094,0.4894665638220148,0.6804589489417747,0.6714655801548761,0.7155161105221722,0.5344437458452974,0.13892283228405894,0.818377297246334,0.785736658422874,0.7283828204455831,0.13488310558662006,0.2237377620192148],[0.6820603103415042,0.06966908039465447,0.8823409386511877,0.3705729783023286,0.6614156536372001,0.8044354252148369,0.3854354049275699,0.3212626153097161,0.5674299595635097,0.5438409676858431,0.39776898098107755,0.5615085424875522,0.8450741641315206,0.447494218132607,0.21723085363803663,0.3706250854505533,0.3849909352041508,0.16144238907228686,0.18844077547137167,0.6318777623846257],[0.3385560910775673,0.8616636330774365,0.2570572335548163,0.13408582933909896,0.6904788785502193,0.7988806441301896,0.2863963533407647,0.22177488639865628,0.2079012146404241,0.49371045616153547,0.4481541450597553,0.2705238638763541,0.08839714944101243,0.4592676392773386,0.8654324954902671,0.6046413206397637,0.47118057313432565,0.14408826292517368,0.26457084696714916,0.3005578571383613],[0.7000830197161492,0.7952041776749265,0.8163955755314727,0.886883317013141,0.8850116806388526,0.8600492628527843,0.11104881942745173,0.1671245055386344,0.3087965475046279,0.5199635159547923,0.13243120539965741,0.7689274141318211,0.5742427522157127,0.5110097419568742,0.1905146248621975,0.26526715324016775,0.18626522123491934,0.7741431841255788,0.5465936810520354,0.6748600133916884],[0.30162793347352185,0.36556474152503554,0.3941267197625537,0.6960127259824297,0.7065000395233829,0.22579149838692697,0.8503080282273842,0.15255703682713345,0.8117037700600858,0.13533629880233788,0.27485883947861445,0.7695067556577635,0.20256826149417434,0.40153274161347435,0.43238040495250724,0.2584701270697282,0.6537084211355886,0.7736344519918733,0.793388868877236,0.3384238238760768],[0.5012228351446423,0.26114544328580375,0.25807702631762364,0.1870659534241355,0.8490161591863875,0.804790504314743,0.7107549063285384,0.4900122930945696,0.4670167281850911,0.5002838162551233,0.5060828115405259,0.41937862199303677,0.16199160795825734,0.1568142749382556,0.8594122584688308,0.459726145648398,0.8602246961694107,0.1890403460535935,0.5212540692339436,0.22655966534880834],[0.2652069152076113,0.07554639194700197,0.15111031412917963,0.8293211464848164,0.32330304275998195,0.5669098301274028,0.445262012190882,0.39038355845848655,0.5021031776441579,0.2091531029230403,0.89031331374164,0.7455616883982835,0.680372437821788,0.4484454024618596,0.17994555380738558,0.8325659795325326,0.3401790072744685,0.09259068624239371,0.34104312528903435,0.7252884759215017],[0.579302433239977,0.6882127970331308,0.7245900762830209,0.2301614194184612,0.8352158186792032,0.4222911624823167,0.5931616018745399,0.0519624566987307,0.8943632236495014,0.2887619280695318,0.10275364055913194,0.43952273530603686,0.15967554860473548,0.17947770363393933,0.5874403910756787,0.38398828283469827,0.8335745826317458,0.3212830204168595,0.667253109126316,0.44193451563167147],[0.610958605959887,0.5597410532085919,0.45186637684514847,0.8575519304307716,0.34130659634171245,0.20065017606188168,0.6263799517478541,0.7691064271117225,0.0842156789489352,0.43218778515927847,0.8086145362342274,0.6871758260844374,0.8930365590229841,0.5017017398576572,0.6109963609809786,0.3071082389672389,0.8554052597160935,0.36138516527305586,0.6777341057836344,0.3926691735012196],[0.5275460905535494,0.6618151547683143,0.4825940289886511,0.8210233778730822,0.4064058397386387,0.6000110284218264,0.341008068305046,0.3969331679963611,0.4240425919985195,0.15693596556544245,0.12796512720015568,0.6173664346747443,0.6071900775915945,0.613473257078581,0.06680147854128793,0.3275648162710129,0.2181383701703174,0.7114287091624105,0.7815358411867106,0.25967832064222524],[0.6176717850207885,0.1599583829395333,0.28387964676145633,0.1678563217984066,0.29099265160934484,0.6235260652468863,0.8237778736574646,0.22214404673555804,0.5107671797081114,0.6461824360569175,0.8599840982127309,0.5685514104540978,0.2668408913732736,0.5816564333768458,0.3224174874263137,0.8797091320879517,0.38972471488909133,0.6326135626468621,0.0697434449947447,0.390052229214542],[0.793841471324135,0.568693327768259,0.4273514534365799,0.845546874520367,0.7758867197251448,0.3238833227494975,0.5128661417351387,0.4663506176785933,0.587372125097633,0.3339945769149422,0.25757425065100503,0.8257710599672057,0.8352933245737304,0.7668244528976822,0.8814737661498772,0.6832427969127353,0.6999671442776997,0.6982015781682447,0.45851648630096054,0.43798436533713087],[0.2541923347266527,0.598096315205397,0.29592211568698434,0.26913714824700125,0.5480671679816466,0.3984850299912867,0.2360281174754374,0.7436476142399064,0.7814844314002196,0.19254459172611382,0.05638097787999989,0.3357104732499676,0.7278842103286397,0.7632977862991758,0.16757970959864182,0.7081855160055935,0.14834854221301502,0.38155320163304984,0.8988180877601285,0.21370219974627336],[0.18086904519098246,0.40938028266477444,0.5767182470743822,0.8429656650512652,0.8836979737030791,0.10919454110268545,0.16729788974571952,0.7221272778115948,0.2800373294302314,0.8021217005804065,0.6139352686447238,0.1450680820235756,0.7576498921854061,0.19990292300686446,0.4099710854777057,0.5193571892754305,0.4756512267182365,0.6332384782728779,0.604783724638867,0.8932357046988467],[0.8995086228405597,0.4889904922402948,0.13091922391673438,0.6686668041234106,0.8801644664841008,0.3205774294846673,0.4420275529619377,0.4110603860931375,0.09370628137338996,0.6214247665399282,0.3503370408081976,0.719344293436777,0.7573020639896881,0.7480461686081686,0.4041660983338981,0.3233138299047646,0.6864976627169966,0.7311810187663146,0.4675688294326612,0.8090763666058576],[0.17232239166677454,0.7972084627101161,0.1316809480260991,0.1804966937464218,0.5037640112828663,0.10739070815930277,0.09488603619009381,0.05044093254084969,0.42086916074012365,0.7084302990983954,0.07961259773792831,0.6044189654959771,0.7496582198037586,0.19280072129119047,0.17483417459819361,0.7816808275774557,0.7496559184575805,0.5081005013245589,0.7463198973998832,0.12884266581082054],[0.38530929024794125,0.677127922690417,0.26883416542536887,0.6894795772685198,0.47855181373219174,0.6877260897559981,0.4449776921787301,0.36271868918854494,0.23631083400683744,0.22712244021976274,0.6887671889856867,0.15107379582886643,0.12308499759430336,0.19984766026881062,0.1990445347358336,0.7496414793858648,0.3887306299530805,0.8918301887564101,0.16662956912202054,0.6055088518395969],[0.431420081121063,0.38398045019251287,0.79382156919597,0.8792562989541397,0.791930114958052,0.21345557717986308,0.23767823302759394,0.6076627972308039,0.29572104439246294,0.6745163611634929,0.531457553188198,0.5182724532168425,0.7542648861129679,0.6539528559812762,0.07259110024769794,0.09204026657411334,0.5613246845876134,0.46326326427893416,0.2711569570415427,0.4058576742175814],[0.6942237709229314,0.7526197619592405,0.5270396077065376,0.37756405872853754,0.280092247270841,0.4936307001538654,0.31753717577972385,0.5294808664901395,0.625154525133192,0.10616732928148562,0.05090734526933516,0.2304355680146315,0.8103347730609639,0.5993471487442753,0.19616629914646944,0.806724367550076,0.449462549244239,0.45467799317686153,0.8452106522662569,0.10056368835583901]]}