{"n_weapons":20,"n_targets":20,"target_values":[18,99,27,11,17,51,19,86,56,39,10,53,23,99,36,53,11,21,28,14],"kill_prob":[[0.8536040865739563,0.27593800128380586,0.47845432057986825,0.1270965011764733,0.41010685246801426,0.8405896913626055,0.4770510445862976,0.8754648790319788,0.2700102916517897,0.47886345374834655,0.7806011730379264,0.4310145013706822,0.28756426753466113,0.7771540589051994,0.3814060485417176,0.501114797401199,0.8800480064528738,0.20851080054248433,0.30619054121215783,0.07640916005936395],[0.3830620534235448,0.22015591599713064,0.6280296950967077,0.20412323995097453,0.6235908395449893,0.27395411396092,0.3519351590030198,0.3465315542394378,0.659238987639068,0.4465328736675916,0.35710406402478057,0.7747293111835324,0.5361580317950223,0.2317561980862981,0.8150775864221302,0.3412527516285945,0.08313247090672234,0.47041019037828496,0.1553473462747461,0.25269647715838117],[0.6850442417842995,0.16113904136987078,0.7359025907009303,0.8463711949113106,0.5655522853467531,0.6538053132194049,0.6565486184213049,0.8938867636798782,0.34030752287137944,0.18842806855629712,0.4912921496771732,0.503262338356952,0.20122561505172282,0.5711430061450186,0.062006023455300374,0.8385181420860883,0.2748881361480724,0.08362617713166304,0.1420120252536285,0.25421160603769544],[0.28282024331513844,0.07788849957306937,0.2874515903646698,0.21400047601945982,0.37182778831934077,0.3773925767525738,0.3381565795124472,0.3287353010010984,0.12627158608006356,0.07142420505723784,0.22179715513299658,0.693152013304123,0.8921883007184538,0.8392472487987297,0.47858645220710333,0.5020502774112441,0.31739433368046616,0.7078485228420078,0.7000431847427514,0.767631503945078],[0.8111788906173517,0.4191968609915014,0.701844232891118,0.7354389194764969,0.3121906791230876,0.8398559074052275,0.13019027724370713,0.8951288022887904,0.704577110435039,0.12928026952567817,0.6077952008892505,0.07905249928902114,0.7046589070275555,0.729339483410197,0.5620487151277306,0.778331333129085,0.13320078818263076,0.28453526573469123,0.4020508933537699,0.08608925990388354],[0.43098367443549124,0.27543143769568107,0.38382476028649004,0.4113372371934605,0.7974999734645324,0.2797898249484932,0.8096816594088313,0.41207532009092185,0.3286365625898881,0.4771352419348741,0.40508179340841366,0.26876646609687416,0.47727742607665685,0.17903147311700657,0.34914045156952117,0.530921686467977,0.40139700773137976,0.750325506893177,0.2682134973048913,0.8743058420063585],[0.7170137177236486,0.8724540720978514,0.7624160716057585,0.17078833697389628,0.49749107703976164,0.19448174301641785,0.7454932497331688,0.5465378268058015,0.2739319172033699,0.8401591262060957,0.1479081453171216,0.5292830429506169,0.6628844714667167,0.10002125673256701,0.5581776282252731,0.74351603314363,0.10739821725534537,0.485406525440633,0.26977360142642903,0.6134857838063827],[0.1508757620170182,0.8464937160699308,0.810519294457522,0.20807825689435278,0.3247760017103389,0.5494897284550866,0.6603529861391129,0.42625761288621944,0.18284762366682877,0.13852876973244085,0.8998005363771924,0.4370493032269641,0.7916519867762235,0.4600196039347473,0.8340039927641029,0.12459547535581801,0.14691631263436833,0.8401873595655907,0.8553690882880672,0.3175098303455588],[0.35189015394479106,0.43458269960954427,0.4037374280571972,0.21153843356565716,0.8136190763484684,0.26531146059979716,0.6494815480560039,0.10708232607472695,0.08293863179916505,0.6056709016903825,0.3381634789372713,0.6071404838120011,0.12991802184350582,0.8573736729284839,0.6862372968591312,0.7948271480719293,0.16599997093783428,0.32213682355893897,0.36309253957539245,0.5065967510777958],[0.3023382126813021,0.10153613086099436,0.3635466236268501,0.2663669174331898,0.3780330977437326,0.2174156112270223,0.27261191838002513,0.5829094893674285,0.3799307593913553,0.34357588419406826,0.5038197878140169,0.7060814597173369,0.3720377628957636,0.5493915686724645,0.8712722315629499,0.4936830970003431,0.8233279400399128,0.7246217306179629,0.09991087940262725,0.4147340407488683],[0.6435706466882999,0.8887051255809699,0.43961984748728566,0.12886763600772852,0.5277077985059376,0.15757922330536625,0.6887916262374844,0.48152544784251117,0.6649166631206935,0.7889575528467452,0.5846058145883606,0.5705734298652043,0.6913847511236866,0.7660867512347673,0.7886957183354523,0.08096566633045081,0.5227617522781209,0.23382891332791872,0.7812940071645159,0.601138032422857],[0.4071891071775724,0.20988859390314862,0.3381700820318525,0.6482110403591909,0.22370561342989298,0.12954550353761685,0.8048244444934184,0.6995787971430993,0.2198256910594127,0.2984648119154929,0.8762596505612529,0.6519568137452498,0.5689437035817511,0.3114842126105108,0.3042563725415439,0.0835950758866959,0.6692095868666417,0.08669894129835186,0.054128737110687185,0.6700708246818323],[0.8565426935767566,0.693027590568214,0.45089416203072186,0.46313846212674203,0.42071595925173955,0.3259471170437836,0.4934570820579641,0.4164783135699478,0.5584426980346585,0.8134020684259303,0.8957580047252388,0.11693179640047956,0.3769809517621402,0.20360026640178802,0.3493024028367036,0.2943520657661595,0.19835656188277007,0.6994646454080969,0.47184543140485047,0.8313587448846419],[0.07770357675996231,0.10693131116219143,0.39278254549079245,0.11823572234343155,0.2733201569526085,0.88812528161513,0.22761566636192193,0.21840008020027712,0.5375945684763527,0.4732985471741832,0.5433725526224181,0.37022498647726465,0.752748005910705,0.1677934687260934,0.4141337489652458,0.636297571177474,0.7880009742404648,0.364135865403244,0.5325837592296898,0.10876895325617228],[0.1947712248950546,0.10876743809619732,0.6686987581987437,0.29485097341381955,0.6651834966630621,0.10643853718678337,0.7831656303470766,0.7602006683944279,0.12558943159274025,0.07019303048860855,0.0978454910346925,0.7755856471747239,0.24949796569411137,0.5160323201794603,0.4123075727030482,0.7261966972943118,0.46556355625007,0.47556171456207924,0.890728148574917,0.17761012323686853],[0.7560983479340417,0.09398728376330207,0.45600145413702514,0.80338460034307,0.6154318707635031,0.632432426461213,0.2738196899180127,0.4057885726572361,0.3615939039741929,0.49322672863429506,0.4428937406221179,0.32786359909544094,0.30965852051549453,0.2632249579068538,0.36029015985204466,0.17745025624395155,0.7912886567030377,0.5618014830584133,0.16371846175477714,0.6397804340776512],[0.7705164977982772,0.25190532124442006,0.17801050518667433,0.05732466856368925,0.09016278802801234,0.6979136460579849,0.8891083822354398,0.08814827410483511,0.6858603152179088,0.11108284096481605,0.5533129011681168,0.6926639900640021,0.355323737677577,0.05929451294406418,0.555910949306612,0.8925579339190236,0.2689748094127214,0.2110675856091334,0.1553370088404877,0.5219672769150477],[0.5569783344562323,0.723430211594842,0.6901122825774333,0.8086602705758241,0.7349067935909562,0.2601770206175278,0.522495794144397,0.30280016522954295,0.33031757261877703,0.842152713845497,0.6296115193070125,0.87840185126344,0.4043756562109328,0.5068219373508801,0.4640481069289584,0.14119399889516787,0.25119669534761285,0.4984909065138098,0.10726815936305531,0.8417426399125559],[0.15526712965186518,0.21828363445437104,0.7005230403478411,0.13239436052091666,0.815236384673098,0.6668458251141552,0.10832772854253006,0.638070002092805,0.5868842608456202,0.6937470178289309,0.7539681746159355,0.6605979786971818,0.5482498509803262,0.324093820794511,0.6426826125554398,0.8634258469361625,0.5493935134495431,0.6146931381691159,0.4215588358698306,0.6927026882816133],[0.8980172834878405,0.18633092545757568,0.22204448757819795,0.5085220948647311,0.4591690876724095,0.535834316830711,0.09171294056563209,0.3936349878808816,0.5455315227557267,0.5474126486092183,0.6087338675031175,0.6621836246522642,0.5953151228397281,0.7217066820810197,0.5810465394819029,0.5068815131566238,0.5652669645546393,0.1360143617403325,0.282183059616692,0.4982898135594115]]}