{"n_weapons":20,"n_targets":20,"target_values":[98,89,60,71,40,18,46,63,26,30,11,76,91,85,44,64,97,63,36,40],"kill_prob":[[0.42931251798711295,0.7844921007430437,0.6648222813220831,0.49179061074146657,0.3629975283111153,0.09282277754527121,0.17155629112742735,0.21407141110846506,0.3673760117698735,0.8525221000148334,0.47938038562993635,0.24961413877034638,0.13988761684228695,0.3375596959125194,0.7433710402183984,0.3758413743989317,0.7066299351190515,0.732299229707847,0.14419765424389852,0.5673607897327662],[0.8652316538654442,0.3918173636680208,0.09330247565256894,0.8348072867191968,0.8011163393366105,0.4938202301276515,0.5194151522924082,0.22997993735970618,0.7465331422129418,0.47381003263330745,0.07879612587117303,0.6305627129816481,0.8579218293323002,0.7547779167938877,0.2856184191789588,0.09532632219333956,0.8492987006574535,0.8465033161477462,0.502553021755939,0.5959697999208049],[0.443210051604187,0.4068005620339448,0.1515311705393953,0.13223996360693163,0.24782232467475934,0.7611446344455627,0.173957455625328,0.2426938541275041,0.5163219504238764,0.23286153536653326,0.18872568201011902,0.5288188054432679,0.36287928034712313,0.5822353929643989,0.8253745393473749,0.1783441617198075,0.8264186108411044,0.8171164723094809,0.7547244458355175,0.5865930297101725],[0.5771246588457153,0.5933307609460263,0.6369212185351412,0.06400987050673347,0.8643786922865523,0.5477631972457428,0.7142459634920584,0.3706895632021587,0.060537631828426565,0.48327446089497733,0.4811116014185396,0.421440895064734,0.33875949603776523,0.2623521746382637,0.49841314332260533,0.36898641873946997,0.8744421005923374,0.19698821160189173,0.32171573248302393,0.29986640028588535],[0.5118127998005635,0.4743882184280257,0.5971793956106322,0.8575015049880768,0.29243792266978724,0.638855833866747,0.07128417255440607,0.27303020182358084,0.44416176879710384,0.07634557020896429,0.5750190414705931,0.626564017141452,0.6847219576123397,0.4890883291165604,0.5633529652318326,0.38665546358671415,0.08506507763057816,0.13495907740833607,0.6067465355712446,0.8962220046479098],[0.06343275328880175,0.5239459723024253,0.6883574399501742,0.7527586038117969,0.5134241660392441,0.5769285831564893,0.6422162034833704,0.780121312239416,0.15394610662239586,0.8372548668336339,0.0721147930188345,0.760769788314109,0.11522936257574268,0.21543397986418394,0.053310024423962724,0.42846819970563454,0.3342053427097834,0.19109397476397322,0.4334266366833203,0.39201525069635623],[0.7025118777939303,0.8091607601595275,0.6046821640020196,0.15574883041754528,0.301082175503373,0.8263205523074378,0.12542431905670579,0.3958274634822025,0.8511289263484592,0.8580651152490629,0.3995227004915585,0.6172873548839778,0.4382337586008991,0.6904414585208904,0.07684413108904874,0.17253357658315469,0.5720689830120593,0.24766942307660406,0.6161444543787763,0.3485394883421036],[0.8036487244086482,0.7463704777259885,0.4689121300584648,0.7069608240306291,0.28046720329982683,0.4701208102900832,0.21785974408378644,0.7817532432428448,0.7496074740831526,0.816827218147651,0.7958554340406205,0.8656568227505705,0.24408579688713705,0.8420506471760182,0.535531212649198,0.4091208213304293,0.5263178115726921,0.34121200315273614,0.29527005591680927,0.25511718728089944],[0.1200637910385578,0.4720801625751093,0.8045974243568044,0.585629173883227,0.4928292878424075,0.414303980513279,0.44474138236961314,0.2278857454361583,0.7494954956141326,0.2186255187892988,0.6591293432182161,0.6959872597717297,0.5386386857235741,0.7834874187116042,0.29739279958305254,0.7993746380564338,0.6699988906594085,0.7289373535974967,0.6148927530982171,0.769391564441474],[0.8941340333099905,0.4071384263459428,0.7418283311531348,0.6828927955903286,0.43493964085521525,0.8379066497726352,0.38526204013670545,0.5306460288348019,0.1400510034423173,0.24190891495632627,0.7645917449536966,0.3870698144045202,0.38497147600296944,0.2590838654620272,0.4678687841528362,0.734944417148029,0.8108895001076787,0.1095972672375563,0.5385976215540982,0.4471823627084843],[0.5721395729008416,0.43018433387202876,0.38884809772540285,0.4510986055650659,0.544699259442952,0.47583572937701024,0.4513227833675492,0.7451600134643687,0.6838007925521791,0.34017172005401386,0.7304905498880224,0.7756030686538251,0.18046837456806192,0.545280092471145,0.2925151945593317,0.6782964736377142,0.25296752995488075,0.6206929955470771,0.26685595764898884,0.4844721989154517],[0.8563494977287633,0.3741114076879693,0.7943777130687265,0.8889028940233105,0.7936232214843888,0.19098612526484143,0.7467094866048886,0.07732698583547706,0.3843066011444117,0.7901233673201843,0.6354393808459319,0.5028293632371964,0.37968442132022745,0.7404524044997431,0.6531246433559877,0.4481445216733223,0.8086116866282108,0.24545581514583753,0.19483278278483113,0.5963831996835444],[0.8761951912965048,0.26016808731075475,0.2622198220937525,0.16857402076786143,0.7814790219825873,0.242437909349634,0.47770174771615465,0.8922416063018739,0.06031976578373703,0.523013176934175,0.4854456862992039,0.7363302699486316,0.3519893086198604,0.3987901550641853,0.19274728350903414,0.6796929468904187,0.7170025728099261,0.16616382266200572,0.38443851289007347,0.8089692460582806],[0.05230118262441909,0.3039452100292374,0.5217859422946656,0.3339797807109603,0.28123841080101897,0.4410318621677307,0.2042946418932397,0.5001814548155612,0.6506915331162421,0.5390007097342269,0.12914293122975126,0.7677473220407373,0.19873116186436496,0.7000902005194594,0.35648034415947283,0.715347145847687,0.2253319678945439,0.20866278814111533,0.4724719692848599,0.07799561249360643],[0.2415027379649834,0.6654104143566961,0.7617759565596117,0.11866755934713888,0.7997660530223888,0.7278896234452022,0.7892316513509205,0.643664271392014,0.6230301071998701,0.4963292483431342,0.6048691408176178,0.8312432148816143,0.13544370120420215,0.3183998061691775,0.11158672755649106,0.8530843961524327,0.42847564609947975,0.6240428000747602,0.7649520548286732,0.8923502108650153],[0.1875150891234259,0.7295857148604944,0.8043094634162259,0.09154407032324427,0.6909769761577375,0.35151652301706776,0.6013072727498673,0.48694096663303504,0.27078091427364137,0.16493815770338816,0.14940514812582706,0.13782442905221795,0.5921215341143911,0.3486992236896074,0.23413842247499156,0.6381023288000176,0.6338221309014969,0.508293048503448,0.8447141443359732,0.37760209672520806],[0.7604835255788991,0.11386849674236686,0.6788564299327288,0.8901803017571406,0.7696084838446443,0.5427150114135505,0.5827511546780866,0.35029611702140473,0.6275624355193884,0.704836075704128,0.8984942089501758,0.468593479450368,0.10210845590742593,0.5564792581213375,0.1511705274848433,0.25805028702269356,0.32946292460987664,0.671375392176149,0.20623690529672545,0.19089000481599966],[0.08821960612400334,0.7922539459007988,0.6394796107026516,0.08395449577498251,0.0740484597923974,0.5248731520037977,0.29015424109370436,0.5572173978671395,0.4194135493288205,0.8348156779637165,0.29463766271716274,0.6272735631730595,0.09594616487580931,0.8624814540605866,0.8836438477220994,0.6782134346639506,0.4454306008290372,0.23699442342817212,0.74063888921077,0.675900982574969],[0.23866093362680668,0.43353300003367584,0.44337909714426726,0.7524489674768028,0.631267981683965,0.5966924120090469,0.6023533091787867,0.2798995674751071,0.3659545708551039,0.08881294262120022,0.7188999654403052,0.41804848289434177,0.42250260352443747,0.2585528251935827,0.22801318924051456,0.5496486401336749,0.24767006292312438,0.10457752383064475,0.7023813035837636,0.369999019245411],[0.3732002463144088,0.41662053928842263,0.7427880998968798,0.32271136154884456,0.6943307795691607,0.8486131146626118,0.6117379665360795,0.4169289190004709,0.685621264674665,0.43921276428867767,0.40226318044191967,0.49649068903678073,0.3200639845878997,0.13861268383800102,0.4026242046972404,0.15527834895990664,0.3988752525221297,0.5233936630314328,0.8411045040247997,0.08078898138850805]]}