{"n_weapons":20,"n_targets":20,"target_values":[43,74,11,55,87,26,83,47,88,67,24,76,15,32,90,89,14,44,18,34],"kill_prob":[[0.21585204713566608,0.7335456342425276,0.35103988872115305,0.4608891737047444,0.23939685002929428,0.6331774104935919,0.713878396419559,0.33851146161034035,0.8533174775656918,0.07601901812620068,0.1630016377829343,0.5504689768264173,0.6461958327411227,0.2630805410827001,0.5209604323576462,0.3206283099863908,0.5209758587783517,0.6104285260996146,0.8768868455336988,0.4373423310180061],[0.6009836342306735,0.5413333607319422,0.319921659804437,0.2651045119430623,0.8896901134830152,0.22582450744628801,0.7217339770131013,0.17459928236764688,0.7336985789570631,0.20786917654111586,0.8720831474137419,0.6330895080883397,0.12660050712445453,0.6392005515401592,0.5630776483643191,0.3369143096898647,0.2716255980932074,0.6609466644859294,0.6801571670073859,0.3281249716096561],[0.7947930442135781,0.2785031360552176,0.10938476207858937,0.5598876681034418,0.14100998690687372,0.28516445462651246,0.4811084340911722,0.29340567900370296,0.23274689105703772,0.6477076026698063,0.5149494401919512,0.7637970610127385,0.544053655457156,0.4609301300077116,0.27206789886917,0.7232559938276028,0.21734035727971213,0.25589414932718624,0.7653503072401094,0.6800136468698295],[0.5709424656325925,0.08308245116858742,0.1581689755420175,0.4749638411594682,0.6843880849604573,0.4444857345630498,0.06469907075256563,0.20662949886679843,0.5504516946771855,0.6400845007347926,0.07841406580511873,0.08683199044142528,0.27211359813790853,0.12097644107858019,0.51065429736436,0.1551466846631784,0.6009864346662092,0.710641521411449,0.8749391641892906,0.8561459173920571],[0.28236037769998645,0.07499816222969691,0.33000038369500273,0.6522081009057553,0.1008310278816584,0.3557557590207144,0.3033293654148709,0.23644379044613018,0.650211141520768,0.610232454270718,0.5051699799291919,0.824158443729358,0.1376680248207316,0.1772358408064112,0.3759322273365011,0.6074997440834655,0.5464673984086003,0.11293628434774217,0.8646610831844973,0.30930509399218276],[0.35512672171562976,0.58008532918691,0.8533906898407745,0.6132850032377812,0.8615573301155485,0.2094524509974071,0.5759884396269948,0.7545470580948421,0.48267079801662005,0.3578476244549394,0.8870447505270956,0.16983923933716144,0.39929009839935814,0.7923676896765612,0.8154086345300328,0.883324786325808,0.8021204534247243,0.09331347157930066,0.840301524683365,0.4139421126957675],[0.6038763093380947,0.3851344887920512,0.7416178651215164,0.5395313848743511,0.7687129461709037,0.21470575079265214,0.20723563054166694,0.4243202813470689,0.05403881321810846,0.6389250116618194,0.3016456686368093,0.5237044442822824,0.10950302639171985,0.19504770547528988,0.5794302945186429,0.3098132330443866,0.23251365119778866,0.24451952568660273,0.2325964600166711,0.579423307015966],[0.19253753229903853,0.3583004053029068,0.6347038357544345,0.486620398745503,0.5576887401591614,0.2632709325441862,0.8428076421904248,0.40179736106888525,0.29391934612048437,0.8186772564497015,0.606996172974729,0.5718539836676829,0.803724454341243,0.09975924333067676,0.7620275852064433,0.6261847096593358,0.3559938755631099,0.2678986411452773,0.139085014899324,0.8499130447096865],[0.17062528783010578,0.27052275537125164,0.6374411026340494,0.6536295722030937,0.18665339891220484,0.7420114866507835,0.48374417879990805,0.7711881763978427,0.12419258137041285,0.08640549922963622,0.5914418242701973,0.1775202275433443,0.49620668887330494,0.061992445391832414,0.7129398714659703,0.8146006446517263,0.7630503476696449,0.8645998911778556,0.8176313914599712,0.42741531554681045],[0.3885959771770996,0.8117561177758116,0.837897976053643,0.8769105560703314,0.7030696496163653,0.22169050545017327,0.8532110156941141,0.8550702467937866,0.6162116593260257,0.778688226397062,0.5269999579893594,0.8525079035999643,0.12984593710327752,0.7843691420120551,0.09717808468156844,0.3382409943853174,0.16502679622297262,0.45726482859347534,0.24740923429359946,0.8592615224338976],[0.525423133605398,0.8130711258581661,0.2863496986934783,0.07208092595457669,0.7093067531313335,0.6470210109761761,0.5136678988230646,0.7430413202698307,0.7640717167509127,0.5497178118154478,0.8710386230758465,0.6617551554747282,0.6253440697382344,0.35720852367484857,0.05191979181000652,0.2548012728100513,0.6993324307924355,0.6533905662715981,0.33136882310558,0.581745528357673],[0.21599435755216662,0.27408356137868745,0.8552968798171221,0.4012034869952553,0.25823945515402635,0.4640420098131427,0.37896349781926125,0.6700996817467398,0.8677986905172489,0.552976810789038,0.5524751088963779,0.3601087799149606,0.5299362921790011,0.32142953642906746,0.05092826316549064,0.7861817469467123,0.4150274726934494,0.4682752122958972,0.12097577811203897,0.7615439363945832],[0.1947865098209518,0.3990279849666685,0.7642257150042991,0.43911549918149156,0.8414794851464942,0.2279171579075862,0.6579479054615557,0.8812987450274684,0.5171715916372642,0.638356313847394,0.38424266066085716,0.6886367387666485,0.8225429480451698,0.6475972319929498,0.8455394046738324,0.5503547541934632,0.5405668243833185,0.308933279892782,0.653183367489218,0.7996596434927321],[0.5993687922095916,0.24808333750879552,0.5124927475134335,0.6925468044087028,0.84845881764184,0.18310664209247085,0.1583725273215765,0.40100200069797004,0.15676949404321922,0.8833645756293507,0.41065871219017525,0.5035689412077192,0.24302461409885562,0.43175720500638987,0.8869898446320369,0.46538407866192405,0.05750033693381328,0.25614840071303596,0.8816866059067285,0.8907073863991226],[0.2289191263059498,0.5729744746672755,0.11537208092960229,0.5408253960779348,0.1570325962634718,0.7458622950962592,0.8486387394619078,0.19703878684206022,0.4433053433056004,0.13673654870343904,0.3382690060120287,0.10533309154644752,0.274864548814813,0.8916901170259063,0.08791277722319157,0.7801230801758701,0.11583469109098912,0.49964739144975606,0.4343018235632438,0.8418214610175482],[0.21919238294232612,0.20272971307268983,0.6864069752826575,0.6668615521353009,0.6443045049188789,0.07220804874652362,0.27096573371617233,0.7639109011761545,0.5607294032382568,0.5618656826223544,0.30152911459408993,0.2711471252734057,0.8545716548155166,0.6685919870252304,0.1578362001315619,0.8470509008221992,0.5450146290453466,0.3333580119135249,0.38756852943965864,0.6665938337997255],[0.369831753933171,0.5419330792508159,0.6539245721511442,0.21606874771006984,0.8526052633061669,0.35274685572009834,0.40646854351537715,0.6437372126876476,0.5674673259795995,0.4241018613983023,0.6022807342556727,0.8174040614362379,0.7302410741486058,0.7506201584615576,0.269647147282216,0.4064928469029919,0.5207462704059503,0.0875621962872605,0.7043233533207259,0.3249439107528255],[0.29020666633486214,0.2703982079527244,0.29087237560705476,0.33731260733415735,0.5641008743647353,0.5460305236150537,0.26735499056159406,0.22546063508722636,0.7524044615606533,0.12881483702491156,0.4858994150207883,0.4924767430608847,0.5380162857898784,0.8028025985210654,0.5803268490805525,0.8775887013108199,0.7906501208464184,0.23252922056412978,0.255005813691506,0.343058015527895],[0.3827872528181116,0.5200458522615412,0.24763573796188798,0.23899340394670082,0.3741814637628676,0.6212196462308393,0.6349067711317601,0.8796992290342461,0.22205311883354195,0.3839302790784336,0.8699758732482014,0.6365074312657193,0.5534367460987163,0.5086991436911449,0.11418382311581807,0.8093677374935238,0.5816794331028415,0.5359172967388289,0.5085752918235662,0.38312707622294495],[0.26646498765675886,0.6920236875343116,0.48313239009741277,0.07884860244583726,0.38923032480633873,0.8393130924894077,0.3678103773097334,0.40124805673673763,0.5803669545967803,0.7314235832435,0.6181919500490054,0.7725465214545045,0.14687499898459355,0.8359036703208516,0.8183336425496781,0.4912762985977496,0.5810309021191209,0.23089109267119146,0.43075532228418056,0.2222978567818405]]}