{"n_weapons":20,"n_targets":20,"target_values":[63,79,33,77,35,32,50,24,46,42,35,80,40,73,75,70,34,85,31,35],"kill_prob":[[0.33873116664908354,0.0859885330177996,0.7884339094330034,0.5450652746838514,0.3034039481011393,0.10900405173196072,0.6648980776880907,0.686426891616702,0.6162518542977692,0.22321382530472011,0.8262336497323142,0.6901843161677449,0.6090928750463748,0.6033023349085195,0.8187040450778951,0.8390610631325552,0.556291805308704,0.40416899931816613,0.35917388262550376,0.7462170149186141],[0.5979145388591836,0.1156761257156056,0.17085811106277313,0.8151580108391194,0.8018234258888258,0.8590575813928486,0.41367332222907516,0.716451771494601,0.7539912732171734,0.3183423699624641,0.1735370545430709,0.897472407393297,0.07568632318864742,0.5577355309047266,0.6026804330544526,0.6295209406742012,0.26728358237372624,0.6633423576540232,0.2339396287890757,0.7546825173889301],[0.23624917297193937,0.6422001247146659,0.7159014629588795,0.21060388789286044,0.25228851448771233,0.7122381779242118,0.12309912588970992,0.2121468095966645,0.4372012702614279,0.840654639433055,0.5275961596590589,0.37952617097699165,0.8816146888891051,0.4441546102880952,0.4186747276343597,0.39989766935456494,0.3153530617157768,0.3268405882769467,0.6346615009400733,0.08471025774059897],[0.6295442167993711,0.2210238234069919,0.37657680272381894,0.17455812667628218,0.5198383874615993,0.6699478782093187,0.3514572396479099,0.1889040909092235,0.24252974464149918,0.7453959807467367,0.2775014248008746,0.7084972040595431,0.3315194957852794,0.21042267119151814,0.6682122756833164,0.44826327505392566,0.07658566358358544,0.8659510564427388,0.1755904283112913,0.35039592998512764],[0.3770754397463512,0.46601541436965127,0.717627418984045,0.055176737723857755,0.8426012436356635,0.5990910411725595,0.8580515472765953,0.744781106804013,0.8386624853707344,0.5608504682953264,0.3537126354455986,0.42647695364656313,0.609327463826496,0.41289208080138584,0.6719218659476208,0.12807081366802514,0.7554886516371554,0.22356034369570355,0.8523554680960143,0.18221392994667773],[0.15978956668703814,0.740094693999284,0.7458965535475622,0.6779455068990602,0.866450894318999,0.27995868438260363,0.7526514281417445,0.3492344505369077,0.5067888317339396,0.4287600252461294,0.054972519272566155,0.5382928645082841,0.6853800045993601,0.19836952603898056,0.8419074826090818,0.5008396085057283,0.20150910267842947,0.5990554352793525,0.21313430223804236,0.10400334605103595],[0.632517956056356,0.14409065080967032,0.14028483111997003,0.6789520287045413,0.09692189822686048,0.7383038021907615,0.7267264448506535,0.17018441386610111,0.49062355018542353,0.132131667323601,0.5876855368180891,0.1034905110249646,0.8528087278743351,0.2265711250641444,0.6304604575563484,0.15904771072054355,0.22815698107776,0.433307201550865,0.5371317201402888,0.8990337543329305],[0.07203729387730251,0.05026725669747392,0.34781203050770576,0.36123291263205687,0.8012616506838369,0.8256951655427067,0.798446229905421,0.17170193791314062,0.4002891099039124,0.6840023879507697,0.31571940761660516,0.6137523242339686,0.2515714337124282,0.3249063692666868,0.7813652019462113,0.26293268067564585,0.8696754738521335,0.3103206267963199,0.06999889334978575,0.2666657682321849],[0.19552420090691186,0.48080292128491725,0.145808656378681,0.5821415456585983,0.7936642099730205,0.3581410495331753,0.1932188114095938,0.390021246416751,0.718071798233033,0.5527645229676562,0.13597173132846266,0.5066090811779783,0.4478725742372542,0.3280454176179872,0.1436365066453248,0.8839451452772337,0.1996368219092673,0.21383145717213364,0.17374528828690047,0.5346640828940974],[0.4271191383102953,0.26212360472257257,0.41500987556829894,0.6224935734024603,0.2894454517738356,0.8279589096258233,0.3103943016010499,0.21845217619942525,0.8613826698418924,0.7389765186004524,0.3416669811169457,0.7652170734722946,0.49099211178073,0.34473962352190335,0.7636698511083322,0.6893403068347743,0.30319361624663993,0.5656767379692778,0.3639816899918276,0.05089417667632992],[0.8675433801902375,0.5171847146619112,0.5586677114159158,0.5599077118257008,0.5180452416964924,0.29654066805755447,0.8758397061718478,0.5784181506379922,0.6202831564708673,0.4365738437194923,0.2946821904171652,0.10469663484868995,0.3476956670827033,0.19968281487813327,0.6127750280184601,0.7971533020823115,0.30734162950880445,0.33295023160193954,0.61980982825466,0.17688071910505088],[0.8400218126760443,0.3592697638716606,0.13601952903775846,0.19848140418254528,0.8428341646063394,0.260051395113667,0.6129284832565934,0.18274044000752537,0.21498643849646104,0.797352486064981,0.17582823708717754,0.06593799872583729,0.4760482110973348,0.7833177912734944,0.327092388603281,0.15893793004885393,0.8848962051307921,0.6252278350660013,0.773087037155933,0.6893175314795852],[0.6435059328908117,0.37687945706128223,0.32568899422309344,0.659414806510303,0.6592060569506457,0.8580001264417293,0.533360845171074,0.3004279399195225,0.4660994794309058,0.5716567442170314,0.4127203296403756,0.722463154855616,0.5469212303834621,0.05802036848350297,0.5343639049972072,0.5885632180505819,0.8279720638124601,0.40166342261456023,0.5382975103806545,0.45374783310721784],[0.5019079641985525,0.107208460068647,0.8126911174031363,0.8238504888568818,0.5158506683662378,0.5230721883628037,0.09892263055236136,0.5582579361517933,0.41477902139728806,0.6526870856992717,0.09005617910623653,0.6542545303200663,0.2938597502574668,0.6039495308851418,0.5830570790153046,0.24281526193739766,0.4243844934338267,0.7602882701953259,0.5647528970555579,0.10842755668164974],[0.42647250662270525,0.31500573996122944,0.5953988270748878,0.5723793501009717,0.058838386283619454,0.5665411830056936,0.6746222058871962,0.7034205275413391,0.10012940483146698,0.3081096545433886,0.4080825264687953,0.20280595162567505,0.4076237904902583,0.1104601054517535,0.14623469055599386,0.6183905484169065,0.2731865919861317,0.6546949703576367,0.0908922488141678,0.5282975950869775],[0.3827313640488142,0.7274256831281455,0.7163588431747276,0.36922569608888195,0.5793069119745572,0.24341653849656486,0.5433458107533572,0.11907498985539408,0.41941364150081856,0.20531852930739275,0.8008740047777944,0.428165695271807,0.5521576863419047,0.3563245812805088,0.29542987995383246,0.2224818156023035,0.8250908452669667,0.7295459150629098,0.16327197276637623,0.6847161448480286],[0.4057511604811552,0.06308715671648438,0.4991122223197887,0.1605394740721362,0.22844416612955548,0.6416348172104791,0.2685707315700167,0.8081049715655442,0.6085942946605445,0.7574409621741878,0.5729111075806566,0.7885221523687135,0.3574319737688276,0.5167694903527428,0.4885068403776835,0.8182221018662749,0.1901780973173215,0.5413516487086886,0.6912665150929334,0.36454229645361125],[0.7874442959235799,0.36706255201607396,0.1973124459115287,0.546441102094277,0.4074828085317156,0.06291158897970386,0.10936280361947773,0.2159856031756015,0.7039304655904295,0.8082335886286861,0.513794742912089,0.13973064313700495,0.5042561094055691,0.7772646415074033,0.6870559847542013,0.2974334391427687,0.15530701789510415,0.8155794447979066,0.7759754346373794,0.09565806037344193],[0.7501233163508797,0.13263074211719855,0.10379108839173147,0.6948107625743205,0.5058640286362144,0.40236582047677105,0.8182828665796187,0.7634080362575907,0.09897995081499811,0.5736741556499966,0.7064272927263395,0.5179169928087093,0.8855546742147601,0.6331403789504161,0.13852156079247152,0.21855331019996044,0.7523087780195428,0.897243172172655,0.13358837684153124,0.13527992016829113],[0.6988789960217909,0.10470113945905862,0.10827609865512035,0.8054940105582132,0.7303823404706833,0.799328719884725,0.6029363918128406,0.32415595864802965,0.8203662117828725,0.303914996228267,0.28418421353662193,0.8034403563138556,0.6286992036192267,0.8113212720028564,0.18251609586587653,0.8594522781007867,0.570830833195278,0.6178297874794135,0.8269514932774839,0.3736400284904343]]}