{"n_weapons":20,"n_targets":20,"target_values":[77,80,91,42,74,32,86,96,36,61,84,12,74,84,89,27,78,81,10,74],"kill_prob":[[0.8734916656236837,0.8707424063553473,0.28324903095739595,0.7014821440399057,0.31932682291293535,0.5848182480051551,0.5580841722114042,0.09636198827798997,0.05440448736005394,0.09909941240558809,0.15875074040197995,0.2690046176456076,0.820911939756178,0.4908377740446834,0.7273579780146704,0.7625649892911269,0.67470163380196,0.3826773557574861,0.7842804847648354,0.6807422903227826],[0.6816787268942947,0.816338178090734,0.5588639515890311,0.4992882654678501,0.806638173957514,0.4362924689395673,0.7398350916245165,0.09576940637808656,0.051096452787873815,0.4990486161637033,0.11257010974392319,0.8800615614351041,0.05467599793382896,0.6604271910238495,0.25687699141828757,0.8724192044812478,0.3743104030337117,0.07319091232428537,0.07289540059746533,0.5203673659659853],[0.888705182176589,0.8828075047888615,0.3366820264458759,0.4602981018105624,0.1353874349281437,0.4938503275929719,0.5597463591910322,0.26340241576962287,0.5702972705278977,0.8147388389418158,0.050812033409958456,0.2445937081617528,0.2284316288253474,0.15530327257875298,0.19118603082653657,0.5820256635605795,0.13729023162804624,0.6777518676676134,0.803969201974626,0.8375995655516136],[0.6111494421717457,0.2177869490385736,0.1225020892089217,0.24722121073594966,0.8676636079172861,0.8679934214881053,0.3746310513305907,0.326922809932918,0.48350899492020555,0.2979348777472906,0.8827130839072288,0.2380381815208908,0.3637712798553533,0.41496524434515153,0.15630441961898783,0.37540110275461036,0.7782211120866774,0.16930685123824468,0.5464186582022592,0.39564156735101425],[0.19495621719983652,0.06048573978182495,0.28234180796641517,0.10255461659330165,0.3702532006022249,0.7386783773444439,0.6617324717459706,0.8552761549465019,0.41296310473650877,0.6516311888030749,0.6155404637867172,0.23448935768452062,0.3080451294477597,0.5003551033880963,0.7271587211550335,0.4425408242934927,0.2435803057491982,0.8944458367383143,0.1482419854006182,0.8625055713676286],[0.7376893451659154,0.7630594914116741,0.7256799456277745,0.22694530010892872,0.5876950207859556,0.693237340583292,0.6838329232864038,0.28083056496246595,0.20395147959912918,0.32890453632736677,0.457867808320783,0.5377136350041251,0.7614078079712864,0.7036790935489237,0.6247279468165388,0.2739658990013465,0.4570484240947018,0.3351204930087669,0.24968895261795399,0.058708556325957534],[0.338542674985087,0.26769882755742824,0.5361169779217941,0.10295650474115536,0.2799416572036709,0.08805406649015304,0.5952052188364206,0.5329611247833311,0.3368580196133022,0.17523441037021226,0.8642318578534249,0.5467335802803214,0.6272463615862577,0.501646440279034,0.7355532604992743,0.8119230421159032,0.37530396205798533,0.636521515396019,0.24540436186443743,0.6040767900877327],[0.3892822854800697,0.05576435949110922,0.8621986881592276,0.788175313707911,0.29721106779412415,0.8980937170979315,0.31955852337305396,0.4400175584902135,0.7735701722482545,0.3089068986288347,0.432959241729375,0.6157490920547672,0.160897421556564,0.40899781338796004,0.3129984467573825,0.6252581599850954,0.16557398155131603,0.2478217572357968,0.6546697731896104,0.1827907142654976],[0.4087163729039062,0.6559486137787259,0.7006481267655046,0.13064900187091819,0.7741962680065565,0.6653764559604715,0.3384004003893167,0.6992324244807041,0.6690540355395602,0.5607575425321277,0.5247089973949677,0.6744979655646477,0.8993709164496364,0.5417694119185026,0.7374101909979108,0.6826326597182455,0.7774371417287519,0.8613461321765177,0.21412072634169294,0.19064069093584884],[0.5483990541526658,0.43190080345352877,0.5351142889812939,0.7283363243126822,0.8419573080418594,0.4048034514187744,0.6602427487120808,0.21727930966519798,0.504369156951345,0.06853406111344193,0.4781879820631324,0.513535990256675,0.6751285354115816,0.602062071675943,0.3546372241599313,0.05487126560615313,0.1481629925795066,0.8771015554898345,0.83398318456801,0.32632918861897353],[0.2700249989353045,0.4209538496365318,0.6364490251702619,0.3533035217592776,0.10719977057148222,0.3923758285777369,0.27150064530921714,0.32619050952953,0.18851365891920874,0.6100140590288003,0.49763629325844116,0.28023364970105114,0.5207831091103052,0.4688016700921523,0.7265786280811238,0.8625866289391714,0.16106993263185757,0.8013264570717855,0.6490773975421668,0.6386705135032191],[0.36815576257110144,0.34232196614518284,0.05479356209913943,0.8848741434417117,0.5655299575170915,0.3919793303353366,0.5122034986083518,0.0844479789818231,0.19760331199791853,0.5798559362188922,0.487122470231077,0.7190135994884882,0.6099312868785365,0.5612203245824792,0.7429758486595164,0.10802363971911554,0.6372537769665925,0.6582521062956632,0.28388901722800935,0.21630219101428527],[0.23177460413759932,0.2184197339171951,0.49521486226805533,0.1652823646609542,0.6103929822064479,0.13931652010645412,0.07285619426371777,0.32139670607899046,0.21308076517308489,0.89036274709857,0.30754685552463473,0.23875447312168668,0.2172543499743324,0.36777496908296675,0.5649715610318412,0.7146534837893401,0.3598898105816081,0.582075333036371,0.4597509135374793,0.7695210443153887],[0.53368551058467,0.2964079210972351,0.6480491686015175,0.7470548148195465,0.4456245582493703,0.8891176530499711,0.7972323473126164,0.21741146921566773,0.7187424913328018,0.5608085576973012,0.5045896031366595,0.4868477985926331,0.7753994713650647,0.5692418705679313,0.5070500872956736,0.09153092074434171,0.43105743929477375,0.8218353277386815,0.6549762199429261,0.09331088134773041],[0.801393439828386,0.752667138170496,0.5146815798340988,0.06904464540493926,0.5280651753287305,0.09640069243746219,0.3223221156918583,0.5845731760673281,0.8259761212998483,0.35412629167055687,0.7810202154509353,0.8306068588404389,0.06788729838871717,0.25351366208965176,0.653382954343374,0.6933165866176162,0.38355432268449596,0.6082414208569268,0.5703348247577299,0.678808717360901],[0.6608596635833536,0.12299017829180714,0.1845126537990518,0.1628180751704186,0.8426080593663962,0.8265112511000409,0.7278004291574245,0.1492107765745654,0.538130749431648,0.20914603217637368,0.3631263469249821,0.277027585141801,0.7545913342643461,0.17278368959138224,0.5992522933185644,0.8863104642097418,0.6339963957655884,0.11734846565591575,0.8216720766681462,0.5966177260361568],[0.437864332664423,0.6107386067599508,0.7971876809017414,0.4555581437279619,0.5016232603903948,0.4345802893352605,0.11170271237511545,0.7190096078882547,0.1574499820955631,0.38538450874506375,0.37879941876656975,0.2880346732737272,0.39213105701025563,0.5753077438250643,0.31467921537655497,0.19663514704353496,0.7889623839311766,0.8752077523785652,0.43979625029487246,0.32796675549289794],[0.09035976611149493,0.08132380951854518,0.3839496962985917,0.840705715555821,0.6711022618913298,0.34687900604015875,0.8728394614047519,0.41444421776737106,0.28527383237844883,0.4124002580157036,0.22981174293625783,0.8027929546706764,0.35699731385503675,0.6092736198201733,0.38069011900308897,0.8164717052693682,0.5960236389582857,0.46501410673910454,0.16232152380413772,0.8166291634243736],[0.5147943380310053,0.2922950270172049,0.7962378580441986,0.09627436328524663,0.3169653797301359,0.5063041410218254,0.3388421856367991,0.45522411707202914,0.2746688144813363,0.1605706272929626,0.08132601782432397,0.18399958017532064,0.86000453692109,0.5390926633362276,0.4656161064862588,0.37667526340985225,0.6521571240858776,0.17007055452017933,0.2847103875047639,0.6075168017141899],[0.4572047098974437,0.7045786581152255,0.8125433673631554,0.7498667026650577,0.2065765571216222,0.12774970019793175,0.19402451046329122,0.716001087860196,0.826756426068804,0.8366315375482789,0.30348342096487874,0.7642901713115247,0.5058002047687822,0.7493730710959762,0.5161101160230009,0.17400923681225045,0.1173366184121328,0.8636362768279386,0.4119321729668421,0.34794254816272013]]}