{"n_weapons":20,"n_targets":20,"target_values":[78,66,91,51,11,11,49,32,93,20,90,29,20,34,23,46,40,58,58,10],"kill_prob":[[0.1875889565344297,0.1295314277674806,0.5172223893733322,0.3297136398410793,0.5161380756295104,0.23854980684847615,0.07059495097444714,0.8501618660797098,0.14206190301064492,0.1578299357674593,0.17456480253361945,0.8840850453942818,0.5750112041444967,0.568746458948273,0.8886934712907502,0.12517295388345656,0.8783257586609458,0.2234111745709348,0.5796107780277302,0.4070710305073729],[0.37635904145560145,0.8415568292075432,0.17684356917421795,0.8975086594148071,0.3722563019278162,0.6014586683052713,0.8727207217608561,0.09896089282212857,0.834434708486412,0.5326396775511918,0.6487373471308345,0.1768065563033961,0.5033793162063774,0.6224866575164572,0.4378102112795295,0.1817374013901482,0.2575012138227401,0.7762338723444737,0.07930034390784836,0.6525327666746905],[0.8994815310373478,0.05636054669075163,0.18688883039694892,0.6230226557591644,0.10099220939754602,0.5513214862774801,0.6314000880268977,0.5499243958969596,0.3604069975679071,0.6426899515886432,0.5551502638117475,0.22649159627983179,0.5286652120473433,0.7996211345680884,0.6168082928368825,0.45102278128477,0.3233464874390335,0.12300327802193693,0.25793306284517437,0.059508740123845355],[0.8886320298962198,0.23910991430942896,0.7426445512825668,0.1933481495342318,0.29106097716473783,0.4055357213441117,0.3257448145203643,0.728598190845882,0.8640393968131097,0.7940003111032212,0.18054118690559307,0.7101853748968968,0.17575487630900472,0.8263739405777862,0.49019678931829164,0.3359239248482007,0.1834716727340639,0.060037724952153926,0.26075494291175205,0.8269170537891152],[0.7276728634313934,0.8743246515881116,0.13564729295316708,0.553351931979819,0.26857790292616013,0.5115004499065463,0.32238665272893685,0.2909457177068539,0.5377685067209079,0.20582043758910928,0.4487634214262993,0.6031904252874296,0.15895476220538346,0.8410051302453685,0.47986599453600604,0.7465987761016909,0.6058196160279039,0.6535008000391638,0.6587112998439123,0.7938349125022518],[0.5715646197898855,0.2864845789631812,0.1345831964356386,0.5653130265326203,0.10639988320499391,0.2550994339361007,0.10160110691162497,0.516554450655582,0.1862874062014378,0.5688462215184523,0.7222353612337775,0.7485986126560831,0.3131119819169833,0.5166113527903217,0.5285591460734052,0.4519541048310416,0.6068468077110502,0.22857405525000352,0.8823567536487752,0.13336785302729257],[0.7548379700226513,0.5549815889085097,0.25812653511465855,0.6838237505612549,0.12180876132551116,0.7082551592814657,0.5514874389065615,0.14413777063694136,0.1175797286285147,0.6882108834209931,0.29899552052826156,0.8059065731521314,0.6977620678756496,0.6434617080100586,0.2868151447384333,0.6526028411683753,0.8559255318376089,0.12782585921498357,0.3272382457030311,0.24947142564235503],[0.3842626142405667,0.6809827566258545,0.45310619421157855,0.5351210152022093,0.31703165486659096,0.17009587702403545,0.27689360159706927,0.780728256055689,0.5620544178303989,0.37129037221764866,0.7214200844752494,0.10478881758667244,0.26580742473402785,0.2455876809487384,0.8875598778429888,0.6501837950338463,0.575118045930271,0.05423722050030197,0.20666350177637877,0.5902100990271165],[0.3727614275094159,0.8356383261272018,0.7000155862704942,0.43027646188350194,0.68708773090753,0.8790936752522883,0.44183370099625,0.5961470047052534,0.8308649228021009,0.2613734627307473,0.8035742266163366,0.13291300075703527,0.6011809449994996,0.7154124317974168,0.5724152863645622,0.47120458352966155,0.5747450349368332,0.1789141524625279,0.23323510378068557,0.27941444236289065],[0.5581124395355325,0.4256159126833099,0.2578044661129636,0.8003879323228932,0.36783356424923985,0.42912696134540745,0.39824591506664536,0.20465151198523973,0.6718829631156984,0.43118952292852925,0.06381854340881069,0.8694116470058275,0.7433990698561016,0.6650254509780328,0.7887280899407496,0.8207861655647177,0.3368662504267728,0.5693148766541939,0.5674866378247551,0.2772047184890074],[0.2386594137300071,0.14682116659616878,0.6104170665289849,0.713781142376163,0.6968100325894533,0.3188340706072282,0.2244708728954219,0.4355720516864286,0.514791441204434,0.8312240587732724,0.793599681132946,0.8286495816065536,0.7727230273655827,0.8698940237708646,0.4456749975936988,0.09035247281813022,0.12102772732620651,0.38173472050649165,0.2690340275820477,0.1944495026569072],[0.8602232083323513,0.21610665014902908,0.8654723814679464,0.696713014273026,0.5948038213064399,0.6246161160759717,0.33175317511025537,0.5994629823495399,0.2086883005390755,0.8470496176555826,0.3065243389665045,0.2669085354495108,0.6544883784650339,0.6079814103562546,0.43360408059180944,0.5875792994871684,0.18556911099672774,0.6223290612916618,0.2800190909159148,0.2819105801749887],[0.18785294470221686,0.3325205647807399,0.33156340126462885,0.43605215994692886,0.2118565789663971,0.21405640573495138,0.5104777859137442,0.15954579396990387,0.6355624567905099,0.8523550569832071,0.4127762784147215,0.8159395161780753,0.13356910245698478,0.08651398326929788,0.663163545886764,0.6968683370342721,0.7665995048208887,0.09829502663998421,0.710370996713306,0.3700579228770945],[0.3078369877798688,0.1970703331418024,0.896613391837148,0.10411405092103408,0.7529568124167996,0.5935702701669484,0.6748183776225871,0.654959551933527,0.7796693123122052,0.20622325937769204,0.05070092430948257,0.5587492156867763,0.3507798434248338,0.15521923144956704,0.20821794098860302,0.33198691559033944,0.10969836525369775,0.09837622180918323,0.8286223166075776,0.31528733695064176],[0.8848960928525472,0.8697119570808399,0.17118558997804673,0.6576856574617623,0.5606841557580089,0.6370500121393806,0.13176235001230358,0.21027606683937433,0.11514286223324927,0.5635140744345105,0.8886024144717275,0.6211868570092502,0.6541473047686402,0.8868972853117889,0.6263098210460267,0.08415433673419978,0.786954760728108,0.35997654682197683,0.053709078287508066,0.48114905092669746],[0.8464627507448241,0.2687310841157357,0.4677861970949139,0.1977103546150321,0.09903877091647409,0.11846320470614621,0.6679592700671522,0.7844633001308268,0.17180401336461743,0.2950707826388984,0.21577504749810322,0.07282741038746374,0.5204166644039361,0.6449338446170004,0.6006958587523099,0.37984551520691046,0.5217587090489195,0.12998441064079097,0.18115816091428177,0.8420254266200359],[0.6972815856469123,0.8343282314513922,0.8291782418244622,0.6019837245415796,0.8390028508953404,0.4041984876200937,0.0530738080671998,0.10318544846923547,0.14306422684569292,0.13105043520543122,0.3489470322227239,0.646080186042954,0.7220514856104208,0.551681283192931,0.17447074837343263,0.685716361825949,0.35158163126695907,0.06104434637102681,0.28850032745283694,0.33101047101983117],[0.2831087049353875,0.7400896302094477,0.6959374379549768,0.6412192258507453,0.1681543167354255,0.7366588232503397,0.6255995674138252,0.21561203350918312,0.600879840739289,0.4609848948531289,0.42344755257779126,0.14530468895153048,0.49055863446839054,0.13494203762650908,0.18961537916612664,0.16266436713354832,0.8609920372095065,0.29213498687730655,0.35192367505660654,0.32376851535163065],[0.8135128784014223,0.5285210246346552,0.831285914093315,0.3049361699537112,0.14760947326715662,0.5227856848155484,0.3437064430215149,0.7316208084671361,0.7975098975749099,0.451687484271011,0.8756551704726822,0.5200610553927449,0.2802823343783656,0.4656291880426333,0.08171374854248847,0.7334009862236075,0.13621979322625782,0.3124362152275542,0.5305190649542019,0.08652885679986405],[0.117419364304231,0.6416989039710609,0.11101052910165343,0.45552043631027,0.3378912884076378,0.243867496762954,0.2104620631841156,0.6988995996726926,0.8588108641777402,0.16915278087283198,0.8657290362980079,0.5555481279538382,0.5954113445587685,0.6534374214211947,0.6485010568013938,0.746839441957835,0.4609483536455428,0.5033547993874959,0.3252529520939035,0.1394689547156495]]}