{"n_weapons":20,"n_targets":20,"target_values":[31,75,12,68,88,81,37,91,42,71,56,16,10,26,95,96,47,98,14,98],"kill_prob":[[0.08127949034010029,0.3750809427570055,0.6957217983897966,0.6899529331091563,0.12302256920746474,0.5680655540260912,0.17143917575972883,0.4692279329376243,0.2537328457149533,0.09518699597451852,0.11801651169761813,0.824259007270422,0.682949069571304,0.8420503845070079,0.44949144248351974,0.40129862410988365,0.3546461986267812,0.5738610316442765,0.34882547892563354,0.6843322488847052],[0.7311197272834828,0.794467904414974,0.2563807907084857,0.4979687418985191,0.23992792422036302,0.08192244990728997,0.651651508544362,0.5166340828448559,0.6653381876201212,0.12447947469555654,0.8961972522026507,0.8951962819049772,0.4452498516779858,0.7861499079062606,0.2570332724347233,0.6769312370398025,0.797341978291531,0.7424663261686618,0.7400079665049838,0.4435726372755353],[0.7469914556119569,0.6370990910681055,0.1625836884225737,0.1470567434548421,0.7061338155444439,0.5816444754569853,0.4914696996126708,0.8211725222215039,0.6106518033405358,0.38672473332505514,0.40184203694975623,0.5644577066949472,0.6962339919833962,0.5297003109067555,0.4824467498863027,0.6678655972560545,0.6494748674209809,0.7557948145215269,0.10316901833570025,0.691709312269682],[0.48669638330893644,0.1134891520281791,0.6271585239440918,0.6590591649016514,0.4950830941129818,0.7247291310022984,0.3052108923349063,0.2216211357517207,0.3481238589817867,0.3985429363015809,0.6415435620418436,0.7686919471964936,0.6627804615668751,0.19788942520916125,0.3612845220802188,0.18465165643061127,0.6337155696243436,0.26094609648436,0.49657889292406976,0.7230553667154817],[0.6202983836833729,0.30361789206536277,0.33293673802388973,0.6053596436125771,0.5170475869389525,0.13193446434953773,0.7928928508825143,0.4857212608455843,0.4523568612178456,0.21867343613742296,0.3704447461249567,0.33290113296783425,0.2801253304050128,0.5322955884497572,0.4429340562382397,0.8058180325174672,0.8501423804900867,0.23655241484387723,0.13508961445212894,0.717536918764587],[0.8956321930928176,0.7840600593760311,0.07014279180092452,0.2635740181004961,0.08684093548507434,0.7476624704849916,0.5441959298484689,0.48666075999199576,0.5212823996970485,0.26458356989210247,0.5613926137680334,0.0760669316944255,0.5991099653752137,0.6742687556520062,0.6220723241550531,0.33229989056538717,0.7523234778584114,0.6582123975498598,0.15905272448563618,0.21587258745756777],[0.5915421512015029,0.2960037135226222,0.1515180002293014,0.18172364417740838,0.19077460345934055,0.45612227079562484,0.5662776354150728,0.19994193362625273,0.655622118808738,0.2888607163762992,0.3148244176348667,0.23997382791299143,0.7174252155517123,0.8658417579963456,0.46862487137637876,0.08572604521719338,0.27148391896165447,0.18434274745101914,0.7663479421242152,0.12212588931822438],[0.8715048045851262,0.5502367101309321,0.49007881901303874,0.7702480290563088,0.07341547809773774,0.7105798369959582,0.14911343873323907,0.7646613840993673,0.49979978635218253,0.10195999200607803,0.7582582829811257,0.0732169995105639,0.16761508895956295,0.7281508452526346,0.4451404552792073,0.7991803987016087,0.590114881872421,0.5799994412148468,0.2983998402122126,0.1636284450189735],[0.8669965322621802,0.13907803577188588,0.49965901006253244,0.2816833022095632,0.2745195640442365,0.5553982864073912,0.7282439996020386,0.7106025604065869,0.7884814358145205,0.298967327225512,0.4458886744578127,0.05793438723702121,0.6848289796659107,0.3069916453209406,0.5272695032796585,0.19390523971653306,0.7464895810641793,0.7446813863865361,0.7958349775400122,0.08904644754071442],[0.8935899033087616,0.26061250227374033,0.313018633140247,0.2619353698118792,0.2774027936115525,0.5197621526880997,0.25383896265821265,0.38470561469034403,0.6072655950767331,0.7606222730410679,0.6388302752268477,0.5551744180692247,0.17556927815990842,0.7436982613100902,0.08168365479408288,0.27456291375000674,0.09850007939216701,0.6173146292467933,0.3631154202044873,0.6042412107241367],[0.34497631540805174,0.43737962117957,0.4392668586412537,0.08874355561741291,0.415692547394103,0.5949047086479223,0.5141444091641187,0.11399120133654417,0.6178475878337365,0.31253334167797175,0.062269582362168785,0.18225622352160842,0.4729257087190755,0.31384141017555833,0.6402255616905183,0.25455545423089976,0.7068767432038934,0.2935056041848829,0.5777341514467533,0.7293339232135031],[0.37772270934718655,0.0897842005431499,0.5051286929000488,0.8960977023128253,0.8736430864203766,0.237868864852543,0.6923420330106146,0.343209057047056,0.18623160815562778,0.6160274955121193,0.4757384200977536,0.5083459740073257,0.7532837629001822,0.3360621245043096,0.6170305456223136,0.36126274691823146,0.08631531209336482,0.37131284123589653,0.8575292937235145,0.46077310977515445],[0.14199587131133795,0.634652804969792,0.8688724472607431,0.8217534595626186,0.5361667121369179,0.3698386326962515,0.5435760182328544,0.7435414028693621,0.7820517407156862,0.7460173022010751,0.43715492167547704,0.1510292911346955,0.5337974127279599,0.18296450382836044,0.1018145838131776,0.47386765841453177,0.6070674325396338,0.776025210445434,0.7154102208611581,0.778654435843066],[0.696058455197757,0.6477534873702184,0.05861693376959469,0.582186965037829,0.15240953351825004,0.0998670624826599,0.1829503292898071,0.7497983372254877,0.6822719841350182,0.8564565444244305,0.882129819852849,0.8092913884178848,0.16298714333044928,0.7966253297862333,0.7628415645703486,0.7904229808807428,0.17893277454901768,0.1492730536073199,0.8352375476464694,0.19775265176432882],[0.363328471386211,0.4375871220699512,0.1557761486551298,0.06753914482766529,0.8949768993020487,0.795158658109717,0.8254872399480417,0.29187860888130074,0.23708633683362318,0.41198657444911263,0.4353214636313058,0.054759523034604546,0.712365145675858,0.8971669824207147,0.49938723958677594,0.38001989076058357,0.3838391092380228,0.13166556234628557,0.27623754560941,0.4768128703394365],[0.4170708009644927,0.5132795338816436,0.7717058013417957,0.24145595729467018,0.07351455377036516,0.08249162849032964,0.16404348451082962,0.5349105370837421,0.7369570885322361,0.8037850483885368,0.5898462216787256,0.3926717645832594,0.1813375019327253,0.3912055885269572,0.332552863821616,0.7895219987285671,0.46371147079901615,0.2422665149613495,0.2954809067934129,0.16599963986128566],[0.8307976317087615,0.09279396930099826,0.060919311272510095,0.20554059349783843,0.739242915224032,0.49494676863641907,0.5819667942704384,0.35407192410337457,0.10837628771679453,0.777734438118343,0.21311013130659634,0.07810032046334749,0.5367985155432147,0.1207958373269109,0.1313975740808591,0.7303204767601464,0.46786815092029616,0.25528218441007156,0.3463324598555909,0.6698548320166958],[0.10640102304311157,0.1490085235432284,0.5738227297419842,0.5659259742970412,0.876592856855066,0.3683670590671322,0.1053159831008885,0.5069068196221838,0.5925947899975218,0.1686623679183117,0.5199326775049172,0.21810205340952493,0.7680205491989082,0.7598872714162552,0.4151847315986755,0.8717317119358834,0.8828077932822804,0.15986342560547656,0.3625567341075975,0.560273249539648],[0.12211213814422772,0.3752571782420165,0.27199627141410215,0.8592426878216985,0.3998479494067499,0.6982702297653857,0.3786995589853477,0.16204025985601014,0.7836788006367204,0.050354379367638286,0.09754974287828252,0.35972674501248675,0.633863517190926,0.3404486509971594,0.10636589497782872,0.3201640286740265,0.258233730141638,0.05460682984546827,0.5045816262033416,0.14914902753255815],[0.2943718454771662,0.5950113556890524,0.6663483354995307,0.27393728282761914,0.3298146204054489,0.25987285240834546,0.8633553102687632,0.21194176793929242,0.20570351308862483,0.4282800014568022,0.21091040532048377,0.18320218784276693,0.13149760704592267,0.5941455608920121,0.5702699166666116,0.6026384580962714,0.7073050068079868,0.32740431087368943,0.8306601735701333,0.6732239194084426]]}