{"n_weapons":30,"n_targets":20,"target_values":[25,15,48,94,16,98,89,10,11,91,63,25,96,61,67,71,28,42,21,58],"kill_prob":[[0.5834108599320095,0.2148373544770747,0.8951181283478299,0.22329956024766312,0.0587876949836259,0.8526419032890359,0.4147585457345216,0.38882676108750674,0.2843206206963749,0.07195713777249249,0.2748829643731285,0.3843052911810846,0.4922798615367139,0.43899758710368497,0.7971807765484195,0.8246303826406267,0.31958168354335775,0.8656214047941406,0.7851940463023014,0.8384895940545372],[0.6503812500296275,0.21853106682671025,0.2159436237591083,0.8223538286213518,0.48098864094427674,0.8068972110806771,0.6624656973109194,0.2306354586848075,0.37704584705351063,0.872651432769132,0.0666453472269787,0.6573962836288324,0.881962742513925,0.13852490403508375,0.28119392670484683,0.5149611525790123,0.7672001885846943,0.48053508936206896,0.10065663994538591,0.15810667483148044],[0.3695518635076797,0.3241595726964666,0.23672683650232967,0.7641094257579221,0.07284943118642533,0.754942610610516,0.8334281475988987,0.5855943708684046,0.5815478387995995,0.17666505603765953,0.5330700774792071,0.368898234847353,0.24469229729216635,0.5458301224772016,0.05101189700299433,0.2849508728108347,0.6076357206451721,0.4367845189312405,0.17379445942878152,0.05112039498746411],[0.27987341695947093,0.5167004100618585,0.5043637303465817,0.16141111446613188,0.571642571564184,0.8990857214913137,0.5471368703219378,0.49849244935286624,0.5792381550539789,0.797720256721623,0.8540994429912899,0.08487848838975998,0.22424473247788074,0.14839945440506963,0.706500717847244,0.08872843010915402,0.817239704942461,0.06747206016766119,0.5621647910067551,0.28423976488322705],[0.4499789961999017,0.42560302690415014,0.6865592801153855,0.4721457859009305,0.40803770560756825,0.6707355371967012,0.8369358814091272,0.7248340412950317,0.6762094767771709,0.46456376896530377,0.8151834285391316,0.46336643880843503,0.8407429175182062,0.7324839230583685,0.17772120026861016,0.08994334681824931,0.6797273338361558,0.6329632873602877,0.5617755476446793,0.8798033880147442],[0.5135925906061669,0.34571488703615855,0.5302209731991924,0.07414998962963781,0.5423745993847549,0.8170656742848696,0.053680558240419285,0.7685082403513991,0.7316395599842462,0.1401876603266725,0.7698059191534599,0.6990134758733981,0.4673894889258686,0.25843184763980714,0.29488535347067435,0.5704336866511918,0.2593583994691721,0.326552324322873,0.8412126664777613,0.6699293240303149],[0.6756629422594339,0.8625459588034274,0.054924916832657475,0.2578129668667534,0.609277868516336,0.42253080384657016,0.14588420591251514,0.7140486331609122,0.09001165396793773,0.5122734453610649,0.5280946818111395,0.5905671216690558,0.31828235731354104,0.07006080004704039,0.80563579316858,0.8398240756041875,0.4596904178684558,0.06754430045929902,0.5437404861899316,0.318540373913483],[0.2051127403086423,0.19360975792402457,0.20236712428319242,0.331214850492415,0.2885271833387729,0.7609611075852112,0.4710175012815206,0.41350036859529093,0.17395852354729807,0.7945071741529893,0.09659887492472069,0.2536016550433082,0.57825143437502,0.6469655638088134,0.730983088596275,0.39874760624959116,0.34472907364520505,0.2952688752684883,0.5328804704160675,0.3463402728735579],[0.3288801045745431,0.06435722542008705,0.8560685894103666,0.10150510767245904,0.28024079056429857,0.8332066832395918,0.6750459659729936,0.5414188335593241,0.611691826216067,0.13250104489087616,0.7373502421069389,0.2625907475152126,0.86278188119704,0.24666841322491595,0.5815597537970517,0.513525818210344,0.1716376298733684,0.35848809264429027,0.7140988415280928,0.23069986289924183],[0.8684287176156601,0.30116109285046583,0.5827134105580729,0.5760369836513852,0.4501615058403905,0.6070563945408953,0.6820404022527558,0.5761525256397552,0.5259954264338822,0.565633296861849,0.3916625323416659,0.1102421920618176,0.18574362230536468,0.5656984365837404,0.8380978085548259,0.0718794662855049,0.5124299175028664,0.26425221805781124,0.5274789196618361,0.6872087540736465],[0.6751351623441539,0.6661529281454138,0.7120849460485215,0.11171908379781398,0.4831411588302593,0.27251171256632595,0.833079976852051,0.7154473387165505,0.1414131202546313,0.25675920967565297,0.4369372171734229,0.8684723285354617,0.14322220650289408,0.5327765132608102,0.3400943861983746,0.5993892904726738,0.6014007179692988,0.2545027636814157,0.7179379902601563,0.1275731006345867],[0.7454180404242331,0.23017182979256995,0.5511424037179048,0.3452132678673545,0.5683128526286105,0.27730517103322083,0.5336191211579341,0.056968521181529556,0.3682862889746217,0.7524309722028608,0.44355559852968157,0.47437193414147083,0.5783403122268941,0.419078159008885,0.7870152185652416,0.3928259693709603,0.8511695691067631,0.7953973198256196,0.40792461526013735,0.36093074340884157],[0.6251338160651431,0.6920107363729531,0.20798234072589988,0.25488842270851003,0.17431463915121898,0.6965880964600708,0.6572415852322222,0.21069574217061976,0.5063435682311915,0.6996034553228898,0.8549743633318669,0.2017442560113767,0.3086803129062358,0.34608881609321274,0.5812307552632279,0.16595602267763906,0.21441470886368386,0.7133713117831884,0.5107456159776599,0.1863282967991895],[0.38016783580699154,0.16432006603197286,0.3582865010513156,0.3901694009298903,0.14529384988158683,0.10085841225813574,0.7993616067189011,0.8045008761941861,0.0521920439307524,0.595023481960516,0.12962715640813288,0.7386203987016202,0.7976280333306889,0.5741228820646921,0.5711821386225008,0.3657592826956656,0.2620486239584324,0.4743802047802594,0.1636596399550709,0.6213911606317767],[0.4495738610727607,0.2009612801262911,0.5500671148708904,0.7260286610978697,0.5504795424170613,0.5002121999080626,0.7705598564111885,0.059142077250705465,0.5742354836594351,0.3982383557153823,0.2145312263590189,0.8826411725731848,0.3932417547751109,0.33497339057588915,0.19365717377954972,0.8981010585586615,0.7776436526252253,0.10947655587370851,0.5308907947081059,0.17529102924414597],[0.658414202761005,0.46147091487137143,0.14383061956938453,0.5234830575746464,0.8240743034373905,0.34001547998317966,0.09318477254768213,0.8534260445749476,0.170529309808033,0.4537942007490486,0.5129755586710416,0.25152434370406823,0.20080532723241812,0.1461680485226307,0.1094619900008774,0.48190756552829306,0.765717660309169,0.15774495566161112,0.6455261741786736,0.4007276548600599],[0.0799406031249982,0.5055764635040132,0.2642070262131999,0.5644659790844271,0.3469245592130405,0.6164844705235152,0.8307278584913746,0.2578628777692403,0.848864398639543,0.22366253121278212,0.11009064988985862,0.21379583927986778,0.7426791945882161,0.6259228084748606,0.8752090302722165,0.6533532138611912,0.4007365752811388,0.8085663280129448,0.8644092404771909,0.72290668281609],[0.5231436479598358,0.7519009141097284,0.20218800123413933,0.8152975194899784,0.8996251351135556,0.6153691414870436,0.2165056836430072,0.17277116286602354,0.865502244760295,0.7906498981630767,0.686377023830052,0.8567513655730996,0.4778931899381325,0.8045844425520098,0.18839726689012226,0.20538826039125807,0.4854915888113314,0.3326332117178456,0.417641377812459,0.7284674383554532],[0.0953963503009202,0.6627172591381952,0.1249948781853607,0.7703758927383572,0.2216148355553238,0.6746980822957963,0.5530974891395357,0.37777879101192047,0.27740581285607796,0.09884041882644773,0.350373175876056,0.22044944311099957,0.16552562835918494,0.677723404200764,0.23063774236122042,0.23968434055874316,0.3394092339909371,0.4432551856785038,0.4866558326462451,0.6148643285143511],[0.5502437406622382,0.45943129776764546,0.38484918244184974,0.2759182801398493,0.6534512216305836,0.3198761223346855,0.772144184497011,0.5482380875047886,0.5888526367489535,0.48247169624607333,0.8392726549542407,0.4083562333250828,0.4129231854059907,0.8090623214060555,0.5641708828161458,0.43177640836551934,0.27282844733922124,0.25828777829413,0.7312191666919506,0.2875461659801621],[0.054877036757860834,0.0665415434035751,0.8816422198570799,0.5258622461295027,0.46567093708048607,0.8301946587420806,0.34893428914174884,