{"n_weapons":30,"n_targets":20,"target_values":[84,51,96,65,90,99,39,33,86,31,78,26,89,72,57,50,67,45,46,28],"kill_prob":[[0.8074676207928376,0.42669707993902795,0.5665393147633797,0.14565014154864914,0.14177638418216593,0.10725136041439642,0.3622441687125495,0.4519536118631248,0.2578914270318513,0.34722587999571314,0.055321028920204275,0.3484251954721856,0.1512956346062204,0.15912680661780612,0.05383018292600281,0.6419234811553409,0.8415912079419764,0.5783137267243337,0.1317717441387232,0.8912020319836285],[0.8792473952450364,0.4479993553088654,0.14168883564535154,0.6626284132001238,0.8672479738109217,0.7118946635178888,0.5805724263853339,0.5692071170154156,0.8812303970747845,0.11215143629680405,0.17712261665203222,0.756189728028729,0.17334611827179514,0.37580201388967516,0.2892743676465378,0.25692800897433427,0.07186365844216268,0.5313135740045895,0.39105359270844176,0.5188516807414596],[0.3088319755228781,0.8502417267961232,0.5526451134052983,0.8670259895524268,0.34750506111985985,0.05194610674437378,0.7140757302180746,0.7532720263765459,0.09989788762028562,0.5815638441929712,0.6118651869841022,0.1738737869904305,0.519645869924694,0.25671904857795214,0.06398394772383874,0.7868744268197001,0.46794089554249446,0.7144442357741045,0.6644590773947424,0.8946494718623497],[0.42226039331601417,0.41341801574360093,0.28949223199349466,0.5813751313927324,0.46319562547199156,0.6694469538204185,0.35303494367521315,0.16121803036792703,0.783070134301536,0.753839900669982,0.34835015904838257,0.6367989598851993,0.46854247033427,0.6968262825614352,0.38161251336483554,0.5052933500825452,0.09914368845503516,0.19867348434986914,0.7145007666088375,0.3743306598469458],[0.07983961059515166,0.19249084285515466,0.3998583272727723,0.6602261409642561,0.3589622855361463,0.6834078912220387,0.7793514992008209,0.3399661220748557,0.7303192352262615,0.1578485660406611,0.4029909963109106,0.1329280368393537,0.09464879047555935,0.10484827086262988,0.13903922301939098,0.760367034903939,0.5121255550886366,0.8552799596104591,0.5073002561156364,0.5844046324638288],[0.2068113669694191,0.5094938675386521,0.3775071664828278,0.8417200408193146,0.8438330334145232,0.21872382062690482,0.577111234347611,0.5924494325253313,0.5281548175393151,0.1556802517958769,0.6059130210147325,0.7292224921855701,0.34344212877516056,0.4873689466525336,0.14887875439688622,0.8410854047639735,0.143107175196472,0.22712054066800996,0.3037067044300297,0.7519217033047186],[0.6455575324270018,0.05596227230263715,0.20602731508549893,0.6876285023131166,0.3932593173506905,0.07228150259717099,0.869329346572021,0.17854797599947775,0.4838966440398035,0.2610686829981169,0.6768489221915557,0.7102171841901949,0.3876373429961591,0.6096821782401771,0.8227125468645127,0.7425877507187154,0.4026630599981775,0.42525464581214223,0.8038465329229675,0.0792168803623915],[0.0693898364667524,0.2249260403302688,0.7534783979825421,0.18023120947462068,0.29248739220609976,0.5847083866191494,0.20660638855217367,0.30764889005703744,0.4468758180547134,0.24389289120274743,0.8935516313812432,0.18892911472307766,0.7724465391822152,0.44958485677391125,0.1597551277621602,0.1507132335881935,0.475251647643227,0.35049214574882864,0.24941195424604462,0.8650982665908865],[0.44387277953821225,0.8394893341664785,0.189399767155096,0.2059461571455104,0.5566235373010838,0.27939429622429923,0.20719717726957138,0.1304825776013144,0.11483006976108925,0.6901931276014124,0.2898386744143441,0.8816562803114897,0.20565295835725605,0.3512796525202707,0.3686723265599834,0.4751298738263054,0.7900404886325354,0.7595546784695592,0.05846288123422603,0.3978668069145232],[0.7537462213844947,0.05016813665270367,0.5035936363855072,0.27055427813322164,0.4008532668557855,0.4072589948969868,0.38299127460988724,0.8081576038795736,0.5059940676241044,0.818184715253787,0.6677310462231484,0.34845206032790477,0.46952912931661167,0.3813797574744979,0.7542881364702734,0.20945814017531916,0.8459504399223188,0.5433608201141287,0.5699942608728714,0.4892811902141756],[0.52132200548818,0.617524103959403,0.6067799668357308,0.23202502553946963,0.5450741367421129,0.3514324745851761,0.5914757599324469,0.5156593932277309,0.2027279436556187,0.6745238299081807,0.4384614303575667,0.5187253194432164,0.6217464351860911,0.6049410078295665,0.6865894970765379,0.22573896934664978,0.14383254867675338,0.6188026384731928,0.25058720466582984,0.14741413826735267],[0.1615518688879968,0.31588010531458693,0.8930189908418583,0.18367127768402225,0.30375607795369763,0.8326240290998215,0.8688118536696823,0.24451685697879033,0.7983847924930589,0.1680802528445616,0.6973059496054383,0.06105693655026581,0.39562668485481606,0.26023492570977996,0.6484068120352543,0.06364771165190698,0.44516645014380307,0.642219671033195,0.08969914226265548,0.8127901548104765],[0.35701779628698155,0.19047595740590617,0.24164482162589168,0.3380700394633937,0.21861883654894831,0.48399194082792246,0.5879919760244526,0.41841559255082594,0.4129773274108539,0.7144445914633971,0.30586420601420233,0.5793535088211558,0.8089833472869516,0.23828721033161038,0.5769156205207887,0.8557760130465666,0.5003259667121362,0.8803630651425607,0.31353913755707696,0.5296498087662684],[0.3143803885208099,0.05316151130729055,0.8977118853788096,0.254051057831685,0.8771366874512219,0.605077902650058,0.8183435676062868,0.872122334995588,0.5326548253906855,0.8997376426560695,0.7022304228840645,0.49524237267953736,0.606701791562253,0.21513065372760937,0.059377728224297405,0.2682709454660708,0.4197252324619209,0.24384469883249088,0.48693051328826825,0.6092525208909665],[0.6074247717350321,0.8096997659531593,0.8713712320107283,0.8070907613559052,0.5771487154448872,0.22489953140245972,0.8519334852944378,0.19863133555221052,0.1787132751338954,0.31993392871961973,0.537564727137545,0.6292517371879336,0.0612987757437906,0.7113189309617877,0.19876661672415585,0.30201212378606795,0.3237737169263038,0.33257909906393107,0.6963124618780506,0.08480270787185262],[0.21704014563347157,0.06897134647958093,0.7115545382050014,0.8861639876103551,0.6106150853765796,0.5516183037809895,0.8218562813802274,0.26671088840896034,0.10649295936730444,0.48347441922638335,0.27129639769775443,0.4334193724787667,0.4378548729945379,0.321007050457859,0.46337589434559545,0.37312909846741643,0.14610043626459523,0.786716851294913,0.6460826572656921,0.08511253524986447],[0.1484184614806104,0.1320373001052204,0.10248201495750353,0.10019825946446553,0.18354548299577028,0.7706889972504389,0.7539983017684494,0.7156745039866275,0.5725005305577868,0.6649695202315894,0.6777090292142602,0.8059159397615172,0.6724915751904008,0.6759904118178207,0.7334689968064613,0.5229016275384871,0.23107447153621785,0.12186110593369956,0.406187026324614,0.12793282093315317],[0.19390842682118148,0.07026400999806975,0.30517534738103336,0.8744981490417156,0.372091581764749,0.25475871514341913,0.3929320555674968,0.30613774217567574,0.6227952994891066,0.5892967469852186,0.07324147160492177,0.48462468243576734,0.08076973452412156,0.6257587764521337,0.8454370810331697,0.8213646969183062,0.22485529527728754,0.6812483755631844,0.7241060753844805,0.7847124031429766],[0.2706588701804429,0.43320961907633604,0.23827876468110182,0.07066303862951268,0.6101607336852136,0.4167440752091737,0.2608993484790322,0.7700383552046701,0.47132854398232243,0.895459025630702,0.724354152898122,0.788829519775532,0.707332411478021,0.14003616410802838,0.10527465055562008,0.8278169567222939,0.16746760983383177,0.3825422280731212,0.5684243598225412,0.2301135974166963],[0.24149228715161025,0.44630514094767,0.35676082774093804,0.6250893169668337,0.11381476619253338,0.4654448690561467,0.19812093005818943,0.5657162576506359,0.14878129799629164,0.2179870865500016,0.7333056354168165,0.2498919415323117,0.6765055379747518,0.2821032947349623,0.24977337944875644,0.30428156544907725,0.7987921867593363,0.3875908104362188,0.2571964504013776,0.5061435526423762],[0.3777952000173653,0.7216678918059137,0.8918787755660735,0.4975882762659586,0.4339865630049219,0.3415800885668028,