{"n_weapons":30,"n_targets":20,"target_values":[45,15,49,47,90,40,35,66,68,13,17,25,80,29,100,50,94,32,48,22],"kill_prob":[[0.5579376227150722,0.6822911811327387,0.6324778567776385,0.284753080943393,0.7762781109119195,0.570048852513292,0.5724666958563103,0.2309211839589887,0.2558809542357305,0.45353768482238904,0.2521478763844968,0.6348660760125701,0.3122713354173945,0.1791287308671468,0.1788717757074516,0.15814361190448656,0.42378756712141824,0.05258403089547914,0.5110164450571512,0.30355748448161785],[0.5196070063161825,0.8451116014253458,0.7886904686559612,0.5399653639476872,0.40535976574291627,0.6436082704201306,0.834668432730843,0.46611500774861725,0.13441156547252084,0.7011749703603916,0.058907280810226524,0.6999427076945727,0.12217911330358447,0.14062408821134387,0.7144508395097972,0.6360934491610946,0.5276176599361422,0.7474974138036645,0.7736632341321988,0.4388854173078437],[0.8968538839963568,0.35394294869324117,0.1957816016276785,0.7690799766519079,0.40323473762543066,0.7933247035443222,0.10199139281684344,0.1443942947806454,0.08423176204036809,0.5617093162570486,0.7570845539490247,0.39226166606737095,0.12709113222037016,0.3674485033163104,0.3458392124887704,0.5969511360494976,0.6043288844768838,0.1375701596636501,0.40715026089669826,0.5961373477959506],[0.2700320278115295,0.39601824354920595,0.571640691898266,0.3924400960581666,0.07623182583073271,0.23922359611507993,0.7096687772956952,0.26122846693752605,0.745054729154922,0.44687165184655026,0.4519829666176863,0.7049387830316711,0.3757994860635108,0.2527085033295153,0.13927752020981818,0.6211233947434529,0.4494511588239508,0.7379958485951078,0.4390235022881604,0.40258907384761466],[0.3040242714635267,0.21951369199930415,0.7558714029511949,0.1309296653047514,0.816808564848899,0.07287277855174792,0.49391448494737716,0.09957927782842164,0.712666053113188,0.22977204545024632,0.5310341898010552,0.8289791872023028,0.6018700952705623,0.20157197022782813,0.7271761034416656,0.4252576657870969,0.06120022759134318,0.46375022459165977,0.7406119756738393,0.41546398620857106],[0.6946638429079935,0.6496970018542445,0.438375469737542,0.3247901972716303,0.6675590013278329,0.3635806550776106,0.1945740407193539,0.32273360229878245,0.795313313988841,0.29088074531677777,0.24971645461802572,0.16340706012097783,0.09690116788256542,0.8801885010696868,0.5062603031715189,0.670197791527593,0.7070274298383994,0.3494694455124016,0.7290700236370379,0.8672616077570414],[0.6804975727044541,0.6549731576633622,0.417398718594717,0.7651221069374756,0.12551176885484722,0.6872311554056563,0.35769451082142856,0.5310778284281227,0.8090192044124731,0.564266625961304,0.07174430080809621,0.6642141186946319,0.8396708302730934,0.5957101535139754,0.7822070658406377,0.7515013920406443,0.7820984405363681,0.3424853422884336,0.45303899804237896,0.7708284792752718],[0.8238387886917369,0.17481527437078448,0.20430252265276133,0.3448051600466942,0.7047531539524543,0.7937339836692107,0.5432041201928436,0.14627794908424632,0.3081859954720911,0.778469555505987,0.34542173152951267,0.13738615662598636,0.3067581961961165,0.7357003994548371,0.46945760306627093,0.19583685921745014,0.3157375166929473,0.8605440877225654,0.41716386488383245,0.4253593665851791],[0.1801091617375813,0.30887115892214206,0.7424832129990395,0.7182691282427738,0.420173979101591,0.8096044228335558,0.37322007950339897,0.784680142848644,0.07683071799699727,0.3451457466952541,0.7768082063168601,0.816113127253179,0.6929604350373251,0.6193859443613456,0.7431791730429544,0.6514244599888099,0.2660878112954016,0.4463013655906344,0.6115992482032356,0.5496323435505587],[0.8023329660546014,0.4527679443296541,0.20128927131972535,0.23239473180094938,0.7691480750303972,0.05741281108964523,0.7887608076973086,0.09724987276338705,0.3829096978759946,0.7301497933287847,0.39647307029903917,0.7489959589959447,0.13525400934691567,0.48481089246990844,0.5451029152991579,0.8072383076516549,0.12957819538831436,0.3378105824905479,0.6104458806623128,0.8829405695810661],[0.7710331753641784,0.7695208024415061,0.4896051500110699,0.5296542537735235,0.7797930799685543,0.7891817483182456,0.731933380651295,0.7457855839068893,0.7976853801507497,0.14671464142814034,0.2987434703692253,0.8796965038605664,0.5130597359693959,0.1999942810354382,0.47759728821959807,0.5989165490080527,0.7539886863470088,0.7403502171199478,0.09185526933255417,0.43549623892654704],[0.06748369775895689,0.8049327051163132,0.19782016419083115,0.5811434908924927,0.5350256155883403,0.5817000194464359,0.5289041294066968,0.6582503757616165,0.5821934711196917,0.12675520975519214,0.36175275835632414,0.5146044205444541,0.32641781201345055,0.6962812520858513,0.3202130577967431,0.7543815481575836,0.17472366283426116,0.7039836802379936,0.20594562466741057,0.498812988350338],[0.3224457170193342,0.5917342705804837,0.23082934836535773,0.7260982733491087,0.5375462864114742,0.8636821809787731,0.6550047795784256,0.5662862085777634,0.7547848868793902,0.23673018259751016,0.5878310917347888,0.38184327215562386,0.6822223322744726,0.07079899806757597,0.41355528204787695,0.6039466165579813,0.44154343597583623,0.2522758563566883,0.44469686392752045,0.7722828466660973],[0.22581316470341234,0.36209633908519673,0.8917851932751085,0.8258945935568819,0.07887309080765732,0.5007821724617122,0.105601072820701,0.8353191851090542,0.4253131757822762,0.4056714533388014,0.28200412706341405,0.5334961333333308,0.17324891454438385,0.729111750455215,0.4675287931195961,0.5314934576170365,0.7646840355063425,0.20737645780220665,0.19890561234079834,0.40768142193936924],[0.7182090050154105,0.0997637204921242,0.7258946733139338,0.4756431045530383,0.5274989324559909,0.5297280475372972,0.09774228061406219,0.2623051780604231,0.692002833787493,0.4004279015658911,0.5264394349140761,0.853138328722565,0.08933100306975705,0.43222831082274676,0.35708301292071337,0.14048201226553,0.8581751964458283,0.8672406512862619,0.31476493106099585,0.854709119085717],[0.07989756571564276,0.8837615917857717,0.7605422139473648,0.23218068768953182,0.5596150808444003,0.7285544580139075,0.3214041194066121,0.3506890232789051,0.5846268592539877,0.1750299432934222,0.1504790182640473,0.2623344864015107,0.6800707835449766,0.3616093424498231,0.4812544884040252,0.21613297328640274,0.21498981724713612,0.6028835703495885,0.1421189640881857,0.6176646181339452],[0.39059657449657026,0.6205802765749818,0.3744700554631653,0.7691443561020735,0.09722274383330608,0.8093027150403503,0.2783620006523809,0.0861608784706594,0.5280437585998552,0.2407010958239319,0.4403226547065017,0.731967075152788,0.722814746635929,0.5603277738409025,0.8811911223590002,0.44418843095909727,0.08348013180159133,0.7465113773389026,0.2380997895483316,0.1998029876474708],[0.10950843367151786,0.328714952092843,0.3272351219960597,0.30735580217148445,0.5542139988033759,0.6888108439288899,0.8471017108502383,0.12994256687812544,0.17782455761492494,0.5513661339458822,0.1334152547956713,0.36514964192637345,0.5808693959641315,0.7134632772330324,0.23495939433932683,0.6177877294824601,0.5989892159701313,0.7806737073195673,0.31668537139939185,0.6875780851549501],[0.6891998847752704,0.2533153606925688,0.5779841620946635,0.6238877745181945,0.28326415072893274,0.4340299960599433,0.42041106816801904,0.7074831331153807,0.050587567526682094,0.47587261973818923,0.20668969152923977,0.5998156728471189,0.6283135335253073,0.4759575323895457,0.5107251105167486,0.31779946069689335,0.31632427740531566,0.6833495008728064,0.16197166231237178,0.7057778174892991],[0.6067612043616367,0.8018034819571733,0.2711229883698279,0.4802521940437734,0.08314108479984714,0.8256305887965675,0.6240827415772846,0.5794439617107254,0.6727858208386127,0.2916795282454598,0.5632812284393992,0.7307836238444584,0.1267502779984546,0.8649943558967543,0.8081037821261202,0.868566008820282,0.7370962326768637,0.30016442857342224,0.5443221474894562,0.15213805890263887],[0.6910417219161477,0.1805937160938917,0.7868003446855972,0.2544734096358896,0.18635012119048838,0.11026870913732664,0.6546603588431898,