{"n_weapons":30,"n_targets":20,"target_values":[40,65,65,60,97,81,33,100,97,14,37,65,89,75,62,37,18,91,58,51],"kill_prob":[[0.18980669265915467,0.776246643617255,0.8514867773609474,0.13458768061343207,0.6889287370813703,0.2327620862904367,0.055713885018668446,0.27152174945258,0.7766733599376349,0.1700062952661725,0.16106855054869149,0.6781905502701329,0.39540569277994236,0.1762131616544117,0.245500320009846,0.7254116362377638,0.5797784715493167,0.6967894566815237,0.13310725313983204,0.4393886404222556],[0.7275403131641324,0.27592383823816635,0.19381062311962433,0.3745163097446133,0.3333729777629636,0.20765186204987307,0.8608531865528197,0.46063364387212413,0.5668649026934359,0.15294087243715582,0.5685298249117859,0.5220242892271941,0.8421399286070778,0.4004692809112371,0.7147527854047845,0.3085538316928037,0.5420993028786985,0.8379248376575683,0.5813106141450619,0.6544848812015321],[0.7945868464222019,0.8366107088124796,0.227033643922607,0.21646232688480743,0.5179047078724679,0.8961889198604069,0.46662947481416295,0.3312692186379131,0.5066720836931252,0.10473640799834658,0.20062575476342692,0.1765823547445335,0.07372821331039409,0.6638804575884913,0.32665336398255,0.1932558645557763,0.48540720494677986,0.32492774507625505,0.3840651051783672,0.3182020445025394],[0.05338598720500733,0.6350795347560864,0.14408690692395074,0.23627103750352402,0.2117694870292568,0.3316622011739013,0.1861680275719027,0.34490930555976096,0.25677469393657404,0.10203284619654937,0.7899785305943549,0.30974394103390473,0.13098982441992346,0.4932974221093045,0.15478419061348275,0.7071292212383199,0.10234125175386363,0.4449405574525966,0.8522523805984116,0.18512369560965147],[0.2211633753696733,0.5603951746859334,0.8828759608560386,0.37796038604275467,0.6013483288606256,0.17946950336438883,0.5951875632746569,0.2647627552116592,0.571294466367631,0.125362026871068,0.4962236684495297,0.2517942454722543,0.6294523978300014,0.6855193190080682,0.7709211509754877,0.8935360635812197,0.4404515627052472,0.6200052546262257,0.06566015881430344,0.8193239783102795],[0.5733816736992922,0.40814323238225153,0.41916583134655305,0.6942962994063363,0.75844950300551,0.7367181248676241,0.48399695508997015,0.3654746419328269,0.8537084572032052,0.5890695960546785,0.5121053976450798,0.5585710922240488,0.5853865319583402,0.6561119514908684,0.520206990784991,0.7940520512888568,0.7807570821326588,0.42591908295491177,0.19325569530670605,0.5401573567054357],[0.5776285938115048,0.4948726378606749,0.8069911412828713,0.129067218470711,0.2943057291099204,0.7859213693742259,0.8485013160688747,0.4120363134971833,0.2137473845647972,0.4072800720334446,0.43774147861051554,0.49163397143816767,0.28320011815550844,0.31573329604929906,0.6072494866441782,0.5785250283471435,0.6127871378480344,0.3706922357179439,0.3359883127249083,0.3488078720269981],[0.8585000126662181,0.3859583376726744,0.5652125368872368,0.4944167090915577,0.7947885435953184,0.3637492806625572,0.41902277770274493,0.7663751454648788,0.18681397192541993,0.555150365694005,0.38992197649723337,0.8879228250864435,0.6631764992805268,0.058972823385208976,0.7635528153796473,0.6477027077541149,0.5268167782452468,0.2507092045016695,0.1769191528465367,0.5841396284296554],[0.4239492318916993,0.7823772653964602,0.2730175347360206,0.5918919837193116,0.26151658116016496,0.5908695172292951,0.09109294588335634,0.38295131279222683,0.19678277348588868,0.5650438967899534,0.319218845201072,0.7058027250252369,0.14740520636551552,0.5227811068813559,0.5546261835004066,0.0687884847620561,0.08058785422292383,0.3120041464788156,0.5677141235001253,0.8682354958878755],[0.12716598349036357,0.6476883572291848,0.6388087038043604,0.6190531069779553,0.48872524030237147,0.8718020580186222,0.47650886771537915,0.7625525173193267,0.27314251244346427,0.7353622244108269,0.8970638738480934,0.823573089607696,0.30846096093915354,0.7692338544711396,0.13096855457441184,0.6260514256710947,0.3408242980386836,0.6098695761562584,0.40041165644254556,0.05767817735152408],[0.24658507094075832,0.08602829792956859,0.4131794343798736,0.7640605937189556,0.6772972451288166,0.7205753583074559,0.7361197014840198,0.36614881983695413,0.4801218700693887,0.4821834945725909,0.1462272393956615,0.5584208038090331,0.6621528121502852,0.5693226462463001,0.6840710445030943,0.15105757790612823,0.6971976043840507,0.22691908786320497,0.7953027994136029,0.2581916154981762],[0.46819352613687415,0.46417635215813907,0.2785227723332115,0.35745314675665524,0.20775723671425317,0.534585592839767,0.8260738215334582,0.3191164365074028,0.481853218305739,0.7825985201223521,0.4346241899036516,0.7565712791892316,0.4294320653943892,0.4242060967042423,0.1836539678524407,0.1562320007626219,0.5697722326503146,0.7532334959769125,0.16509551382266457,0.8235798541909396],[0.35504783158468595,0.4114686255426985,0.8102853917154097,0.8118519827731955,0.4961300453748361,0.28525020278533975,0.19614855148744947,0.2808430403159646,0.7135332879813562,0.3259021818816021,0.6403772418780573,0.21592069893765753,0.4567280877855647,0.34929028364999887,0.478070474822196,0.5344534972821501,0.8922947199392784,0.8149107901108219,0.6414865058955621,0.1806819499508559],[0.8311742728883356,0.8086981601017997,0.803697915563103,0.4571643347000975,0.1951007044018983,0.6912427327235834,0.38023778314185996,0.3428830462383997,0.3821647106753857,0.5252099738459405,0.33349100613253513,0.6364325193484007,0.6005652263821132,0.4825332217528653,0.095877246932671,0.8460612800154965,0.3999418406523316,0.43203521514300414,0.4376276354066908,0.3602737645026987],[0.6233997240253083,0.061830041450271885,0.792482079914077,0.13707317147912623,0.8997566238390948,0.5838702348002128,0.1063095029889814,0.5280715005128148,0.33161162359577245,0.8600867396572986,0.6921503540646021,0.4809624683511709,0.4153107895813533,0.8964885359211059,0.6172764722166467,0.4868402810325547,0.388252499807251,0.32589542882447753,0.6496065102313849,0.5497026876701232],[0.7709571100083427,0.5205266148078682,0.544981681612039,0.45575302061670336,0.6982278043474066,0.4027433496837405,0.7741486640204277,0.32798804698157996,0.6387312894238206,0.8090252642347044,0.7037127841417029,0.34121692113855856,0.650388152508157,0.2259370924184776,0.09944031753403798,0.7226744786981232,0.7368077479469157,0.06949129807825788,0.8556257617894777,0.4290148528693938],[0.8194813253200809,0.7199483467981709,0.8155554986374055,0.7583692881495083,0.8778960641488006,0.5847358510844188,0.24317001999462678,0.3811286611230394,0.689097361326219,0.1834238869826023,0.8403659857521667,0.22448707658459177,0.7945785274526689,0.46116535311279966,0.7645271261156397,0.8645513428561121,0.40882533426436607,0.6421138597802181,0.242709962897949,0.7306678591767577],[0.7469368018906413,0.3009588484278766,0.07051964810008637,0.41652446401285087,0.1945004541084302,0.7457684182285421,0.2719326863145828,0.8521388736645481,0.8760376169153559,0.8225105354598923,0.5596723060502482,0.2773138033880285,0.7361696526080805,0.6463560740268123,0.880593094992723,0.37066420621880264,0.09995279929256212,0.8986283795131044,0.7625240935230442,0.2382662350537667],[0.6667836860147058,0.050586648805061474,0.5241376992010434,0.35841250485138415,0.37413308505198284,0.2578418352462644,0.28361843328834246,0.43646836427772845,0.2609232801561092,0.4464739548390222,0.5407455624848873,0.6544447094246336,0.6255738030803953,0.25569088213884483,0.08331115186389614,0.7577795861791611,0.7914659165199043,0.8820560917732808,0.8657548236507596,0.5887419226890365],[0.8101309483503416,0.43080715642318035,0.7192352937662865,0.8620343609182102,0.7268367736265144,0.40340056105903027,0.37109536000675025,0.2978113410592241,0.36200399566675334,0.7474901625233726,0.6462752730357902,0.2623973026104658,0.6548048592953376,0.3724861461339932,0.5241066309811486,0.3648138818539442,0.49338494995296406,0.6703333108286631,0.6714610530274242,0.6902051924059307],[0.3823829761666666,0.6369211264763509,0.2529048867300202,0.4558141573568857,0.545640879282785,0.6335098591812217,0.8251965929911129,0.30905334105882226,