{"n_weapons":30,"n_targets":20,"target_values":[18,23,40,63,11,21,40,74,18,35,27,38,33,68,16,95,32,100,76,42],"kill_prob":[[0.8543775872343615,0.570473248056823,0.8204982896545071,0.07367432593722437,0.07819692407073725,0.11338788104847256,0.7337340516437348,0.16726300626986534,0.20009725989381139,0.5475899166883087,0.8638289827586128,0.5320456140183738,0.6727064307389664,0.20957412396665165,0.8270479451763468,0.09749515128126812,0.29039615706430455,0.43566556262999195,0.2422463315342035,0.6141966919960188],[0.6269735682231551,0.23007931582307412,0.05730257842208969,0.11316966079205447,0.0503637022731843,0.8195846581727526,0.5784158409387362,0.1676699840646656,0.12863598386867425,0.7449556348067687,0.7393836564098814,0.8382726941821359,0.18538245906630202,0.4939335461355937,0.15325464819706958,0.7262936300584072,0.4006120662360731,0.6414517230910187,0.0757666298961079,0.7112413475280305],[0.24506334203790103,0.7663837041356648,0.20797971133054383,0.7215826519557376,0.16398987192792108,0.6139046525695001,0.7123699164280592,0.3782979234453435,0.2576827218189183,0.34284845544696707,0.30210291013720814,0.588106635801718,0.08787748280804403,0.08522092762573918,0.29460669287609886,0.28542735743975384,0.20050970244814154,0.6592927046004098,0.07019848520347459,0.8355995539818691],[0.693863802493588,0.39251404679642027,0.7800942569445528,0.575430489784599,0.5346951273595308,0.31606518180415666,0.6136389725758493,0.16874050442182936,0.49616440022158836,0.14869355162869582,0.42837490006566253,0.5738305282468515,0.18217792190815468,0.23880167026596644,0.7412690663495152,0.26735593714905115,0.13122264935820188,0.33108660308034465,0.8448689492609941,0.6397151773339913],[0.5391191722129929,0.7643566782730977,0.6111591625270848,0.7394736314848973,0.6085834518645202,0.7846191471451596,0.5804069491880266,0.2751436389550507,0.08495042142351932,0.13952220988205,0.4855789177752351,0.876003123505732,0.6955424332910152,0.7091262696755347,0.6142190536549168,0.8179649127430835,0.6751404216107567,0.2696088992405042,0.4745599423951439,0.39369154686933844],[0.19058219539243365,0.23902050502959288,0.2923832699977967,0.1975971152434433,0.23471213935037172,0.828934356870213,0.3417533269779432,0.753389186145891,0.10473145267846334,0.8845379811539061,0.7000729800961935,0.8207086570125679,0.4970246658426294,0.5893572304702872,0.35669617493837696,0.41722653782775915,0.688131392179274,0.09247334399906944,0.08106863508964923,0.7936828905692264],[0.14350649404204568,0.6628754569388922,0.21961137770288802,0.36127755345574747,0.2995173465247108,0.4667851663898326,0.7526622635987865,0.7942039772205663,0.23873784641480428,0.337001224285566,0.7613793303100482,0.12618975164518595,0.14936231275499517,0.45764420673492967,0.7216227026951788,0.3355797539221516,0.10901712306671403,0.8726874151255056,0.8480746239185396,0.6041162038623107],[0.6295949511450426,0.8436410486493117,0.5972839025239554,0.7201505649160488,0.4439884883571055,0.24380220842650369,0.7576523290211379,0.6317246400563392,0.2961278455989257,0.579784218486706,0.744011384822844,0.2797934423870522,0.7029292924136211,0.11149188064304853,0.5812065005197878,0.8990935814236516,0.7864185267891074,0.7943093444464733,0.6283035799125324,0.44200905845646843],[0.6256332021654476,0.3230134865453106,0.5198532568061094,0.5087279238819115,0.5121707982849724,0.400189451884085,0.3498815558071109,0.3308013372008666,0.24102122953755206,0.42276515819717125,0.15008380559015758,0.8163375109727974,0.10923122975657572,0.7618059075362816,0.25506114710972355,0.7752363025562313,0.6622262655351444,0.8328288530727511,0.7896980280220258,0.6459243950331479],[0.17892699962809477,0.5166885218339359,0.3388538455816337,0.8029092902943605,0.7913942199465671,0.31693183453890417,0.6209446423862955,0.33754210299863135,0.6264619210826214,0.5717903877346322,0.48430575958426736,0.7966451119574831,0.2591427258299101,0.7278466646540808,0.636081564526449,0.2890776893050912,0.4084328914192641,0.10866204494461848,0.5579401590477928,0.8047073040791842],[0.1501456598883179,0.162198691005085,0.4533818245890149,0.28904558844916184,0.28538957470172927,0.5928696139992874,0.3987179208446458,0.7679504250559308,0.41457020263204614,0.5729841593949107,0.3882076720380849,0.26761997259426656,0.4506322904882404,0.6624083621773238,0.8598877695741489,0.08584180201975826,0.5020529055288319,0.5905711078080431,0.12286244772802496,0.7547953703340035],[0.2845591988593421,0.7936751540641449,0.5197159174876835,0.179267088529659,0.6783377566862269,0.18364422722704593,0.6623216730210533,0.7369684864809857,0.5391997733588565,0.2804285790941714,0.42173709909859913,0.4988173867253553,0.6159139347643995,0.5888367075268671,0.39036067995817864,0.6944414123414075,0.7057039101951788,0.6418815192205465,0.2813314985758517,0.4489868437074631],[0.41784345182180427,0.7442734005531356,0.7369529837943094,0.7861687689319129,0.24649941416746785,0.6861863819392754,0.7898393273743481,0.19151712990385783,0.08394650153116584,0.1396822661875342,0.5652720201965867,0.4084006898872472,0.21579365933870653,0.4990580359933041,0.7176941371334452,0.7774450285924326,0.6889628353761715,0.8026846855818568,0.5635575889106345,0.7615126286656896],[0.4046090285081606,0.7746068250090341,0.8114412104944652,0.6334468516106482,0.41638935895196577,0.2894228260169134,0.32640255200543106,0.16250183676242638,0.09008753447167278,0.4022553391833954,0.08626838272433913,0.7984998226934932,0.6024643766892517,0.7671171592931787,0.4277541616368304,0.2403600021240474,0.296737004594716,0.7765231525305211,0.15360924591736264,0.6435259590597011],[0.24183670618465386,0.3501943981399354,0.05258974002523005,0.4572254539305567,0.15909989456924423,0.7807002969563336,0.13306873115555756,0.2628132567523029,0.06257864500203346,0.8939457714896167,0.5952220687613933,0.5970402978532658,0.4910317212670825,0.7878471743257,0.1725598721177239,0.7239240779961418,0.7360549545591799,0.08070910428291217,0.16277540683027372,0.5150765657417251],[0.12666279237673106,0.2900112922868871,0.3931221434915139,0.18363492495478628,0.6485246848834629,0.47080213131569226,0.5938439747076277,0.4531545996424623,0.4006117373064881,0.46853069546491444,0.8145875528280401,0.38663300404899925,0.5959232072916686,0.7588681387824532,0.5779245026944952,0.2421547235722551,0.15366573013131563,0.5522455602009909,0.6682859978393392,0.703426577666335],[0.6397318678493034,0.05293609112855841,0.707764250619896,0.5639292860156526,0.8899541750667798,0.6998991882828359,0.41567608665509137,0.6247274652927318,0.573545374679136,0.33678445646230143,0.5034997727700768,0.22372383255978623,0.1246556461853912,0.6730707769104702,0.37650939011739853,0.6923563239825969,0.4650864646205445,0.7383209685347226,0.6786674984130994,0.6995113242634481],[0.4149317647470975,0.8670023707846812,0.39446639425633684,0.7241721945156631,0.46615048459095926,0.24982281406039325,0.584576846198357,0.448743007430435,0.2744593829587967,0.3751519277455951,0.1859467370132556,0.8889886025321748,0.596706162662885,0.19751312001734467,0.6999000857477121,0.561596722858377,0.6641685247540318,0.5468134174012342,0.10139713647844395,0.22275377208716823],[0.703432681899511,0.6911977822884764,0.6907940316178403,0.06293250981291186,0.7343781726548186,0.4232589655650781,0.6396122336418619,0.2812677265329556,0.7040993412969007,0.8849395034889538,0.2655079380944214,0.7165679943543476,0.5642078850745795,0.28213144438682364,0.30020348725604945,0.6718920210492585,0.2916940818067296,0.09062453210933456,0.7928662548726698,0.5506068656518072],[0.6947025879700252,0.5627401778215632,0.48898882032846186,0.7044850240088139,0.0773328799925829,0.31510351437080436,0.5833484167121178,0.8523784905946111,0.3846031146510407,0.8789972694735935,0.6919895827309266,0.46216198186026897,0.41478464502248114,0.1600261410957179,0.5729150195233763,0.0945006173953355,0.4147131766057157,0.2520524483169251,0.8628431822001766,0.35877436225550136],[0.46586566861253953,0.3691691362964202,0.16662833177566333,0.3496947390690225,0.7121490133065107,0.5780163244770063,0.4218027524861479,