{"n_weapons":30,"n_targets":20,"target_values":[51,69,15,85,64,38,73,10,54,95,79,14,63,71,57,39,71,48,96,86],"kill_prob":[[0.4066425645777467,0.17271579888785227,0.6912698221950814,0.0671797895010337,0.28352304016881097,0.5073625701078667,0.4220991411874442,0.5771940881611793,0.37414553880673806,0.38199700545172427,0.3463586710885118,0.8041798985929526,0.06470203443004277,0.8486956722405304,0.3544884239214683,0.36015034233676113,0.6670089208423445,0.3800352279169815,0.5741480987860431,0.81808607722322],[0.769268340397074,0.48806167596780126,0.6591543087256587,0.38356953333958327,0.7096375333062251,0.19465592123717218,0.08878701422023952,0.5096227745309441,0.2330378820854973,0.6694170514336882,0.13612498239100335,0.05722086744329654,0.6243478472805802,0.4756795222304416,0.8592130958056561,0.2603627666840564,0.15476769987551997,0.06964025454560534,0.42761024660357955,0.1356943525865244],[0.7092969225801643,0.11118792522776061,0.8326415888827817,0.5097258347557525,0.641916156601982,0.16127953993405847,0.12607952691695087,0.35063121003962794,0.49236935838046975,0.5391766586301837,0.33032018954624087,0.2817629509066875,0.8841989609758246,0.28176263195239,0.16723617204189362,0.35554071472867105,0.30829061722384704,0.4084749208549292,0.5801566759169158,0.5626757432619102],[0.643546402602908,0.18318231002196966,0.08905270939488144,0.7221883297691856,0.234579743666477,0.3183152533062205,0.43732775724776746,0.6588604130923761,0.18904676555610256,0.8170419252366374,0.3232982340628059,0.8852632889132075,0.2926006785403311,0.6668050633888435,0.37016874520184373,0.7610995754928316,0.4430456035600587,0.789952103054772,0.6908478313957829,0.5481243064354406],[0.26249144020913906,0.2708875612017737,0.8927087778036259,0.8365797974215953,0.16765563129350514,0.22345483866729748,0.14079222830487315,0.2211371287409305,0.29670194148611495,0.7619828920089288,0.13090491334393414,0.7998024811022308,0.8761406117129076,0.2894790581511685,0.4377987688807857,0.49992911758042874,0.22483593292873827,0.6718399220962362,0.5429989796506226,0.1453507517580565],[0.8115849657363647,0.306863788275917,0.18281021925567104,0.8845762413943429,0.1374726474599427,0.10074218194261486,0.25192005580563126,0.32137517978732194,0.41873226622809634,0.6323946853463345,0.36085637659541814,0.5254335690975328,0.05493971178552513,0.3771647295743636,0.8532233741099591,0.7086196998152645,0.6796804837490545,0.3088385800216173,0.4649497471982053,0.7678449769448078],[0.7981323192955792,0.6539615748974602,0.4380602164088692,0.11219028845819103,0.15145031226932804,0.05024898355117589,0.35531980407749375,0.06987636897465749,0.41976852211777066,0.5579103797348255,0.5564981193215308,0.5220028904708064,0.24224523169904605,0.49131056643563403,0.8828605408544895,0.4279251189718832,0.7933179333932725,0.3741946249876517,0.5795877721425002,0.4595630705925834],[0.6353291049074187,0.8127711636675771,0.42476563682559104,0.6937895395206923,0.8001587023884658,0.7211128642784151,0.07087259904442364,0.05016120549050765,0.8005157251510047,0.6699164004990121,0.8644122273448482,0.29861003492972393,0.7197730148078562,0.7312937655499913,0.7787275162855348,0.6382237266462708,0.1675617935546809,0.6288013285956213,0.5638111406120806,0.33362127863809365],[0.22732146797387037,0.8023349526665022,0.17065452071616127,0.40886821218986374,0.5793787442998629,0.8760269667031867,0.6203298995494825,0.30914646908329513,0.1015626441827592,0.3200476544197166,0.2988685754165981,0.7462175595416809,0.3700968713407267,0.13368108295125497,0.7894808432885441,0.06534612676564082,0.0525579861990925,0.4535402569593746,0.1088372464923342,0.20053661162001207],[0.8874918948035818,0.7677102525438991,0.6994320245419676,0.6201740952176212,0.09064313166652516,0.7605224050530072,0.450510080029758,0.13357197781076333,0.30563835947751566,0.47667290181686345,0.06164040780800183,0.2645565520936764,0.33553508442625096,0.44422263860440736,0.05168436473776219,0.5306262271540937,0.21798865423845631,0.5576629511362896,0.2532777610507304,0.3923106753437047],[0.5800856693593377,0.608086715474697,0.07600633915088606,0.5048133658673392,0.7441454189269416,0.22545958872127347,0.5021903420836982,0.4304724460288356,0.7724446717206271,0.42294861344350715,0.8522644338915504,0.6045641663850907,0.5271757381735565,0.29813160983060044,0.5570467723108183,0.16155945909784897,0.40380748114583015,0.29176375391704057,0.6197350279504787,0.6993965842998654],[0.8393345265674321,0.23878565516387057,0.8020380935272601,0.7690587624108322,0.7830668387099338,0.6794044823045001,0.2775632270406618,0.7961913487606523,0.5596161927449823,0.6795199482663233,0.22446875259407462,0.18379895518692113,0.28532388981351614,0.4846651602593491,0.4041313317017675,0.8044668306328784,0.06106572767966924,0.1180411340040561,0.32659838125303026,0.19257239757925287],[0.3957380237616189,0.6599541354123761,0.8944051910308963,0.22176353514093183,0.27607843939337984,0.7034278521165223,0.28124225120522844,0.6481874768269382,0.5459656910400235,0.7766599840061059,0.07833625866186636,0.8827849159677057,0.8696130691353591,0.06902962547708648,0.47458300842632983,0.3912121892238005,0.26603867852312596,0.881152032993927,0.1984103967906728,0.2740213184561259],[0.05698952756896818,0.543189658911138,0.7816788430933204,0.5786259953054587,0.6038661420946372,0.10637231413816471,0.6575861362441134,0.3976537559744444,0.4526555934418784,0.5472632339961433,0.8790597092642617,0.685955767359826,0.6313380263593784,0.41710907956751897,0.07928293904953006,0.5078819715106822,0.6117490458202218,0.6485612320019825,0.5666989207839611,0.3053119713367021],[0.2378766914315209,0.12657991844344352,0.6474066669518335,0.8751680500570207,0.49626909508981804,0.6222052655617065,0.6387121271778738,0.187225789949369,0.21303120602677444,0.22695064581466556,0.8429153036540785,0.06324305147285492,0.5099934570580846,0.37060097899768124,0.610447785738935,0.23741834005375512,0.8669951967658933,0.331533034018913,0.8370377643740871,0.5508203034226207],[0.4022919341257797,0.6738026947780968,0.5201049731259021,0.1677951470756227,0.6488158197174703,0.5425698254603595,0.5307982378150776,0.6774239133107547,0.6054581594454972,0.36130617895338013,0.32071545420524633,0.2631960277819579,0.5388736158773406,0.3049045952687452,0.15235554802867013,0.7152928683366715,0.2277624058549781,0.19014544306781395,0.7716508269019766,0.6468088073624966],[0.701233420854289,0.3478064642005244,0.5748207765637898,0.8423651126860106,0.29029267307764794,0.10861778125527004,0.19524635022860037,0.8128463399924485,0.28930141986448255,0.46756497076398945,0.5043835939565483,0.8660115812650232,0.30625716300896755,0.4931825973415282,0.8644056792769688,0.22114309705336382,0.5582025065362466,0.10406574263055826,0.2735289018593574,0.10883269864649997],[0.3306298355124835,0.2254687366270472,0.7286533643988881,0.44388613174877906,0.39425018169132686,0.6384746583651326,0.8551194179630937,0.30631188401793813,0.10673839024343482,0.14331314216607316,0.7786327702475742,0.7689767425647391,0.4540605958766032,0.17549651881004574,0.49751597010165366,0.6181586066528232,0.33240101660846805,0.12014032449770373,0.3236503954689224,0.6369878716135443],[0.8816125354994198,0.2115766240516958,0.8273723854839785,0.4381294749882951,0.6137354066332026,0.7841440918941834,0.5238413513169028,0.10224217642525975,0.2759118713020357,0.7324698683012572,0.5199580605166263,0.3297131216191676,0.5458064668914855,0.27828459022158514,0.2548587548594184,0.7541340704602776,0.3900574653290662,0.2828906047218341,0.39779996725817496,0.8325383296171766],[0.20367038685040562,0.2074449456728807,0.3507001362913668,0.10137296723143546,0.1136830421222882,0.05933179646297152,0.1742590204656254,0.5943292723742106,0.21696221527518167,0.3711214698212991,0.6497475358615634,0.07704968749937868,0.22770007764816508,0.8965049814656334,0.5574175306401118,0.610982702639939,0.48864080680411137,0.8710085932013187,0.17265246728838435,0.1072668723719192],[0.7437412423431194,0.05348191409870362,0.5273275341257591,0.051200529066579084,0.34600794843226756,0.603253498843112,