{"n_weapons":30,"n_targets":20,"target_values":[84,93,64,29,45,82,64,28,35,27,52,50,59,95,69,63,43,67,96,10],"kill_prob":[[0.0981229239370004,0.10689392181186995,0.7466958484620473,0.25132430349458523,0.3295124569429309,0.5684598618346335,0.5463611700053213,0.3989500729331743,0.05365517512961272,0.4321621887931933,0.6780502233620197,0.24995341802663706,0.6521043087327454,0.06287989684468649,0.8218066336673521,0.8575333265074222,0.052092260910875425,0.4391456517355355,0.4017486492028687,0.7656008525315805],[0.5096133526247784,0.5696606494456433,0.22213010262345906,0.11550496779751876,0.6384814326052315,0.5775745931740142,0.7574794238857864,0.7679809303257472,0.5863799828769961,0.5076071755077449,0.8269070286600734,0.7310745154744697,0.8000612457224414,0.896464763532894,0.39297991960153555,0.6593944629471382,0.6348576429468417,0.19802130633287995,0.5910663097390868,0.4138758844970682],[0.43304025159665444,0.20311729137594842,0.6830284442155734,0.6432498412265174,0.5024466181518391,0.18321131254194822,0.5233350675535577,0.1351134088249673,0.338466222220918,0.36650416637380595,0.800911583659548,0.4032277641277274,0.5586993883319274,0.7935621397183863,0.41189552294228515,0.8011479920601222,0.16599211564764377,0.3601166835859659,0.13051816170649488,0.526790184889092],[0.8636897513466321,0.6084090600230755,0.5821642747464364,0.28643483740666753,0.8414407448296535,0.45080456705934036,0.27695174508894627,0.8895449833680564,0.40965534372552814,0.3657741350481125,0.07971707720400925,0.20155072717298017,0.7378126518114383,0.4602908389118277,0.8616435178864146,0.12130293274004411,0.573551926038667,0.661986525411818,0.578005657494913,0.5003959261069771],[0.5415535722879042,0.6361171526699572,0.7837740120918998,0.3358929476419829,0.4407059683754175,0.5905231486245953,0.31708355947748035,0.20196543605469103,0.8712434432614131,0.21551955547680168,0.24782313109191312,0.5758831854102036,0.11576306343327737,0.07894050574292559,0.10441156323454631,0.15477409891790306,0.4148173328140591,0.7548715469448176,0.3406761091311982,0.4134017024503068],[0.560213428910487,0.306822761780197,0.41765719695278336,0.37836493383470665,0.3406010104025169,0.38013419405973187,0.059450053850253835,0.803321567903347,0.8807447778313872,0.7831217627037176,0.05488093294610541,0.6882527146904287,0.5371351466987065,0.1300486743565878,0.842930264647658,0.7097845598392414,0.1735018434808796,0.8694352152394716,0.15726893988904406,0.43647789673289095],[0.185129372760297,0.17766217579921878,0.8726348776184186,0.5363043641834891,0.2702986800390521,0.7099394652365535,0.7939577394071313,0.829963346269612,0.8430372253218412,0.819744555292001,0.593092536537585,0.3410966523359985,0.8367325258230498,0.15412204880032812,0.1934798427931949,0.41875340942133976,0.29111520088120435,0.5733728920902907,0.8195066345199298,0.4673766274165805],[0.5207900044057524,0.4096636696339286,0.6514337859795478,0.13558546286928175,0.09130140303757732,0.5951377032681885,0.5046467633810291,0.396254324666471,0.3338937455972962,0.09403632743665671,0.6284727380518982,0.4082474054476097,0.4284778335916742,0.8094281237001081,0.676915700144957,0.2365266763892978,0.6085915220435153,0.16241702072810904,0.21495428767432168,0.6570268546225694],[0.15700685551241292,0.2881648586653312,0.8133512277860084,0.6775681565393139,0.8400405899948669,0.7995583406670229,0.3156925086790156,0.5875208193088811,0.3718913264035073,0.6425386818821932,0.346188468403276,0.05111976609805033,0.12984748289601766,0.7053604772893579,0.12140445805642186,0.559509280754206,0.7791117355053135,0.6799360513157958,0.4014229755966096,0.22731358299918003],[0.8341568645805535,0.5314397295173009,0.39460705037699745,0.8507490441697866,0.23276508229112425,0.42593959158557826,0.1423488527889804,0.15614822176460746,0.38880681759730984,0.6447113025873343,0.33805985253105586,0.6361582767125519,0.7344118988645337,0.7959412274553359,0.08801157844567639,0.7076719067271278,0.1750708038904154,0.6435229493044341,0.3659130957600014,0.6516243030406326],[0.23175060783179735,0.598242111065846,0.15668697400264947,0.19428371550828588,0.5722926363898757,0.3362557679028066,0.6482113621467372,0.6323855200922843,0.5783888917168166,0.6709594600491702,0.7248449545641142,0.8247097901010505,0.11843845505949614,0.5358166625616823,0.6864603085773409,0.2344002381693957,0.27407797153040403,0.2769196926851077,0.5364830257533405,0.3612449831958108],[0.6161805291033593,0.5687037296727459,0.6085450581375913,0.2644699742878424,0.7022656694495474,0.6144302181533898,0.16105217073673328,0.2201469245477064,0.3058203743604953,0.8456352816629216,0.3273973840635983,0.06689722026552135,0.17038187701002241,0.07734605010319091,0.39241335752173406,0.7275803908242484,0.4328704135006528,0.7631450145741747,0.09039992315662679,0.4492644345230493],[0.7190140663100077,0.623513885005858,0.7749017065693969,0.2827595153231388,0.47572317684484133,0.6253467915908939,0.19321646273496945,0.7434357074754815,0.31474954317232684,0.12931120832834053,0.7008460970796665,0.6492652827721832,0.8011277902917733,0.8082635336215555,0.2867469168943409,0.595158358935147,0.8992545467461932,0.2572355661919113,0.45194516827482534,0.8236414099444322],[0.13761769529760687,0.8390124129227657,0.4649322553775098,0.8090846702862015,0.5781656992028481,0.6207202149696166,0.7070378887137942,0.10706567818654283,0.5836030881836936,0.83534665805608,0.8627051653659634,0.8730732274028499,0.5989579473777464,0.5882938209061352,0.5195953067606996,0.566420355278936,0.5703002408256865,0.08604702824343537,0.12554059304340773,0.576504085999612],[0.3170839655327125,0.3062116622584156,0.21442454341772432,0.7309094740189754,0.8696792281625354,0.5835943027171404,0.8536069112654587,0.8013015330338294,0.23523793166807655,0.18049701600034068,0.22984876769932133,0.13177797628573865,0.5454472919389148,0.29025253641192844,0.8259791905387154,0.5713966072431504,0.35566897240342166,0.8869445371697243,0.8602153215080898,0.7118229500128203],[0.7229311241236897,0.8806796117958163,0.5603877892439664,0.7980168719320764,0.10510356395499207,0.5209531415361739,0.4771388885480759,0.08206528288772166,0.12390918752551311,0.06856308541434218,0.29991275381347937,0.09548454508883494,0.4096857320466813,0.7408344496669799,0.5717553371710103,0.6227214254521395,0.07678068404319051,0.7635974062174872,0.17426182247554212,0.3072532446276139],[0.48927481069337847,0.8404944163611847,0.8984267931174433,0.7152615810781984,0.6699170901683489,0.49852998110522695,0.6157832372992877,0.17276054911410066,0.2788167024886219,0.8869464339725218,0.8826727696737077,0.32452653546339105,0.2548912866858254,0.24509036359480568,0.46213472597856964,0.24020159282243975,0.6012221376680902,0.11359683965084494,0.13812563905634273,0.2853941336954305],[0.710826748371664,0.32479610818571014,0.45019426494127385,0.6081287391078043,0.7202589336770278,0.31104266804095476,0.6713239994895888,0.2931572936986327,0.5977962771116149,0.43324811967548776,0.8376336464480121,0.8847793782879582,0.7080046415367484,0.828144685296917,0.16602860572056244,0.6062943639157273,0.21861275033654698,0.28542322922658103,0.4943997550332839,0.6806891786873992],[0.6632699630661562,0.7890404406634868,0.5253836243075991,0.8373912553811379,0.8047053063339442,0.7716988660584169,0.24509209163369688,0.5017307942091171,0.6758011074870405,0.8796871316679014,0.059900182676543734,0.3280473538533339,0.3409977146979712,0.29525438431457823,0.7448106547985034,0.08831072114689346,0.35551953750719384,0.6549319170346299,0.3957287612409359,0.17245404613841198],[0.5692246018452244,0.494218700934576,0.8845630106984884,0.6862472862530279,0.8882495896688315,0.20839974494860142,0.6973557578862171,0.5188924867449292,0.6556330743210349,0.44741874313170593,0.2305321967559794,0.08887616394535583,0.7625450187276908,0.7425870962986604,0.1881587737183859,0.5984037646122644,0.6770736454523372,0.523981246074012,0.31964456763168947,0.7988040168579249],[0.5960745419102161,0.6621848852117729,0.6042973500769822,0.6630953708473247,0.17330707319427746,0.8342052385646164,0.2929391782647264,