{"n_weapons":30,"n_targets":20,"target_values":[92,18,50,30,69,47,35,32,42,19,19,67,95,56,94,24,98,63,77,15],"kill_prob":[[0.37558490038231424,0.723640269009329,0.8065421910804221,0.25844943787962377,0.7805824791408316,0.807994113108456,0.5658499589133487,0.8848512129810631,0.25924944903388586,0.10862809728694955,0.7669266791010231,0.4672910603196211,0.3444857972365485,0.09694790676726592,0.10493080699789123,0.12710898307960872,0.20609614247230573,0.8748407855900225,0.2891935207528275,0.7444902053844248],[0.06650171333952577,0.3235428019334707,0.8202635680381379,0.20728466544926427,0.2914199923514547,0.7525376494560913,0.15318293348426176,0.09520571215652657,0.8710802417391577,0.3940729948840996,0.609190579311398,0.15804852469114877,0.23715078818683383,0.4409836444359353,0.6238802348144611,0.2992607244576027,0.8019386883840356,0.713972403079766,0.518824207229758,0.44032950592370046],[0.5766111613311327,0.6719136914799885,0.1647077509971119,0.7747451581767527,0.46599236610908334,0.8450423913381189,0.8622110366969981,0.07610929786537238,0.37680882940356236,0.4972899012593255,0.5086561649082652,0.7490343618199578,0.16993838931445324,0.5791102862406844,0.8512074396684732,0.8971875147336436,0.05857270983278204,0.8766821904636759,0.1538785236132517,0.5064079570614579],[0.2594143378909237,0.5654323817849283,0.08147260294533804,0.25258277857187483,0.3054892882191264,0.8282661047677313,0.5460851148211929,0.6519782640057651,0.6246129058195098,0.3834450861093054,0.061917908277772785,0.14096764877627077,0.43998721174314503,0.8501005620377152,0.26144413631851,0.6435709116756859,0.7526064666361534,0.8207674915553461,0.29946345020654586,0.8415906983766408],[0.5667849214574525,0.48214576650010776,0.711633737081752,0.2529057213572454,0.7406931968098195,0.602468290275476,0.7294612095185476,0.7773638657920403,0.5747453265702144,0.08122484180719886,0.3030855111119156,0.7963167832173482,0.5829130343165929,0.8065479082274905,0.3768492267418946,0.47901833743622585,0.7832035758452769,0.6977266540946084,0.37087596159417846,0.06923574313523695],[0.7982886286840495,0.7184033195103966,0.4317867061089946,0.5143044140691582,0.22366521456394645,0.40028592636048826,0.18871611295973578,0.22898413755221053,0.7694140693249134,0.3581015211114439,0.7425148244874071,0.4528148844406115,0.11016110951990607,0.357298110315271,0.18453243641936268,0.6395399524323913,0.824684939794849,0.6986142294963423,0.711671967349139,0.7825865646897014],[0.7101649531646276,0.533287264545688,0.6571348460410021,0.40356154081159373,0.11016977951397447,0.6497428260430692,0.6634118194766216,0.2401642018646548,0.8608503292515097,0.09463471774356923,0.675565191036201,0.8732066303332267,0.31277731104498335,0.8255956053921233,0.7524708152458989,0.6824930454805493,0.8607228326366827,0.6059485135871416,0.4706485545108731,0.6243288685317557],[0.40005022369082177,0.3261540974009524,0.11990878127679833,0.3713072916488363,0.7327157997128328,0.8536204200180653,0.8788789599370862,0.22554699031601272,0.5357169976795605,0.5393859346123836,0.19964041287203638,0.5443839723540232,0.35834841427011943,0.8510454705712313,0.2669218701918589,0.759717016182097,0.812327284065813,0.6754914172029359,0.23247568620604447,0.27131370811149835],[0.8754501856492808,0.11445470620297224,0.14952302112350713,0.8817842742213198,0.710360558062112,0.6844262734011792,0.1861765969738453,0.46559800679745617,0.7646482121118776,0.32954009602783924,0.21385036255224893,0.059303520102913065,0.5791611121316469,0.2997387637395253,0.7841215628467596,0.2909903737456092,0.1788394403568278,0.8663803852036704,0.8700604604163331,0.6322702540998292],[0.8391278472068305,0.18755854406146538,0.4412897309747501,0.22353505731963635,0.4569657694657747,0.7225012989347848,0.768188669950054,0.05353973512754499,0.38107788719488295,0.8949583840456043,0.5509177175427799,0.30176654024325905,0.3806451210354984,0.3241791846387239,0.43045866552586926,0.4278136385528902,0.48083380941784404,0.44483010611347473,0.48869663221301146,0.07379060777640556],[0.09626286200565681,0.36547237722678105,0.8022003296056729,0.7222074578913465,0.14363059562482927,0.4706063149318458,0.5638991803314329,0.4590108564098262,0.6429316414322019,0.897673684376093,0.13200301044659563,0.4882039267384518,0.4855157435181703,0.5280219780710799,0.19192233758551402,0.5926041223408363,0.08768978420045986,0.6799549638920485,0.6136855967940954,0.33086011815076366],[0.8906409569350421,0.7544616252705015,0.5086052897874198,0.8919338484452656,0.7555770471690381,0.1672806881161225,0.5524015135610131,0.5437289911805071,0.6050033959615748,0.8496431028408143,0.4682271263099664,0.11577424413124297,0.4574316564465471,0.7196252288778715,0.3548174585745176,0.07303917003280055,0.30775673862064634,0.6298274529975177,0.1231080138729993,0.3695700873858612],[0.16316120975071013,0.4545393029715108,0.17028646800627456,0.1426814287582538,0.6431289731392273,0.1843013503414591,0.1815764253962534,0.5536412991461944,0.08705473983097124,0.0780437344801639,0.4167293286050406,0.3603311607408754,0.5129264918406711,0.8944619246967112,0.41950052162192303,0.5396496208386127,0.8313570822521726,0.460702237568176,0.7139524467363171,0.5163546555513222],[0.5916261606501062,0.8426270742355951,0.05059820307003483,0.8157989058641792,0.47303821670848295,0.565749713855321,0.43254927616813466,0.271780834949475,0.10610611159938466,0.8533568530607792,0.5802947753335257,0.7924501268425389,0.29718704059664786,0.2862991068189695,0.33541677800119607,0.2463824945984966,0.47327510637693687,0.8458053150870211,0.7946532708854847,0.4708353858676912],[0.3464480959521211,0.5699346323490245,0.5704194134571858,0.6311994756534126,0.5052600219567366,0.07274197117569711,0.11463953974519939,0.8777087375941124,0.6843000008632093,0.8560098638118891,0.3385967608655578,0.5047070055663,0.3236591312236519,0.8225947897649445,0.2945733756911793,0.6397396082907633,0.19879723865746274,0.13946373341517176,0.18228937966039005,0.5000369766237309],[0.7678598844328172,0.89938776639697,0.5792805872536134,0.5035630020700914,0.7188502018953967,0.104182572171375,0.7379876500440489,0.6946226098430531,0.5001102971892114,0.06953892938444006,0.22186743344596455,0.3642557094936647,0.8500388920396038,0.5927155005615405,0.4835787212615027,0.4651624573449425,0.7129793718762771,0.325085703119917,0.1303460832173718,0.6254868116213049],[0.3296636067183243,0.32675391143449306,0.4365079506800102,0.2563239184750463,0.8334471503360581,0.7699248588466231,0.8924250813271022,0.8698664765410632,0.31728704343151826,0.3735082648786674,0.643519291755062,0.06346901717024704,0.894805552580468,0.05921661975619903,0.5017630363369646,0.6183952653108149,0.8270243617618659,0.5975158726613935,0.557423479747891,0.30530540427776115],[0.5522831857177309,0.6872462860434333,0.4882529271118994,0.7126900035440559,0.10917108984305707,0.3350708333496553,0.8658418439544336,0.3249277511057837,0.578577006543248,0.4919020440167942,0.8461304113243076,0.18835609494514433,0.3044798845832953,0.7830207096162319,0.6162721630572188,0.5115919565686923,0.38566533319251023,0.3996181180674336,0.8446842803498261,0.6204142638537401],[0.8397336284528661,0.8763581924697942,0.5149568051877157,0.5684056034466157,0.6079101897104066,0.7632936524478744,0.610210955715356,0.14745030885506566,0.8510655931210415,0.6117942046855885,0.7894296810211107,0.41102708391467285,0.4535089042070248,0.6355278998141536,0.7099433883822412,0.11668990348474227,0.3962414084971376,0.7043779232497631,0.8934005406243642,0.0598960835168153],[0.2750869933254747,0.4451212946182359,0.2395004465030373,0.07288386877400513,0.5086115704895403,0.6019888176837149,0.40365275184839616,0.3643963677350884,0.8877689761525622,0.45589924473714394,0.7283590352554353,0.2940980463664318,0.7556600151110573,0.7501447358199124,0.2775468032265698,0.6074767093204496,0.6297127301842482,0.42622319960216004,0.7077130534458228,0.3108524720174408],[0.46163106324997333,0.8916289499553218,0.20187432090504948,0.17561531371466182,0.17086888428736235,0.898392881059386,0.18592628510455594,0.21170335130714957,