{"n_weapons":30,"n_targets":20,"target_values":[75,22,50,46,83,97,19,29,80,25,55,95,98,96,22,23,26,80,26,49],"kill_prob":[[0.4683833586041834,0.47388492448942426,0.8731158269505921,0.20696194711257526,0.7071041749648955,0.0548229921056671,0.5843185908724848,0.6047762801942007,0.6906502780330847,0.8370680083852067,0.6907598398072933,0.6723223879635825,0.2657193888728287,0.8939137527957576,0.44814748928533693,0.4048325869373396,0.47659593728552946,0.3849479873906309,0.5545919355420613,0.3471809013172724],[0.2539531216029065,0.8387956665263786,0.8386542079751902,0.47180860086358534,0.867825242352658,0.40335958586770376,0.3792720381966257,0.8293702153570484,0.5879794525696977,0.6981397644973499,0.4008322568294181,0.3959514148046129,0.1208081491463854,0.8717323019217073,0.24376512181579013,0.47012700408884134,0.14741873106915995,0.5999105713512114,0.382244132710602,0.7025125929785635],[0.4991218563147702,0.16005741790719707,0.05912943230570412,0.2305813799552588,0.6656945205973873,0.754237008460734,0.34013478031067224,0.5055363105479264,0.2540112968897726,0.7983767547819667,0.8704260740228046,0.6899990201678989,0.12555371250305644,0.4215507935260811,0.8919298294874802,0.24497710491627506,0.6199009196491571,0.8477789592135081,0.7072228800238792,0.567531132314637],[0.48069938506122817,0.8394922079864783,0.38552336204154103,0.8160786499018702,0.4163949896564351,0.6930632701950038,0.8283568143773552,0.5180464723339866,0.31339787108411926,0.09333871170987315,0.7378709689790589,0.5787084325894045,0.2735888006516714,0.7957999051873512,0.8322573492094312,0.8040911675859445,0.561290213602756,0.8800943660938995,0.7935847865215029,0.13862134420381045],[0.8839400795654427,0.5164854167693732,0.8320305180242761,0.6962902196077796,0.600431674052106,0.32767152440790903,0.07297552004668403,0.285225814575771,0.6329472744425562,0.783647670840843,0.05199460754815764,0.2267777077187989,0.6221075580917739,0.29108983867234534,0.17044742594557316,0.11964568348999473,0.5921971473008726,0.555630844474093,0.779821536327219,0.31761201715847504],[0.16621082558521985,0.7292818253866569,0.8899580361244831,0.35633110952548586,0.7855471721039406,0.698163650146733,0.8248475005449359,0.41071660509378993,0.13610627910025064,0.1506027754101894,0.6987186573893358,0.7838320635736127,0.43846422979649335,0.10063525585157404,0.10670013430582122,0.5588102975530602,0.8308306976827247,0.389645986650029,0.6030268429192824,0.5107066036132558],[0.8062941677842523,0.7575294698959,0.21944627614399315,0.6259116337757608,0.7703777079381074,0.8407119745406582,0.5514380694464387,0.19952454988643914,0.5244972714717787,0.6159461599095981,0.28161570229205735,0.8770512598068363,0.24492731361186282,0.8246496434713826,0.41140364389594625,0.05047104010796835,0.5117957123474818,0.5840429860297446,0.788958850227053,0.509478752699724],[0.13000997482982185,0.8377915254103362,0.5305515722866523,0.28080151317635216,0.8140298240152198,0.15277645151197916,0.13286041316135738,0.5047577297304945,0.5811515936352781,0.48431529228275216,0.8396432400455675,0.2733977095171829,0.8916998144946525,0.06644693427908929,0.15075389546112977,0.2078248601233002,0.11763936799634765,0.4224851864646623,0.7855663493553018,0.7476454278481108],[0.6830433276404746,0.056297991645139045,0.7858501227427939,0.3870242281619326,0.6718920913452971,0.6678808817941693,0.2008928731357557,0.488085620446677,0.8372538151041631,0.27359133556959797,0.6577736708013047,0.8643433833997901,0.35653649928498354,0.3794886217879043,0.4346781328272875,0.7376833554190272,0.4233920134757368,0.463309062606269,0.2389698663047356,0.8900933055493621],[0.8085010308744135,0.560216166074189,0.866476060740931,0.633948101735273,0.8652397876412884,0.18730548672868524,0.24163879586761866,0.8024050940926349,0.40689323288262746,0.36548404848718286,0.6911850529264091,0.5857768111439557,0.34246085980215624,0.38818149941981783,0.39712619455513104,0.15738162885868762,0.24512084004965162,0.5069007393621282,0.7145530794367246,0.4061910417648378],[0.37584987964806527,0.6029387305009396,0.18366578429818098,0.3736377757545376,0.22691580076744478,0.6038992991787276,0.1455094126786658,0.4306493966620764,0.5567547485285472,0.7586241264465042,0.6658685849621893,0.8514336528617834,0.6278966461650036,0.34681118966515284,0.2469653001372587,0.09809504311001423,0.28594947420347155,0.16632138551969566,0.3638410610804295,0.6471914183647147],[0.638228920581174,0.3204414649593507,0.4822695150236747,0.23425583433152924,0.4775302107539155,0.48356959479559697,0.30610231308064156,0.27054762680450123,0.8826382943844296,0.5065549844339406,0.5277651368407186,0.05662497681285261,0.2045646643901326,0.3531286675470194,0.8710836311409533,0.19895547414399894,0.3077962546278375,0.8916334447172324,0.4589423459855117,0.3206466091496925],[0.5892050824137971,0.47185694183897725,0.8638317278952393,0.12071579079323846,0.7219657324400122,0.28722342169353726,0.7356689313416969,0.7705622894954365,0.7718394293198887,0.7866913440551587,0.6604083807656271,0.1710435247076312,0.09411720447396038,0.3396504572137291,0.4708093798194158,0.3072277656286197,0.6808758938367566,0.6640769561027361,0.8761358259466827,0.39048712692449805],[0.7178685116882989,0.6800199751292608,0.8904370896559496,0.7075729635279601,0.29103835109675286,0.06298153925857385,0.8729412313069612,0.658658687268035,0.740715633745471,0.7242575312644395,0.6753969264941938,0.6887532982965491,0.8400394570577883,0.8269945896392027,0.3723427339639855,0.07631729508792069,0.0828793544716567,0.4296426098449484,0.7597326004153462,0.7704695426231936],[0.39373114404543574,0.30636988154577216,0.480611227766814,0.7576617258394469,0.5910217017255929,0.16883494161060458,0.35789885210977407,0.5221120279128073,0.5075230665940962,0.7560389170754014,0.8423459992645584,0.13539363004896743,0.24074645179400506,0.3833333740435083,0.30193836923337364,0.3970469207146764,0.08461304432294718,0.10611127963839276,0.7626072562465133,0.13719451649510395],[0.7504638451955371,0.3105352015325798,0.3128398644055274,0.13563497390778606,0.0612738742609739,0.3519953171785774,0.7600533703498857,0.8319621448573526,0.10234772271078013,0.07627185423476743,0.18498052711078344,0.7013463373828415,0.22415035111995357,0.24618881823529604,0.805601293207596,0.7937066829447545,0.6197458365071434,0.1894117134092571,0.3739768112038361,0.2507507952352394],[0.6210687445666594,0.7129413960535337,0.17081366371492224,0.8132624579709661,0.44340202110626115,0.7257549763207061,0.09389196726066797,0.356494008966522,0.0625638055427264,0.6607120217203021,0.11753332469650742,0.3375429223724778,0.7144863785429857,0.6866215066679769,0.5942461773169163,0.6399175430151806,0.6035466263380369,0.5950845651558058,0.3472064440351897,0.07394084846532725],[0.42555197234341297,0.08864070385179301,0.44853728585509556,0.4444671302202931,0.20191330667424634,0.7166223858138082,0.6485779406238665,0.5256086095958026,0.8370222931034342,0.2941090462286792,0.27272738824524445,0.20592044321953062,0.5127738196144449,0.22455360529379342,0.7885612416413754,0.30866330491123334,0.46729135870065136,0.500084150190638,0.3114995653201737,0.677656677909235],[0.6382619957986931,0.696689373988058,0.565032399322345,0.44115494842089603,0.43157953206113875,0.6590543773756957,0.3704799548971886,0.4216708139453581,0.18912045133872923,0.6276858878731731,0.11538603684957421,0.8919353367484095,0.17217694059417332,0.37553163670066236,0.25211353796353914,0.2970594070862653,0.3240852619084549,0.6605861431962221,0.20023688218128155,0.27427806085243894],[0.13602517672987752,0.3317409989069652,0.8500554818564438,0.37309263528083664,0.7107375584395528,0.44244834730008,0.4321597316652268,0.7503753024029025,0.07279653553770829,0.785153524328058,0.4624271838601581,0.3484581074064503,0.8208097083150657,0.3388804490075051,0.8810427518232667,0.8459030243905116,0.2777347303842307,0.33951231185012926,0.7403424141144938,0.21626856992501747],[0.6721588294607941,0.1597784749572448,0.2247646977340711,0.47542993815036755,0.6839994677939596,0.678514347018505,0.5675839314097335,