{"n_weapons":30,"n_targets":20,"target_values":[90,36,88,17,97,33,53,11,91,56,98,43,15,71,24,65,13,25,68,71],"kill_prob":[[0.20929019095597812,0.05506017261179152,0.8746637635155453,0.07293728998988083,0.34048671520051244,0.5918845548080187,0.3648183565847508,0.37402778153020183,0.6643184093870009,0.5618308442931506,0.4906208293350377,0.8033692238012079,0.14189659913162717,0.4493024107969059,0.2532067311435625,0.08128667094229898,0.8821786468549498,0.6739228031702602,0.23375768859265406,0.39206911688165086],[0.2421206071908824,0.6321269930862311,0.34788001072313585,0.8318831945861543,0.22642193627832097,0.34735225667653913,0.8420423131370243,0.801978640986768,0.29919462408559677,0.4606083760340939,0.8011492359351161,0.6200393765734081,0.5916877291332934,0.6114747845793813,0.8328339640895079,0.48959776460357946,0.2045128814775189,0.4518151907965855,0.6695550565371713,0.4683141669321296],[0.3162733157056516,0.6163804251607482,0.4326952899136139,0.8683972221240167,0.349319468280254,0.6598638850844898,0.5218111914319054,0.11593005738951033,0.4492942298624873,0.07478918084062697,0.7213569476404624,0.674350572443167,0.09293506224892142,0.47474050655647554,0.8673085431736655,0.2919429631928836,0.8186578027282898,0.17842876080213388,0.055612085712557144,0.500943177442107],[0.25335681176882857,0.7973405717464854,0.6228337037954331,0.6338568007371456,0.6222883423702875,0.6271140200400844,0.6850476279888302,0.6194045053183028,0.7591339842368193,0.5244038164710053,0.3480849902825041,0.44682009593155375,0.424199777227238,0.33263035910375927,0.40314790412685536,0.3772387390124648,0.14446923861170438,0.7559694559005327,0.6929958715470197,0.33690792231149763],[0.8533622332034123,0.856958159563947,0.7782117658413353,0.07496691303138396,0.36553529504619287,0.4387360817561184,0.6609088401015127,0.589590484270763,0.6266218215509697,0.7021314017313429,0.8561701147087443,0.5187821121625442,0.8184360948166025,0.7425960523125972,0.33723561106560185,0.7416198971110206,0.14974348117709638,0.184945680322796,0.8935217126690912,0.4143853110422718],[0.4415253204023958,0.8583762374856041,0.35756381823888334,0.2514216077876221,0.11614847682174617,0.49422683187364036,0.2197357715837207,0.1050851295100598,0.7411090405339475,0.3293073788903578,0.5424816547241402,0.1389487938139329,0.4797452380931779,0.5870640956498038,0.4323840693025653,0.33685954395381085,0.3143117792394317,0.14297618996879335,0.14833752826924596,0.47134173846509525],[0.16800486580205098,0.2399332156746789,0.1900950215612165,0.7321117071340564,0.4322595075211167,0.5197011016893829,0.5455144258572093,0.38692714189425026,0.3036663930468283,0.3750786834470927,0.5045997178068518,0.3547906714872794,0.16612353572277128,0.8266339008220832,0.6725453056097386,0.10632938139545313,0.8198449576185214,0.1948954115156734,0.13307065596828863,0.19723436307524567],[0.8430788198105722,0.23810013579299127,0.718943136846704,0.596582491427428,0.4904896166110614,0.3607545915889046,0.12899399001050224,0.6540565611313184,0.38556425359764324,0.5047382191438893,0.09399754356748043,0.7095471553711612,0.6384307859588471,0.4999053144263076,0.4718613137213572,0.33647614734249653,0.34104331109067487,0.10819603084923168,0.6337065546925413,0.0882270054803693],[0.05120596243631852,0.07633400786659943,0.22293035100200753,0.5346663575882634,0.6289853207918287,0.4076276252236957,0.39734289419695584,0.540268005110081,0.5573034327709698,0.7682479461136558,0.7462249403628856,0.7499972738889947,0.7675468780791973,0.7978559139683588,0.5220192697489767,0.5558920893397161,0.6681420976272581,0.21915642227520715,0.3563918755597677,0.8257550335263827],[0.49434806602683706,0.09401947523346459,0.3947258168991496,0.18667082275183106,0.3528438325899041,0.5132295662507861,0.4793659414932593,0.4668986756484945,0.06558810533043462,0.42833914658177386,0.07461920219911944,0.39413165939251205,0.5999499242662362,0.15701878947568532,0.8292568296155811,0.585934766465487,0.23495884025225772,0.384974517613294,0.1323711738134768,0.06875379451569975],[0.8284822582066558,0.6239064431149021,0.7126991862587853,0.5788469206639234,0.8207506984671633,0.811530997837817,0.09943476963279121,0.21104948604147417,0.3864214100801103,0.3399261214228558,0.49673665187974003,0.276552031461561,0.7278402502631555,0.056369770917406095,0.7227861201078652,0.384364735094111,0.054364757437309334,0.7700046285996509,0.42974132256287073,0.666017646523675],[0.7966814158255526,0.07916583165461467,0.2728377439414686,0.15105785173511974,0.13330863633626033,0.8537949280307752,0.7347339723757516,0.36001638600399294,0.6341990863831892,0.8315284827172214,0.23769146979272132,0.06202812693861049,0.7504920900259006,0.6642935797588468,0.1862186841086908,0.466198968662337,0.1863688022881948,0.5622217825547774,0.600434453523593,0.2851803013869037],[0.7137115578795591,0.4525568965855211,0.6504042246011831,0.593839504209792,0.4331450922940222,0.2988096727659558,0.22365874327724067,0.6840524275631098,0.5956519555274473,0.28880063910020987,0.8720342968829649,0.7387880911097298,0.15778192177966638,0.1881789013576573,0.5124406392422227,0.13702261791044917,0.8696873044200711,0.5923198943481129,0.10624793122090352,0.4269628708081157],[0.23867320688192556,0.46688312560298073,0.25997167478898725,0.7570267311613419,0.6629343281954736,0.8205914290138436,0.21826397252875962,0.37758340174708865,0.734646564964693,0.36776961055713,0.3722251256532458,0.8881326768814061,0.7052337088735957,0.7816948849712338,0.39592691069516794,0.548030744524469,0.4329705349689695,0.432749542923135,0.1585442653337556,0.7658129236919613],[0.38196106862127627,0.5445507348698952,0.7785110692059298,0.7074556650642798,0.2185022804836198,0.57573466076582,0.47137142588081576,0.27112932885617064,0.08472921798358198,0.5853226118192615,0.7128766776407586,0.8504606499477373,0.35173619493704067,0.3893345788051712,0.1885547858611603,0.8869236198329599,0.7721489468606462,0.8639631696270013,0.4710450674066293,0.2283141765593117],[0.5372068706707155,0.36627812843754476,0.34568476618884286,0.12000964141963238,0.11217683249671026,0.3719787700376837,0.8372687623841137,0.6645701539073396,0.6964747931495622,0.24914707498698624,0.6743501694203035,0.3953712574323052,0.10048201890222277,0.3855915323905595,0.1615657193175136,0.7756445434917313,0.7642499548036715,0.2943485890549366,0.5701339573592474,0.35919576060367153],[0.1810922481920727,0.6019962146973267,0.696090646814284,0.7085143299058901,0.1768374980091909,0.48569174072086746,0.0703144536195328,0.12664407298422303,0.11889348012257962,0.09861217451792599,0.3337039466991594,0.3540276607251952,0.6431897907596942,0.33039776315918956,0.169336433551086,0.854844286341644,0.7941549433878442,0.1555918920932099,0.35836189497377635,0.19287195333722584],[0.8652447133180226,0.35258095328887706,0.1333998128802442,0.6678173900803984,0.6549598887575865,0.2548792873651379,0.3232425732821052,0.4027660628679673,0.2775450015059005,0.29555455194981256,0.7313518332158584,0.6890730144426217,0.6387348301749135,0.6337575233181215,0.4935996410642926,0.34828308626690013,0.662463203655793,0.14891257690472365,0.16990992942568825,0.15732542675389563],[0.6728103439877751,0.5528097517091551,0.4326363224635204,0.45479664021448146,0.7534254280954751,0.15342781212139012,0.3757576382937435,0.6961412746755717,0.6091634649854099,0.4198747132561986,0.24069002818636076,0.8544750313092149,0.3967314584280327,0.7961597533180457,0.7111559080282843,0.7823005280587547,0.06438369510287593,0.45578271378299423,0.2705187527949931,0.28291815194144887],[0.2793642739757405,0.3809166210690708,0.39909892373019307,0.5889342109260101,0.3053098694958645,0.2818605742069644,0.35651697225462436,0.6335373189951745,0.050145499280820544,0.6848887636427212,0.3381234391935738,0.539803807263219,0.6972939484027758,0.4842098924882874,0.600078561251328,0.8319496206131245,0.07538633153555471,0.34709951074789175,0.8378260354044447,0.7618153552485967],[0.5743037841488393,0.24490750868832828,0.3309530822387564,0.7792629198266319,0.6435307386896737,0.2928026952118522,0.16240867653445643,