{"n_weapons":30,"n_targets":20,"target_values":[31,96,16,92,75,20,33,43,97,57,33,93,20,84,85,45,13,90,98,44],"kill_prob":[[0.28051399543366307,0.5684087325739595,0.3525164915925828,0.5790464259341978,0.3982314637884407,0.7264037686828497,0.8611643273678263,0.2797628020407146,0.48350857160763927,0.6657675700072003,0.18474123092607725,0.7265202258657631,0.5455261673986133,0.17727944532526924,0.7879951487834743,0.41269607059693797,0.20012644403595148,0.21608690968785282,0.7176804398013763,0.8453587364972316],[0.3715124339160269,0.11700386401114787,0.13569961753577878,0.6063067328147733,0.36513895400122426,0.4122117727439245,0.33649027142617305,0.44570778109114134,0.597017034948055,0.509968289319068,0.18960521052875595,0.46759535415223336,0.44152110024039026,0.5138766608455948,0.1440695263843263,0.1804980545863249,0.5007075513917548,0.28411978616718836,0.5846769354046449,0.36683867527728614],[0.2376245355156204,0.6079355700782291,0.3848215191961373,0.18397059993326592,0.7374876323797466,0.41699490514952225,0.827809788764247,0.21439078923809207,0.7948976994155023,0.7435234750942088,0.13832845047499623,0.5019291183027698,0.6056304311244798,0.4711598655181667,0.38172362155804535,0.8522658082591481,0.6456977307808867,0.8709893959298173,0.7692957642252128,0.7445616884837324],[0.6667874467550082,0.5991673558234768,0.8038327774455075,0.5713983067636038,0.11399514078641287,0.5451789911443062,0.1374098788487585,0.8569059096040627,0.5996686296860934,0.5222993409013532,0.2181479628231246,0.4884019923935633,0.34115135325494084,0.6240782428073448,0.5637483278404536,0.4744110265059998,0.2648298512276982,0.49688166084095325,0.44244235288344097,0.7735759958429768],[0.8101867401583672,0.695361780992148,0.3216939631204643,0.08237608385543063,0.8365355653572968,0.8932104139098689,0.15796764797413182,0.632773620215722,0.4113745551662623,0.17624234411321754,0.898386114320732,0.8432445262925081,0.8852175448403067,0.17231181621462333,0.4681358465245454,0.8114080388231595,0.6238846789121847,0.41941153279784615,0.489190104747641,0.0828113639958978],[0.5697896002921484,0.7807581891952228,0.052374582560089616,0.18596997600056542,0.4902916037045233,0.5268196771177359,0.3418494933914621,0.07374430799535968,0.6820600812173631,0.2564863505083715,0.5978907066156811,0.5252747299160002,0.41621237009093653,0.5517460777866103,0.6407829323750627,0.5364076702540677,0.5238966172872799,0.42066608482852363,0.41552934410129794,0.4673210872750017],[0.43426622533263376,0.423170896660962,0.22881456052885146,0.6661122328972338,0.16300959857307873,0.8224038592680746,0.5811192791563349,0.09156557725478356,0.610148894786016,0.35728712227994464,0.8403001177235485,0.8456641635162517,0.7690391245749195,0.5326715666778593,0.8313010376094296,0.60233696071193,0.7938596971504439,0.18604521938047103,0.8185532664165233,0.6123520903806473],[0.30778283466791456,0.8981414981037652,0.6338513722513022,0.8221536493176195,0.05474769283046486,0.5194876481168079,0.6556527300367976,0.061676355750904695,0.6981753413544223,0.6037309641924999,0.28354570555379194,0.6356032043955864,0.16126588314740226,0.7504316189534855,0.7862913496697285,0.4626553907367226,0.48132584275607326,0.39174620673639876,0.3435338874232299,0.7919635370254305],[0.3091421994194086,0.39242251007623297,0.3049288519778355,0.6082058466738175,0.7420855814448453,0.1896854529025201,0.266531138510947,0.13849155224943255,0.1861563634728583,0.3958493807873579,0.7094948462527682,0.5103752447235776,0.09528483620408887,0.5813237372313815,0.726008543555072,0.38444763134007853,0.25826071116634153,0.6993470689675246,0.07032030311678665,0.7432523707533736],[0.7336206443125699,0.8047880410900765,0.12605794953008093,0.14159470961893117,0.791839900338072,0.453973352087869,0.3834877312992352,0.5372995303608109,0.09979560963297404,0.5971587444116687,0.8533206805509883,0.624361910041994,0.444854845462806,0.8667488403197654,0.6352389518179015,0.09841637035355652,0.6195395520411618,0.1007414833400012,0.31114540037147276,0.5733309583423097],[0.23327361375883393,0.08246080690515423,0.5752606354629038,0.2929786904505594,0.5030195906883185,0.27197374206892794,0.6334645198894904,0.8113461824857484,0.12358008237629564,0.7183708826365448,0.1826807968522967,0.32999831910241445,0.35376050145121324,0.2253634906655218,0.11394918973358187,0.7032135082233909,0.7245834083822843,0.8973082968213202,0.8444136116460281,0.41944605987709904],[0.1633798123605073,0.05909500681659642,0.5017899077225777,0.7814814492079207,0.27771817864344234,0.21910016278985878,0.4231103660051989,0.8095028808093991,0.4339227570048779,0.6643059700980573,0.4431472786484893,0.3670150492265026,0.4247752463217211,0.7031404527723725,0.6912451474963083,0.41699445182309025,0.27747481161436566,0.16825798322118346,0.05116424021894696,0.14626894561229625],[0.1899569754131133,0.6364471223339254,0.7452284953894426,0.6764038162965277,0.664747852122002,0.8951725225155011,0.868208078422842,0.2785201158598511,0.17333563711610322,0.18030350224533498,0.8112656701045904,0.13699482076241656,0.33912254354920734,0.5007945491579116,0.5714329281307094,0.5563727421426435,0.7184465638189361,0.5359392740113519,0.7733895584317132,0.12193569046135708],[0.7801206355261224,0.551502686660453,0.2394926809727979,0.8810817103931866,0.8487741326695053,0.7688669484226548,0.8248567152714507,0.3748204628885105,0.24363414158215102,0.2054682824103471,0.7926959732342798,0.7526366465659237,0.8837976258346969,0.7710142862359824,0.5875110268375168,0.17093948824081753,0.19012040760109583,0.45264459777691934,0.7026262014727108,0.19728408165108935],[0.8281898817395247,0.6312221209138276,0.3154627268794566,0.8028956533364677,0.5588358129537997,0.6731847097213575,0.377625875317224,0.38451795841632835,0.06072493490924983,0.5072167193417579,0.6966772849587868,0.8735008365486133,0.8083928112020019,0.12394242764984172,0.8834421023032872,0.17705858565072297,0.08494715363327057,0.6865903601479916,0.8200034827797786,0.8573154701214113],[0.7512296916012802,0.22417028335467337,0.1809024773202494,0.10012320593573493,0.5446737179100047,0.4641379997385849,0.1428910671709158,0.44510305087082846,0.532225051954314,0.6645114469839237,0.4020679345284076,0.3205995800166737,0.6158273184310104,0.6315900965887136,0.27986427316934587,0.06684961990155769,0.8538369842811415,0.6919934454902964,0.22093868429385088,0.5308158033447853],[0.555705401074659,0.15709033719632734,0.2129085242386245,0.8632005389942198,0.481809231017763,0.21272588648445462,0.7279385409799072,0.4499873071534518,0.5926502707817897,0.30287630359279205,0.09921848351783844,0.19020259002943762,0.8770813676740873,0.5800501704539831,0.7564224187882448,0.06829162423524633,0.700643125981212,0.46220925656058426,0.6155116953405178,0.3544742842896586],[0.5777385027960568,0.0802768026195943,0.0887504056562042,0.7290109484193756,0.15579547763037416,0.06188634439821608,0.8255880161911553,0.2757019983320068,0.5450248388019726,0.7630794249577291,0.6840210175116144,0.08963364768929331,0.5268063957300168,0.5105281870311237,0.34756815147889275,0.6905285341630988,0.8694048092791917,0.17510865584552693,0.17344040318270784,0.6745256165417387],[0.43625394864133643,0.7259360909927587,0.16991596820001004,0.08387891252087859,0.6432439636238949,0.8955043950109938,0.13057847875134548,0.7846872060328994,0.3774962796574025,0.0642711134991411,0.48351852402552914,0.2870260760560969,0.6393926702921532,0.29465602906982813,0.4594451049180892,0.22048046364256085,0.7538864943370264,0.8366167425878918,0.39283539108399423,0.4315480276827851],[0.8852811222298022,0.1707981552159639,0.7373265874015329,0.532186814972705,0.7986242577685598,0.29856426310287515,0.3017342712872918,0.326946955847096,0.0641364199745121,0.1944089642163495,0.8953986449518514,0.26160628771634264,0.06692953309654323,0.2867592669327213,0.39713164278689866,0.515619187390026,0.10828111688561247,0.7218645817490511,0.751676077967499,0.23118649204094616],[0.7286554599997318,0.35721287132506807,0.4096436512002392,0.8459300161669141,0.8081187323160146,0.36884410621191566,0.4648937598642122,