{"n_weapons":30,"n_targets":20,"target_values":[73,56,82,27,76,64,51,43,73,41,12,96,50,24,30,85,40,35,54,12],"kill_prob":[[0.08439361785450335,0.4148008686979908,0.4362917702262026,0.3222134591776962,0.6184626647297111,0.46254136171883725,0.11299610638148336,0.3458605156762842,0.13666832377241836,0.10347833980670569,0.22706063124782583,0.645489141987332,0.6416013988668685,0.782180758038027,0.6929563986168453,0.5051713341719741,0.31572027480787174,0.0549397708925881,0.6000668590946253,0.2962562094726198],[0.26258508646873024,0.8786017096580755,0.19810416354531346,0.0775695288719874,0.856981835913299,0.31010571374796925,0.38440704302755285,0.11879466835190847,0.3934554322853228,0.8763880971532677,0.639916760162365,0.45275111810821966,0.3113508991105,0.36113736538888563,0.5695439274661688,0.2662825532145132,0.17915539667092006,0.641794372852101,0.7890493105510219,0.8163080721576915],[0.7652057520963087,0.5010097294449314,0.7205063236534714,0.8374023720022785,0.06985820116606409,0.40028348505196315,0.22350665763466565,0.8972534676108447,0.8401311081881981,0.7318580584145887,0.30149783435724076,0.859286924863361,0.07486287405282263,0.2098337505399393,0.5743426910962874,0.7240557052495621,0.8010862251482348,0.30543231909606994,0.38218391090913384,0.4366032916606844],[0.07292774575382766,0.7843738650942869,0.33725615307825435,0.21938668569206043,0.39781750363496,0.653978868664171,0.7902782424847392,0.23306999628327918,0.1967210219800864,0.8522155226472917,0.5182590662890325,0.36090621614313495,0.21942153680450444,0.895960648868673,0.6613066440278188,0.23520251195059044,0.12757052810307995,0.219389992373009,0.26058121332144135,0.14442280187236248],[0.24520366510667613,0.14926274919299126,0.3710719457535782,0.46326597029436567,0.4369922266937803,0.754828558096705,0.2658960783845047,0.8040297503050943,0.8219043957494818,0.8658297552030976,0.20383574880215205,0.2588884743000656,0.5802574357537961,0.16975788822432558,0.12277813078596082,0.11264263022673059,0.5652271894663116,0.7339764207084886,0.2700528132603104,0.8435038040569202],[0.7231451817141933,0.11584134456031057,0.3962076592460925,0.10781263612911995,0.8279150341244707,0.6813818228017486,0.6335633608015095,0.6302965696220687,0.292405126611382,0.8435082819206023,0.8343601594873356,0.6785654879680962,0.44859067601102404,0.0900483711721079,0.07406464761648032,0.16741418298528762,0.556399989639099,0.7283844723239898,0.8561958962325762,0.19905776738472475],[0.2841986986767346,0.0959852439962528,0.8906900918487476,0.7137778173294121,0.4586070098115233,0.5392305520070786,0.527848249633128,0.2662066401716778,0.20758209014940665,0.30242935912881214,0.26008051732672743,0.5238988763847068,0.31197238496387836,0.6696030728733248,0.5327487729284802,0.5024242006019402,0.8585997020258596,0.32404810507327303,0.5899793837539387,0.05004303297331435],[0.6763851001856789,0.4771623396642469,0.22712721369179073,0.05128397296432462,0.6509023694031907,0.6132955980179878,0.615596049007632,0.42183659965239195,0.5934027269044564,0.5356345715901513,0.25306078791957837,0.4909528352481643,0.4874038754260609,0.7500794549983677,0.4184656692701256,0.42067262040133546,0.8867438005835939,0.8102942919300932,0.2559430915371805,0.8237491304683671],[0.16727165789412785,0.7753823999290004,0.2058248702205147,0.4117628465636094,0.8863333865780886,0.1324915960693958,0.7638196469728046,0.47052385709851063,0.14434266090884382,0.8596176722392525,0.516846662918342,0.7985448686356852,0.7887409006887381,0.06243939549959318,0.2751145980309605,0.3363833426711796,0.5046344387102794,0.11108610836491861,0.38062186358023636,0.7424424050796322],[0.19721244775617658,0.6460850033899254,0.44127999797918266,0.11009935106201207,0.20076795578461154,0.1698761219737764,0.5767601693709402,0.12422573905039846,0.749589763660869,0.7356602612963625,0.11805269755266506,0.804967618070656,0.865286701824769,0.08694788345405832,0.857780132916307,0.2875428439812329,0.615047649682712,0.1985933843014217,0.7448374721639127,0.7656263403263603],[0.881590194417021,0.8936534428452079,0.11447905160962386,0.6092690610863634,0.28208925057944856,0.15674111778647343,0.17647610590783336,0.8459716530891445,0.6311018525935433,0.09289180832368496,0.8865955664241788,0.7366404009066075,0.31280240980311624,0.45023668956484547,0.6675895823217359,0.6246272729635295,0.4436187639921004,0.4855314155942068,0.08672652835396766,0.47553825781390624],[0.33920985796543096,0.2922935204037129,0.2791790610529581,0.6016048627529812,0.41486897761312075,0.4119320471637358,0.1853089426487569,0.8675840330070744,0.24033727208296868,0.39519282561066693,0.21167404955277813,0.6476714245307758,0.42070943449172615,0.4016024481653863,0.7938306525807071,0.6955578723244353,0.49189379495580376,0.4483018434349665,0.8659161881274974,0.8629928399875514],[0.6490552377234046,0.696125737513468,0.8142289719307435,0.869662442490127,0.11993355133019981,0.8977380075999946,0.6475688827239889,0.5538331260628835,0.40119205652786305,0.3359314096331318,0.7335786772453807,0.6062697980646207,0.2205993934982699,0.5684243815639051,0.16999118646324557,0.4723436025302093,0.5459389921594512,0.5903314601324275,0.1734728612649199,0.1312587493531548],[0.2699019410790542,0.5659753573314215,0.8419303918752844,0.7122550012653006,0.6838539463965634,0.3306974928740585,0.14495127280888476,0.8081484952022142,0.4757254792641344,0.1354342192736142,0.5047234205996023,0.6240987062654679,0.32191502516198767,0.05786159193109046,0.5783659178255979,0.08408119066506226,0.4178742972405091,0.75105894390782,0.8990204874911082,0.36475747688654236],[0.06710788752516753,0.46896763664795627,0.28483408781719344,0.8088587615508136,0.6547776777785399,0.3936747784850596,0.6977239962804441,0.3400249885844926,0.49349904734672134,0.8343674878292948,0.220133676301475,0.31609930162070016,0.8027544006479156,0.44259660626384995,0.32020550437254197,0.08170386965634943,0.4061100819488659,0.47551094466348776,0.39538293722292417,0.285840348704975],[0.3637606475207862,0.5960780787706618,0.8075877619685521,0.6022244491908766,0.5992380705777012,0.7443436326837461,0.1903713610732764,0.3059329850394177,0.09300233552864032,0.34719212734225446,0.8990002149265298,0.3299155360607395,0.780807046622021,0.12291105684086756,0.4407555088355995,0.34874343557439114,0.2213454337467033,0.3666303184983344,0.603586394701855,0.4667618636557289],[0.7676839265271925,0.8192046158210868,0.4596089064940281,0.8844673670284517,0.11121764900609635,0.2848883381358109,0.4042045798472895,0.5452962838045782,0.514040280116229,0.5327802492147626,0.8118131142173365,0.2859304131603101,0.7443256837503344,0.5243004710085104,0.4669169104842876,0.30450141178164875,0.30845848234600237,0.380207890728154,0.6989839148847378,0.45522295445343036],[0.18075863246781249,0.6958837007413798,0.6138729897284881,0.856852953140992,0.5000019863766118,0.6062588210891335,0.4574307318470297,0.6286631770362697,0.42069950372015585,0.16717800692545076,0.8886807508542613,0.6623091473764771,0.5673319514453737,0.4592076376576915,0.6547146518603655,0.1577586838149038,0.32719638842044,0.15599444814845298,0.1571213316834735,0.06814541314562068],[0.6925094028703179,0.24321233093140232,0.757206561209234,0.8187693370391724,0.19328115070410873,0.6525344359855499,0.44125986921655175,0.8311169837951433,0.4617546147314046,0.37204280347636043,0.300380351175636,0.8180782241939338,0.242252407897249,0.7535575728680636,0.21505933044124698,0.5968873261154677,0.43340579376556676,0.13891737376417745,0.1570430536694945,0.2892827774283192],[0.7016539322109597,0.669599001925804,0.22435221369626224,0.4547718653818648,0.13243891827544596,0.6585543432557224,0.7243067297647907,0.809485200031473,0.8028840714316478,0.337208461074105,0.26635375842401937,0.8121009685344135,0.1741059285965834,0.10044246093873269,0.3171065313210583,0.6962550373274634,0.640069823332144,0.8889969871728279,0.3556035354417452,0.2844702176283475],[0.37147646785818755,0.7149178222158861,0.23215495845296735,0.8555857866094849,0.48566693265024075,0.7156732464082993,0.7531725508113292,0.45699284973708754,