{"n_weapons":30,"n_targets":20,"target_values":[68,71,14,82,40,69,36,46,73,95,89,76,59,58,97,28,96,69,66,63],"kill_prob":[[0.6308304990969146,0.713956050512056,0.8277921761314905,0.8566981026544239,0.5856576768067568,0.8710626303903418,0.8247090391504824,0.052222203462937905,0.5919748463091067,0.20169899835895405,0.3009137562897236,0.3028751697752505,0.46066019369154126,0.05923625129436146,0.250426946820958,0.07475281341586114,0.6029747808613523,0.8058944418889082,0.8981203608571423,0.43127335801478284],[0.27111994375002985,0.7751380572210885,0.14618473990940187,0.8781031338977198,0.657611836510472,0.47834446556230203,0.13215295672559835,0.06546654535330569,0.5128523678596483,0.40177293132401815,0.7662648202077312,0.5959596577394214,0.4171118945213408,0.24210600108601477,0.4583588774902052,0.1885451369682331,0.6169607631022076,0.564869711595896,0.7385606629072724,0.4320998814059348],[0.28685125307339965,0.7609360553503922,0.637347519240902,0.6507027894504476,0.4988718856953937,0.794581822653842,0.24361598135080548,0.3914382215499825,0.7267976859151001,0.163016766673379,0.7368930690637825,0.3497059376212142,0.1566781441758119,0.11727706270494469,0.7665744109406741,0.7118232137817903,0.294835143581089,0.14890786085185648,0.26014926213206035,0.2310394903396244],[0.6730973039383685,0.23322862170337988,0.23368374350248133,0.0774279126240271,0.5573307350630904,0.6356326160176913,0.6054668986058713,0.5333092827326668,0.87116370651471,0.45182773535052495,0.7811160319030496,0.599108423820738,0.1215376495846606,0.7385751918296759,0.5467302604363455,0.6054968104266194,0.2031933202802741,0.42186658002100375,0.7984951032181415,0.23311651412336803],[0.050106170556614614,0.2688824052998538,0.46441108179995017,0.7480863368066332,0.5967972654873483,0.8312039486135995,0.43722976688370946,0.3821929395134817,0.2467054841063563,0.23535311185823854,0.6756934124568513,0.11830525458851275,0.25630654710805734,0.8030109706091103,0.540382695384705,0.08959946770808241,0.6486167910803177,0.48068001259014886,0.7763434683733133,0.6300687916600736],[0.05377959978112034,0.22487822409868252,0.26926914548020325,0.6468974457874026,0.4829170510195801,0.6853303725274886,0.48593711896594316,0.3282769190921108,0.13811154970238596,0.22222878386842582,0.3906630682938294,0.5187361619545119,0.8478417927120292,0.253762150506526,0.6161721985296813,0.17966402476930643,0.656690153633984,0.05963974557238217,0.6075319574401733,0.18873500820734573],[0.20327577942369984,0.5250714883173907,0.3690998140224055,0.45060937796821077,0.3125555501728192,0.8604469920990764,0.2970576850696055,0.5107403110251749,0.7762022222097185,0.614553690421698,0.32436040493446255,0.5195711808617964,0.1205424572978183,0.5138334423015384,0.41668072510051063,0.6942436510124275,0.7707174166639996,0.2196740434003232,0.1193055196416486,0.38197343405811024],[0.504027846970465,0.37028165606776914,0.5842769953483681,0.4798035877612138,0.8461321294653263,0.39798245482165406,0.12012004700629506,0.30664476797025547,0.5650097830087578,0.2676213338160232,0.27864018403478874,0.3386366114189982,0.6842205129226969,0.8491132491498673,0.34782013877061296,0.2161648337964181,0.4075414093420376,0.3490637390326822,0.8915211770046996,0.44428801974029364],[0.6273908498900844,0.8267198566481253,0.5847023407593009,0.2619717036818758,0.5662985810332882,0.39159488565534867,0.40899738902298594,0.8824258941648443,0.2868023615556247,0.44859487450656416,0.18588698884432026,0.20176256888266547,0.5629617604729589,0.6883633519298075,0.5909908925743185,0.32989139821752517,0.10067544668026682,0.44972428282638827,0.47862920512986934,0.7050538667658458],[0.5942461279481616,0.7905698334608389,0.7155354468908279,0.3609961162393048,0.5873882099959935,0.6851935500368577,0.8633483137968332,0.40899933822890894,0.6010396934644656,0.383764259989389,0.677153952039319,0.8251941956139737,0.8313421133616389,0.1835243897793835,0.22348210797774704,0.6916900331713289,0.5863584030510417,0.8193411938267116,0.3167304755032051,0.7708176894743235],[0.631209478436281,0.21613786363310955,0.15752021364629337,0.6473150617073165,0.1846922858156278,0.725179683781676,0.5235307841082196,0.4553370030933713,0.2841996805332067,0.8862687556861308,0.6638420442739476,0.7113541000901454,0.7034042885155375,0.5464132406001071,0.8487440156650462,0.5462482778752753,0.492038747338527,0.28265387605943715,0.2894755318654224,0.6763513200847371],[0.3345523083936646,0.6694041333746762,0.8598007449926013,0.423411321261945,0.13272679644769567,0.6165645091300208,0.05809457694116279,0.7189529930814523,0.49680514948291066,0.46627237340735667,0.5340258364910342,0.4889472623445085,0.32521068102661926,0.2892825732273556,0.40300284153031085,0.8106728896282317,0.16506489081966658,0.3260499071835958,0.2134553637569937,0.41306643022677464],[0.1634736562546955,0.6966762718168974,0.13794728369688852,0.6154727795746802,0.27755377613866994,0.4513614973290133,0.21998976745991017,0.6706901275543613,0.8560345908780758,0.23848349428404653,0.8601802265559041,0.32648273085971885,0.5241700919941163,0.6463514584227397,0.2193783236554146,0.4280493468177335,0.10765335856444258,0.642495709623817,0.40412370176580664,0.8078978527436522],[0.28289310528716727,0.835061125675338,0.16988386798041827,0.5659214961118008,0.31163695289135207,0.20451436931029426,0.12984659596129067,0.6072961750043865,0.24819274327035862,0.5368922502603906,0.8825059144099862,0.31856754723760183,0.07970263605921948,0.17139922223695744,0.15142370799949517,0.4437909981244504,0.6829529842115332,0.3019777279145796,0.17396635521726675,0.5946517513795879],[0.3060031775218561,0.5388947969153978,0.8437185757218392,0.29764491168754725,0.48561787231332826,0.7357901265865339,0.637960395622984,0.6887564485623079,0.7066839686276852,0.5089286172839366,0.5056527917169253,0.6610561433811804,0.6430010295965224,0.6195490144252324,0.374814488321264,0.7542612487641452,0.2507724559652559,0.18237217139980538,0.3433878862483463,0.2657565543442126],[0.613705135372683,0.24636517347746673,0.6080163625982387,0.4862393756146702,0.1795825578639707,0.26963682450286947,0.4934677666577394,0.6731395083351435,0.38851389754847454,0.24790774585133402,0.3008164777297205,0.13084961088238733,0.0713770759266981,0.8771599151973261,0.13194844421102808,0.15615424334405253,0.7903194723176963,0.6139794503613694,0.42066165155852736,0.6016698948669721],[0.8447371000008487,0.13447071472035005,0.2571543730990324,0.7812553429501298,0.713543443505941,0.8951182133236122,0.3168224928113636,0.8531534375677634,0.34213550660075354,0.6578292125076692,0.8003315054783485,0.1951647809696075,0.22479285677992022,0.5438148508274947,0.767251054530187,0.11710710493879492,0.773248688292518,0.341652450113332,0.3952926218766265,0.3388819313344226],[0.8247579189165344,0.16117517759541322,0.5381333089998918,0.17589186853192296,0.8393054355806152,0.7282416165052765,0.24874638312191616,0.3031115278749305,0.3742880287682759,0.394605024001121,0.7447414298372469,0.5298533520128118,0.41375691765796885,0.6615279583959,0.4391851448922356,0.1590040143520719,0.1413658066290991,0.32706317782589595,0.5624397019728963,0.16461512850099924],[0.5176140450927962,0.2791681980874235,0.641101403267048,0.07402329599991504,0.44866991675848705,0.09442452666209772,0.3309316089840224,0.06323887264384725,0.4487339464912416,0.7019634882063099,0.1351870320840529,0.6749392881949231,0.5465659770284815,0.47891448216561705,0.5595607729382054,0.3355125619698162,0.653788620703046,0.7127159656326565,0.7114902857488458,0.2790408209846352],[0.6058209582363746,0.17588136688348494,0.471106671556827,0.052234871050589944,0.21454874515708994,0.5869739984577148,0.79320727942266,0.09167405379812066,0.5247698733481806,0.5912587670892759,0.8425323340053343,0.6068722254482131,0.13757779710012763,0.17473260616280842,0.5903995095539482,0.23327672524874776,0.839059653645695,0.8325841206680031,0.8563574811336314,0.29900971664036435],[0.659407421766269,0.6135618208946221,0.08026321413710627,0.27573031489433775,0.22575172022754814,0.3651873114775889,0.8600956590634412,