{"n_weapons":30,"n_targets":20,"target_values":[57,20,99,73,31,98,37,21,91,23,15,67,34,23,19,21,97,71,86,66],"kill_prob":[[0.23507645918564907,0.7497021065028873,0.13946321852250626,0.3326886643646574,0.6780374972330839,0.5718160286805508,0.5600603101805022,0.6333330096050714,0.5994933161129365,0.7931301288217414,0.5334522454344962,0.3910918100073398,0.7011759281164708,0.2703537403206706,0.6956532303890726,0.28798638209605715,0.45832364468334763,0.6783143205045196,0.5835103606483094,0.12283568850159818],[0.42957572535308447,0.7400772259730052,0.8972502265155343,0.4467782844738438,0.12303686417183972,0.361257853835697,0.4664345479991384,0.11241424905276254,0.7846201357683606,0.5079724391710565,0.4036982578251617,0.3876068289193472,0.07406225631785904,0.4910442781902515,0.4542396694034959,0.34400246848469423,0.6098756981199613,0.39937740839284164,0.5359994032629075,0.8022860610718147],[0.35930369578035426,0.3882352637352663,0.7860183755768178,0.3543798407021713,0.4234584642083816,0.7306903890045222,0.5530868670327154,0.8438029714547246,0.45006349914639454,0.4571724471231344,0.08648911510900718,0.21770768911254418,0.5089994186440223,0.20904404142548016,0.43554588632995367,0.29081960310842986,0.06769133110398677,0.4538430134080784,0.5993294849157171,0.3374986419939462],[0.7100479172998312,0.1741458411754087,0.1275979751087867,0.8446152699391534,0.8334080655509597,0.395562611229453,0.4069421048407171,0.7733802428277318,0.5009429503390658,0.14954672002711855,0.14764242631030128,0.16146112756324132,0.713650423685223,0.5616118257544266,0.3048012624427109,0.18776240734276206,0.15494399253889907,0.6801793824666649,0.8029831841677397,0.5014166286705363],[0.7068035826073343,0.29065914424289613,0.5478142244359723,0.4223330206683712,0.12454006335324844,0.46426175830354427,0.7697687366491139,0.09401514015209572,0.45554008042548216,0.79227361465188,0.721561140055147,0.46943248271665194,0.19564294337413424,0.7712472668477746,0.1801643950014284,0.2852976062175365,0.15563391273439917,0.4401577472637156,0.5848182387767532,0.7530505643378804],[0.44213696712457784,0.8751122308474113,0.5564784393369356,0.5637485299838144,0.19899482518238515,0.21159862934208196,0.5401322335209753,0.6627474931921177,0.22400068450062754,0.4614150260387045,0.35277005211193924,0.42294919266952213,0.2388112973130505,0.16961443442749544,0.32242587469579015,0.788579166813281,0.7344418955824513,0.13640601365580562,0.12463723543830668,0.46900854449618756],[0.28577487181855604,0.7499119257595711,0.4632540026424909,0.7748015793840853,0.14196899584602057,0.8745655152191788,0.7020361407658292,0.6720950786061305,0.8491837370469411,0.44975732919139755,0.17655557695257362,0.4723656339649147,0.742940263498975,0.7806115151207892,0.46526384978365787,0.6724568871481497,0.25990979520330965,0.24596498562339542,0.548320619525608,0.4084884934439597],[0.18689454800878263,0.6971581189041224,0.5023253305670677,0.4923334613040741,0.21091309172772782,0.2549695408260381,0.6388017017252668,0.7741176201261463,0.2006303247921667,0.7404938630150546,0.7198808918588372,0.7426750457890287,0.5444822418080564,0.3490657158871386,0.7053677833761868,0.45795360833623106,0.2385844691944647,0.3920287461336212,0.4390593150882967,0.47954337987294443],[0.8129290390974672,0.39949026068982807,0.2920891944848667,0.867995764037606,0.2556559622914272,0.059448847130778276,0.7723478654030416,0.8612789051529339,0.629812155351981,0.3965022060633027,0.512191482415158,0.7572013354321578,0.802539280454606,0.13714700370428182,0.7877972096548533,0.574747343783869,0.07743676931559722,0.14221284718483737,0.08870408165663503,0.8562747866976257],[0.41254021726668183,0.6582732862291732,0.051459740145724464,0.7241961715892095,0.4597300792163189,0.8350622692982768,0.4927628675669118,0.7204801268404422,0.5850466876562691,0.49245770174367515,0.8560075605382264,0.47125933880656845,0.8085301102280503,0.08066598561463863,0.6088060184617505,0.8249123423490236,0.8143840300633328,0.46229558592954784,0.45128259107422836,0.7389364194297536],[0.33476350234027324,0.8465872113830628,0.26308150247112044,0.11323815321615177,0.7061353597209279,0.3940156171854121,0.352410763278839,0.322773461562648,0.8833758990581331,0.5359251551122335,0.8931272762089723,0.34204384009194905,0.40187385286126415,0.22999829339236771,0.415809498888578,0.10270454146807316,0.050474174143039015,0.4351124546895505,0.6841203359039003,0.42150539149274596],[0.490304589288907,0.42877351123069346,0.497783637933098,0.7092634405872256,0.7332183470256786,0.7623493371556,0.2305654218591739,0.43916778789232935,0.7563548417730357,0.8505971668957009,0.5115358750434971,0.4690499813014521,0.6999055554753411,0.8929401665621597,0.41204236859862586,0.19033472649960848,0.7591607809239036,0.6538614272079831,0.17331440619598903,0.3249829022273439],[0.5202398833955115,0.6717457262778449,0.713549596021805,0.1823716643554269,0.2342380699820742,0.6825041372612887,0.14869551685797283,0.47343620308587764,0.5140933312329196,0.3384513650567732,0.7268857820078491,0.09710343913392183,0.7108278205636771,0.5991278360677403,0.48113493932238827,0.7915167928568115,0.221909472328571,0.7306579298556967,0.20960835964731456,0.8918791826395508],[0.07785005440633909,0.520217670301343,0.19281429208811285,0.3967788065023659,0.1757546696483771,0.21475163402195907,0.10183343241751497,0.05680301348277331,0.6614100031906661,0.435441452834245,0.08875335740140392,0.8481243460512908,0.6157686236431525,0.2746321622284699,0.4228908750520838,0.46587668046978803,0.5344386425552345,0.7788327360191278,0.5514152403240293,0.8819172266881338],[0.6677877259022171,0.8902396185301877,0.5181367785850085,0.6266818101936261,0.6772137862549497,0.6915349793836475,0.07076518408584728,0.15835317262488427,0.24356402812472594,0.2807703172449554,0.8195629609010242,0.6642127399515703,0.1717893689542135,0.4124017781189179,0.2566533133597202,0.7553840995851883,0.8301274381166223,0.18964661629155077,0.4040851646808839,0.8599114374651885],[0.6085260262878508,0.787882338091494,0.3540396713535311,0.22824701130108432,0.637608169632179,0.1668123846458487,0.7639166122173212,0.6916115833270999,0.30917063977278286,0.47390479176112293,0.7293148146764687,0.8446737718065618,0.34933642150414346,0.7214930456274748,0.21529701893014086,0.8180091183085795,0.633312508669963,0.17982842205962601,0.6788545833684413,0.6654490205780386],[0.6809528383795251,0.34314580481097867,0.6788302124378105,0.7525845482885486,0.34505957310991986,0.22676401659388717,0.804697933268981,0.5775899552339931,0.4413290936882072,0.797782320048989,0.16560479704142556,0.7389969149818288,0.46719808450080785,0.08614562229032666,0.8767207828267573,0.711356731336516,0.23254245027639064,0.8351412430010766,0.8450437248574132,0.7303957600820404],[0.15809486817076385,0.20842413324836695,0.6909279946686118,0.8267349048935431,0.23276541721025712,0.44170365994006,0.1815748657300847,0.45630666640609,0.5961497605295156,0.06577165514795594,0.5964881129401524,0.593787438532874,0.43675721383579075,0.8110919232050812,0.16459616489204637,0.09361505588566485,0.47145648597845746,0.5030793420697932,0.27668580830713235,0.8673835506556334],[0.26566815398567717,0.2796375544231587,0.7393384865980257,0.8344001244544503,0.5057187841041306,0.0661958889045797,0.35211965017248126,0.24034885432345188,0.48436534023445704,0.6301860208784628,0.38357084259681046,0.5067559836170348,0.6958812672503968,0.25922495720219135,0.21657271352419621,0.7347897048031043,0.08147008026470987,0.1780070961539803,0.06050323364292993,0.5220770744375207],[0.5600728720362632,0.5013760902140783,0.40212867491373816,0.49967475490569446,0.21484713128856825,0.7523063161107334,0.8836570531503345,0.5095294502491463,0.368202207570631,0.7230153090752955,0.2141111414215659,0.32265753118145996,0.8489834959200274,0.20835004672524543,0.14529824116109488,0.5144006412978449,0.5493047361803446,0.5575775884092821,0.18980649468477606,0.6629730181952818],[0.2559389587428264,0.8558871683048642,0.2437636007464049,0.06471475723577937,0.5326684143198037,0.22242069214070526,0.584287751545301,