{"n_weapons":30,"n_targets":20,"target_values":[99,51,78,83,50,38,54,45,47,31,93,62,82,69,42,38,99,12,36,76],"kill_prob":[[0.5741076959446018,0.23614896776115663,0.3174505238909051,0.8635465508792257,0.5856730132578931,0.5561560929326769,0.5937371268440119,0.8612778545746935,0.3388802124690456,0.2887785796893822,0.37023110822884076,0.7308067299656433,0.15281504323147949,0.22580099325978176,0.244008685606469,0.5909207825089617,0.5953455709348526,0.3661034258820478,0.2847634316685714,0.6914541416215879],[0.07696758190735493,0.6779270541358796,0.22873289521522916,0.8173604984056566,0.40163925886415214,0.5959523678410773,0.15282391330266573,0.2658017471828842,0.6455173052022262,0.5178021327823757,0.704905773819874,0.5288919887966391,0.5339315036224064,0.7795201344700201,0.4109864297099646,0.8107880117088784,0.36638296083824906,0.3293050757545403,0.7125080852288119,0.05981443957187924],[0.19636330186298329,0.11100087881961546,0.4852893290577846,0.5838603511293067,0.05881955398313105,0.18724401625928716,0.3071601548063498,0.3000923849443113,0.13256280936034454,0.19692033764295597,0.7699939968265156,0.6454939703719034,0.30168022526384464,0.27389634466867224,0.11816932183034907,0.34657004678828623,0.38835908743351216,0.8185544079293283,0.6816483569129285,0.4572807081966563],[0.16462867847156798,0.6077374016570798,0.845610465855391,0.11633812420625071,0.771316602682214,0.2030973719362839,0.6460887941669526,0.20627763165690438,0.5600115216542083,0.2519808965948396,0.510443352830282,0.5601341887738256,0.5757422763410719,0.630379046135734,0.10867513907720111,0.6478792932622464,0.18140806560010148,0.6254775851663876,0.15543197210179727,0.457502503968992],[0.3787531620845349,0.8722444031467772,0.586187790882788,0.12497502626361756,0.6457534922222672,0.21501763938713575,0.2932278083063531,0.37167658437794554,0.7097916242621394,0.8524687979684317,0.8356849003207862,0.1950810870249109,0.10135145578539284,0.754253066387585,0.29498552340678086,0.5454021882494827,0.8818333454508641,0.20845870456625976,0.3686275080783267,0.7874591042241986],[0.6024834650163352,0.8469200557399585,0.5869614177150085,0.30803447283469476,0.734342314694115,0.6953741916829161,0.8435760999170341,0.4547418923810777,0.4774133940641632,0.32524963530742407,0.2784445843305533,0.8970486462701046,0.8806671888073102,0.5001994935510014,0.8618227450092611,0.3527321304654761,0.7724951754634835,0.589637934168535,0.6595061970187146,0.6604724925436064],[0.5904543525053239,0.7744788096220957,0.3832112630586564,0.7718106083186261,0.2059028893324663,0.2199655071700483,0.6597417373332027,0.6876104067784493,0.8169559136374323,0.2834804690840187,0.09765903452847619,0.48135096659586035,0.7940393955702736,0.8757459755998255,0.7791523509240217,0.4664629822217144,0.7838749006603765,0.23187528528868057,0.8329942035496297,0.5318190668653402],[0.3809590479317868,0.5443950048396734,0.7164069783871158,0.2541032858500514,0.13659783235342549,0.6731520881128542,0.8595986213829846,0.5914313781781037,0.17119593597669097,0.5968775640384982,0.1491372817537509,0.3079960400669251,0.07685804601912147,0.4643763804747151,0.323151057681716,0.13289360636858744,0.31267320694025397,0.6004346015037385,0.29571932217540015,0.17161129978399053],[0.5130778452719118,0.6902431799985107,0.7556201527754893,0.45128254614617225,0.6544115577851621,0.7583285861774868,0.6219558459859669,0.4981806943208103,0.10094846206976743,0.2965292184064527,0.3218428838288676,0.38575956329396727,0.858258797808666,0.22754404099991643,0.5103216743561997,0.8925353906900872,0.5759753766635594,0.22757411512645437,0.8661622920113915,0.33584876869574426],[0.09069010315883638,0.4166575023407283,0.2545573417487909,0.7460342071310434,0.2369624591101671,0.7468759189021408,0.08074536405458824,0.8397837202309713,0.08586449776726152,0.8477588673889429,0.11263758445677173,0.7916960621746596,0.7566322320022603,0.5552602619662987,0.08058817145582879,0.5779713857541726,0.575169457702831,0.5236178537305941,0.5867967357297127,0.8728912927584994],[0.8961811605084218,0.4924214356489639,0.12803053064585018,0.16387368709840122,0.662298247439013,0.8846690491396059,0.42064694017215554,0.13333293402490154,0.3500878696292062,0.377258735552444,0.8971060338024751,0.6335958503002291,0.1501861731601345,0.3365152094010534,0.09127490562408697,0.605101431894732,0.6218283785455068,0.09887223331282634,0.3351919501039482,0.8174126118964606],[0.7527936255635836,0.5380806843395337,0.46192985640341305,0.8939241252569439,0.6638662255912581,0.8597399295164405,0.11084743220020582,0.23032848290476898,0.07644438038314805,0.7877299724857991,0.6400967249905309,0.20100390491581677,0.8780620163258082,0.8624276392224983,0.24090813418600088,0.599958290086304,0.6178874792252479,0.0534142417682316,0.6354628234282246,0.23813916555624604],[0.8161209380115634,0.7627310626755884,0.8194995469703135,0.6939208679926948,0.19016962276544658,0.35647116604023843,0.6525917525484567,0.32482628676948055,0.6535279935742303,0.33573491622671375,0.2010700361985272,0.49043924563110575,0.6332935955780453,0.48961633419034484,0.5955872035543963,0.42234336538868117,0.711581629635843,0.6024714592480015,0.5384156389725193,0.42006595815422654],[0.5053684227172622,0.09335826343774252,0.6167117251810048,0.22374996987560797,0.7811266163330655,0.7404922029614764,0.4987614662756548,0.7700614080655536,0.6201827572435497,0.1700710381576163,0.6796568414348106,0.8964354958212718,0.08483071244409493,0.2581815194622188,0.5580796361260298,0.40291528532647414,0.5919227755646465,0.5484436831679679,0.719791047714583,0.11026748211963405],[0.4245236594391811,0.7810457212363303,0.35834761954491734,0.47822048447970855,0.06834183234958828,0.24054781082165372,0.44410685334499456,0.38912290732469207,0.6574566453736216,0.5700979843528128,0.7982401438398239,0.776555096442791,0.2550368646513631,0.06499291967879034,0.776300154248198,0.329752734489278,0.34504325285451,0.184635578468703,0.6390561762251479,0.28809258060667553],[0.2002316359029071,0.47788212990234147,0.6878535200332261,0.27915880789622305,0.6637331508405232,0.4426788432204106,0.39320681475323654,0.35559273791574375,0.17374382052154086,0.3327387018218434,0.7973638010333597,0.13684188580124987,0.8645550128365324,0.14137204836464523,0.35772689595445073,0.5653602477304626,0.7621651930669263,0.17204539536290336,0.1699368904496671,0.5841214059624669],[0.29883463754406125,0.5978267824652919,0.7474957224901012,0.1153399343394133,0.7678200046161152,0.08194755290127517,0.814002257495491,0.8792754203600269,0.6173369220916652,0.8866170092025478,0.7486930658093133,0.08771067511374098,0.05323930257209683,0.06767871600892575,0.43412091593147356,0.5798752194500147,0.45925104929544963,0.6255607769423779,0.4321622389959468,0.08617923264383036],[0.24224169912336752,0.8937306011140037,0.3439842620438652,0.32605087708301994,0.17987324166629814,0.8890721638011158,0.24589042335370892,0.5998025821657754,0.08574033942936604,0.1065014805538519,0.6592389427220158,0.5898929384197157,0.6281380362775572,0.24632484607433125,0.8871556351439047,0.5246188878345087,0.8741159464283853,0.18954497002907317,0.39433458336508787,0.3353326911401925],[0.6918136876999831,0.6854357206893276,0.4635622243217478,0.06372580358473587,0.1989248528029528,0.09272581704321428,0.769962383861802,0.296305832203102,0.1502342413655722,0.3510465104893524,0.11569591874140829,0.8820285646641475,0.3177567161456291,0.8431066940563329,0.6303193872314468,0.5311909393103943,0.4541724475540882,0.6342730907828795,0.6333340335142432,0.05894290164664976],[0.8216161836990883,0.3627689073720045,0.35028215331154616,0.39560196230054506,0.632490384512594,0.36961507564223395,0.36775640263812237,0.10394514768417706,0.404145414762889,0.17705670548719077,0.7772508659508134,0.3343344207176936,0.8667372883524198,0.6318488021819348,0.6927288046032252,0.8555885041923339,0.2530945509441653,0.5321973242384271,0.08461693382037788,0.13564488476234007],[0.3615988819734697,0.6301265730311992,0.7569395620447044,0.2679435721024519,0.6867156315919661,0.24064748383084245,0.05514726519888139,