{"n_weapons":30,"n_targets":20,"target_values":[37,42,23,82,74,74,22,20,81,70,12,70,99,78,35,38,78,46,77,97],"kill_prob":[[0.5374383826611239,0.48222923053342287,0.888822238371783,0.24512398711164735,0.38824637354999675,0.6959010273564207,0.6561354940931379,0.8716955466144998,0.6061552896826216,0.316130727261383,0.38800417199647363,0.1262559854142714,0.8351622195737678,0.15936781933426353,0.5138481654649805,0.3911858559248477,0.16409007107782683,0.2990434155810784,0.5885336635185063,0.07656376744423592],[0.8710911033485988,0.822731275274543,0.12191122937752756,0.7881005161008066,0.32928553576600983,0.10737878124690807,0.31019590914811124,0.7375543700846923,0.615956734342734,0.2527756605698304,0.6613000050847057,0.6516479473339583,0.6814321589809024,0.5095581675141787,0.7461038043025976,0.5951578852633764,0.1565893282827336,0.7387175895920348,0.3252028892877965,0.6492795104676996],[0.6238619501780349,0.33552564288120346,0.18743110971537985,0.640714374749304,0.7716698501174986,0.7624966193943549,0.5825291155864112,0.24329617927456704,0.31877847220750843,0.6914335287984701,0.3992258402508886,0.6726228056979534,0.3130324937041568,0.05537050955622217,0.5629665549578756,0.5607789018395906,0.5834214803629971,0.27795779040320956,0.7394103077648506,0.46434681300581054],[0.69802972263712,0.569429444719825,0.40366019258197255,0.6276828196445202,0.5387307526102473,0.4841044633882042,0.6012764470314109,0.12304812991188997,0.8237219259521146,0.3348197391700063,0.24098901904897496,0.7060269040247513,0.24653860402864047,0.896404179720901,0.4074186603289265,0.3021307473636718,0.1027553117321625,0.08553355075924712,0.13086947696931275,0.05427790449029509],[0.32802648249504923,0.31388624008568505,0.4155779836228008,0.2479844847549334,0.10332998425250187,0.11048814876000644,0.2048244190094055,0.31910109783874746,0.17579324268318547,0.36035015007226495,0.8338871303578685,0.2723625581001743,0.19313941946074986,0.615059815051897,0.4672488822665938,0.09016591343786858,0.7196362314914305,0.6580415260757096,0.8807036074792901,0.8475606266279513],[0.5466110495814575,0.6331180995435207,0.39808080038880306,0.8051971085496896,0.5198875014194457,0.32671862738478863,0.05806776812314516,0.5484823002304497,0.4966188069376603,0.7400956011836377,0.20895393236064091,0.7430910776702401,0.06299106871722904,0.5492163710447725,0.3873245410581489,0.33179244314103296,0.4183015720917125,0.24005276326921177,0.20591180513497886,0.7343408514012322],[0.24359455519605028,0.6764261953219111,0.6546564627762375,0.0783903533509521,0.7989115571594134,0.7209518605793733,0.7266571620098766,0.7378123943861729,0.5451702447138043,0.8943737368545979,0.20227931940583682,0.11148554130042357,0.6485423515225087,0.2998466517863333,0.5669982403405449,0.3829463709980162,0.3334955347258529,0.8092613309056416,0.17073693982014213,0.21063780623460177],[0.6176647249395686,0.7152108608503603,0.7573823181871833,0.2464772588909141,0.7997964055460358,0.568118057960872,0.7497356560769368,0.10824364917273671,0.3533601855876083,0.4961343868170685,0.5404134776949431,0.13421082096265025,0.5078595079118492,0.6156634681290709,0.35735582289997175,0.4756283576385361,0.2986814583974509,0.7899252310911876,0.5593256156865224,0.5185828117155113],[0.8527038119960536,0.6151917951110929,0.28784992530851383,0.5954901190148569,0.8673799381552383,0.07002451753820377,0.5826023559593452,0.1833097167534819,0.7439905844064308,0.5945818501950685,0.8464410690241315,0.6191411827828154,0.064636059183998,0.4838007677407091,0.8181178540737319,0.2474575535456297,0.12046194355290213,0.6619046888385656,0.4771322818982519,0.09045597218549636],[0.2879279475735105,0.32773635049663097,0.6176822562893767,0.4508601876041512,0.4641117775769224,0.7356131446553908,0.28665453372624367,0.6216868303390127,0.3624237091044162,0.40561454041461364,0.5225170511951467,0.6412997840819483,0.8534159717644683,0.278659488174532,0.13818343669576408,0.4144731342717131,0.514708598995022,0.24380306343333968,0.8069214078700392,0.7290199634976234],[0.46961432642586476,0.43255434308025037,0.0846300681989206,0.506356272859835,0.5563850311103042,0.8078870142345823,0.47593335588450986,0.18377080927640987,0.2030483660398466,0.18588730574491624,0.847754642947227,0.7243808687563461,0.7510512073720457,0.7643684909888859,0.13128944620143648,0.6468503277543703,0.6486862056437214,0.2410984517411332,0.4670659047033518,0.613066251500712],[0.8127359713757359,0.143861684290486,0.8083641809056398,0.8340527216047634,0.8350683596004402,0.05410965828940155,0.23784895684159602,0.6375584506215656,0.32347881384003596,0.10192079778848337,0.6985007684668803,0.0743033635953238,0.4291181287423223,0.8554396771421657,0.424197902409472,0.8251041925923855,0.3976536090398374,0.3446831927366656,0.1412753822091699,0.3543772726731193],[0.33643851651853546,0.7695685080804373,0.8319278980835882,0.0686405728903304,0.13351794896495062,0.5967441970266558,0.4620314548769202,0.3023468397900316,0.2709210007588788,0.24097340109082688,0.4966332388694165,0.06485794601408605,0.6780517199986144,0.3053298067071214,0.41280673355023495,0.49799436816574977,0.22965566231850165,0.8011472503101468,0.6297792669015272,0.7897518907592164],[0.4541330144745994,0.4175913892909982,0.2515711832327704,0.5131143070263404,0.5541890373202206,0.40693487048556165,0.17357517626574312,0.28213879295126265,0.062113783089761745,0.321267952645227,0.5436451301305757,0.8623544331614544,0.2012122769310143,0.09714485094835773,0.3018645946907428,0.18327804344331267,0.6411911473599478,0.05488678984766579,0.8837370284319476,0.7773166739729982],[0.46707000326407183,0.832800886835871,0.5838504327586855,0.8947001451857941,0.2865602711980473,0.8973702212248865,0.2032101983037614,0.35040561249318425,0.8450254682890803,0.3649609424656607,0.2283609205093866,0.10056403965224475,0.1766144782637909,0.3519399242730079,0.4080472445984025,0.5110834642572036,0.7415497953481036,0.061402622345626524,0.7649487115459903,0.5406619415696428],[0.6930063495418267,0.6934323376013957,0.8177222774111927,0.12937317750919594,0.5357879951029442,0.8226750991355976,0.6613253669324863,0.13209717477205724,0.5718696642477934,0.729898772820803,0.283632518359844,0.5876192497642068,0.7643503881850225,0.49528691252193136,0.21505912071861177,0.5172298037992326,0.5498033431817062,0.3924248563989508,0.6276741308484577,0.41833296048513513],[0.7957943245063029,0.7228816473853547,0.7340560859717776,0.4971651994822926,0.21689564750206997,0.6657585462420819,0.10858314884251685,0.4899386957300391,0.09503221925928981,0.4991558842534599,0.6330338437595695,0.4063185094564037,0.40436769157117247,0.1543747727330363,0.30657216450360564,0.42763266249725557,0.7840278178356921,0.813282916988215,0.8605430867064476,0.1352241425576783],[0.30177918957855443,0.44347598094034574,0.5954822507315445,0.6473787161595694,0.718113845326079,0.4714927385511308,0.5230966266328606,0.8664850856938131,0.2540240378212415,0.7331957814515484,0.6550453292038363,0.16907636121889025,0.8375179388103888,0.7770527327074812,0.7125789549622173,0.1577575461905254,0.16871995142892288,0.6307186894687883,0.1411795129022339,0.14631826501740472],[0.3902375469109927,0.05457120545927857,0.6632608923935955,0.5091759441986026,0.1164480268324532,0.5120453361929912,0.09597469194538877,0.11009169009849754,0.46264626162873584,0.47484976293829834,0.3381455569592228,0.5785057395650569,0.37925464225657235,0.5489164921610392,0.3473171967896891,0.6577219199601293,0.5423931998406325,0.1860370148158934,0.6333285269010619,0.7163455341534397],[0.10599295776267025,0.5684665060055182,0.7218652076111116,0.14745496311181291,0.8164045567747764,0.4025789683148426,0.6771638479339105,0.8141923698048773,0.8911915782397407,0.5463363044265963,0.6486328392276811,0.2639447229998069,0.29653941635757874,0.7731540128672056,0.3885073181044886,0.7490688612638321,0.09300729235768486,0.23551540852397557,0.19457997562462992,0.4980073492470887],[0.11845096542313514,0.3422898718081118,0.8883083433730069,0.7250845661953162,0.6965027009819672,0.16484749452446135,0.35987524059471127,