{"n_weapons":30,"n_targets":20,"target_values":[45,73,12,69,53,85,98,60,66,94,41,23,56,42,67,81,55,38,61,50],"kill_prob":[[0.7069476240681988,0.5077843748690626,0.20947494827498042,0.19861275386371374,0.3060474497432176,0.3075606849925023,0.16617336416896394,0.7594615628797649,0.29023263368784263,0.7319095272049501,0.8774326547845336,0.3321671952747822,0.8746963447288085,0.2125206791794999,0.6003353115370825,0.8925031267799336,0.73711612735647,0.2452456687397649,0.2687327542689351,0.27306601567031275],[0.8515437419429778,0.25859983418373067,0.48317301698511694,0.347405900803919,0.35707899021633915,0.3969851935763897,0.34328820257625264,0.5599384250682409,0.4116508541152303,0.42485983110305653,0.4800948819967009,0.35275174526693737,0.6913756451133097,0.47796000143845196,0.48282946216251343,0.2283683717466889,0.07621124371554641,0.7378838486723426,0.7771595701248143,0.2550597771564586],[0.3560274562743765,0.35431522935041615,0.6315804849474386,0.20915053247026516,0.8819063750030477,0.10258225394404621,0.8777023698877121,0.10846477473732086,0.3198869222030483,0.2630892628674553,0.27068913835850245,0.8954690636328452,0.43959898903761846,0.15158398013371546,0.8849379702209886,0.25626573732095237,0.11166498560839253,0.07055353512403174,0.4437461475503232,0.8305825129693762],[0.06441640312771475,0.666399966374671,0.2713585569880104,0.23620139569051307,0.6482213175642764,0.6856922748364497,0.5251629669184473,0.22191711975023565,0.05536192010514525,0.6766861240317507,0.5596723202335547,0.4091642990171615,0.23154465902407256,0.6976442352726603,0.1102609792519204,0.5962970444300102,0.6351386546450831,0.23976869639920229,0.460826176277762,0.4921694639895787],[0.5525896350519928,0.8160097725550712,0.5144528350087368,0.1072206901959894,0.3432261193930262,0.584077819825897,0.3331696268144479,0.7027491938989832,0.21141959518013342,0.17155434725728827,0.24637776926708926,0.7946722545031876,0.6287944958967998,0.49204135379091984,0.30528669271460146,0.8308022139520088,0.8054599428240755,0.3894903864673205,0.6898152620201425,0.8265293284243912],[0.3163503989854548,0.3294105920831177,0.5139353488415083,0.39711160054383604,0.6972576393472248,0.5063907268109561,0.23007713982729933,0.3529291771036099,0.6205531945596974,0.09541910724745604,0.3408420988729338,0.06368169485462977,0.7477369128729238,0.14961144198575232,0.11562401272366891,0.7186040641663345,0.12608083321755864,0.631623161329806,0.3728840393954417,0.7484445400810994],[0.2054235663133882,0.12175451252390977,0.24414633440749905,0.842314779588765,0.7547528271896695,0.2929192113185359,0.22519702001262748,0.1833156046961204,0.2380228951247017,0.22428735190980453,0.8049596882191429,0.06698802210954102,0.7981041331689237,0.08521100208649648,0.7528096059364553,0.41188515097534845,0.11562472142485311,0.7291544261135939,0.26797375230877546,0.7963238447277642],[0.6894190060764982,0.8845049020222019,0.7570919570362667,0.2548171929298966,0.39783292030623213,0.642135756276178,0.3186552128333345,0.5145280758513499,0.25200005099831435,0.6135082319236331,0.34081388408155644,0.09690133258651659,0.872607952994452,0.7673180335494796,0.3081592567174939,0.16018108016153682,0.674942247275517,0.2375718645107685,0.564635962672563,0.7122172590915293],[0.28156028387576293,0.2919411398563258,0.10237076496543895,0.32187093390286925,0.5578334081951037,0.18242730216242675,0.8601203751525873,0.6640533733507766,0.22331575417910593,0.5010241715880207,0.3827247514701932,0.37500018352537506,0.5259899697332847,0.14192806014004114,0.23301658197369274,0.17722825896648126,0.19788231520346033,0.6069348308387059,0.8967401545942363,0.6034401979980698],[0.8870149937479371,0.5404562522513253,0.29081232665159096,0.7914591058715368,0.10711243090365662,0.137063747651865,0.8554807475453224,0.6026574194506938,0.8396177203157954,0.162953542094454,0.7030218105240108,0.2495888829986712,0.3418510566553016,0.8141426699694414,0.3995670468850854,0.6199561074047419,0.8041846461055691,0.7902428391160413,0.05757116574981872,0.18448298432433485],[0.8308283932653155,0.5280534880739218,0.45816999054770263,0.10546917952979516,0.07129440479683359,0.860402526465046,0.4527734201292006,0.7184547181789152,0.23700118434705353,0.25151115961837467,0.5262170223350755,0.7946219606411538,0.29529294526390626,0.3294799861924481,0.5180340602867205,0.08400473600256975,0.3719478260084811,0.5228404561954416,0.054102781917891855,0.5923029895910662],[0.09331683143153173,0.661965081771962,0.7314266917822778,0.7629755441362225,0.6223798908008638,0.527335013891272,0.31142727007951304,0.4109216607816446,0.12399764847566927,0.6510363237876778,0.070981712829307,0.40142152185680163,0.480279096422386,0.6025760903029465,0.3417190576955052,0.4263696579557703,0.5492696101501906,0.8346985722095824,0.6211763114952068,0.2662692421847635],[0.770174077509442,0.09680480103202663,0.281454202686969,0.14192901641594857,0.42998284436572004,0.5913881121405009,0.5013460230819398,0.7395728718172949,0.5323649396865123,0.2477669043184469,0.5059585819931631,0.6751660933027923,0.4775103596200136,0.4256741161258813,0.49973275038993653,0.5158494465056048,0.31397356123068737,0.7760923983995758,0.2265305625603729,0.07790730345204355],[0.6802683834788461,0.7659667053490973,0.5963258320244645,0.4486033714756819,0.8789246293071749,0.36514620148714494,0.39501317530035207,0.5524458351721305,0.41586285089241953,0.5220036201851153,0.8715791556533669,0.2518738884133788,0.1762784869252736,0.4100185483854539,0.478398778723128,0.656217096718656,0.8618972035362433,0.635369786509132,0.8890988822721717,0.2593878893420822],[0.22755657537856527,0.3105545382639583,0.7190553342163541,0.20853751411137433,0.21676154221816862,0.39997539652229147,0.3199126442868766,0.5995063757722391,0.8066419779178319,0.16786148606561477,0.5147416879070205,0.1251406100561468,0.23826939855337564,0.31273631443605865,0.5422375038847213,0.5216471434151129,0.5966063139278178,0.7460704546435775,0.20914539640831614,0.6818751058416839],[0.6169678117027346,0.11775437968650403,0.34299102204477083,0.0735444465494231,0.12665672447994952,0.29121878004816165,0.2566487397691994,0.8151477040229734,0.8097202784435832,0.5411873899401825,0.6747802252231891,0.8996611161628394,0.3986637931278994,0.4940616121534699,0.6034774481883833,0.8324744805558796,0.7274640681155117,0.10475851089772867,0.6560077415022542,0.2641452007174644],[0.26666644206031676,0.5151525082946212,0.6418557235459912,0.1853436491321378,0.317334758819347,0.658702853612548,0.17920169422844806,0.7722522048972241,0.4376363750380622,0.5480917126772368,0.1183386386191701,0.8613260576561167,0.8214024167256241,0.21156690870205414,0.6136369350495626,0.7241496359224745,0.1536722915606247,0.5408355254978746,0.7728858406176389,0.48070698282460766],[0.835217538936089,0.09063161238252077,0.8313290805276227,0.8806353405684784,0.1825507858271489,0.41630766711772654,0.5776501842621337,0.8092525450454385,0.18559724695627744,0.3339237643601872,0.7282403399458667,0.3985038783051283,0.5642019535582745,0.5260046947341623,0.8771959413251066,0.17030154032929487,0.8561744777744733,0.5295281083346984,0.8185294193470272,0.15025081632168313],[0.5952775617979045,0.7640935308928621,0.7188492762015602,0.058447574154108894,0.4343746462803706,0.1480447157132692,0.1799013416110768,0.6503445534837234,0.8630926001015966,0.5889828250057213,0.13702050168387553,0.2573971030768843,0.3720432378103274,0.1565539184998079,0.7707728870188024,0.2153294057376569,0.1601184156486833,0.6668319713303177,0.15780749857573556,0.39877153007623656],[0.4881820590384945,0.1181948996406627,0.5224199734582494,0.4581394021674816,0.6181538369179118,0.23627404047761713,0.3531347724538167,0.6107070382009817,0.08025712890490427,0.1484257013746276,0.2910190566178212,0.1404029178211098,0.08358559865451201,0.8892750592505317,0.4373959848548822,0.5036314043346789,0.26666916192474377,0.05653415563240752,0.6881155575969558,0.6651900348940386],[0.876659631455987,0.0679367700440893,0.16646762423205155,0.655319891449637,0.3305625917411722,0.10420716178387529,0.305814415756125,