{"n_weapons":30,"n_targets":20,"target_values":[52,20,12,42,23,67,59,54,55,18,46,16,42,71,99,37,34,70,93,36],"kill_prob":[[0.31757508006701113,0.2283425217013464,0.8861594172946047,0.06365974657952665,0.15816456878238966,0.7608466538004757,0.16743747395144296,0.2885923581499122,0.2733672230360102,0.6424377449191994,0.39952100133385043,0.764499649236341,0.6853131163782129,0.5014361315266438,0.26170250927621314,0.7235559881056268,0.7860919709803307,0.7608401344423142,0.09395670246977673,0.6432648804271238],[0.6483478408397655,0.8516142089117454,0.27395661171967844,0.7183948050834367,0.6357320251379663,0.7969179255105363,0.6393118257670047,0.7745863562234286,0.3556390449814454,0.183980757622287,0.3588492294490356,0.742793935518458,0.16190248102682933,0.5922534024008163,0.8894226469069362,0.8107626444262126,0.6205058290796077,0.7237357778039377,0.14900498595577844,0.47400869813653435],[0.5021255597820428,0.7152913956820347,0.290204343854831,0.1405124934754679,0.643396766199092,0.4687050101356308,0.765949950760909,0.45926623950788215,0.7693301623100797,0.48165975154565616,0.7152937333494772,0.6626334020818017,0.27617015932311106,0.31298857632398464,0.8143161941413449,0.24635605848550368,0.6428754728218004,0.17335211219770896,0.6918846155618555,0.23979637214242744],[0.5549555668386186,0.529606964576482,0.22298711507848878,0.46769282295683634,0.7973608216264826,0.6284499459292224,0.8937562392342911,0.7168711218467673,0.5969371191575541,0.5287217545321053,0.846814349124419,0.49796142174964964,0.3922718550404466,0.7593195424637379,0.8492077560822989,0.4570793581151455,0.1666527450707122,0.5671168954803435,0.6797499226397052,0.36759067070592427],[0.6856970289299376,0.5013936412459474,0.3061527108483267,0.5850930441764034,0.38060543068892705,0.7188016783619634,0.05261802372932979,0.7454513985603147,0.31058898590114614,0.8656825789579835,0.6952901374807089,0.25488424205092075,0.8819792849217589,0.4746435031972134,0.49448522767490805,0.8230904139797857,0.8306426073595176,0.642350128584138,0.8816821936279157,0.3295397631493037],[0.2474860967416429,0.07486821323012476,0.3443931977061193,0.5622383418152721,0.30957219242913603,0.5426772185622804,0.0911278893392875,0.3509774049492964,0.6858041705085903,0.138677831162322,0.6576118373071882,0.6988144460580656,0.5334472827493427,0.8031744201103242,0.8613789853918035,0.07947586051065508,0.6272205704599596,0.2515983271025,0.3969558126541034,0.5796811401332443],[0.655431429776655,0.7641622902800848,0.649578880541054,0.7107891447838144,0.5592105194554998,0.14950022116338113,0.06821576765249934,0.5003155915832999,0.65820989075903,0.14253575017515324,0.414901555694273,0.26775078724229806,0.5320290926163717,0.3819273395602538,0.22124737536902445,0.05373380667852792,0.32329633107379097,0.4887378246833656,0.8398277205529403,0.2433546126533796],[0.4854168060690882,0.5315220543031988,0.6018435083301381,0.3292813982432842,0.13455954656648084,0.8331528041549059,0.8598421145255554,0.4224964675098826,0.5434887176301745,0.07467243428741954,0.09013329494789862,0.1151673034525946,0.6779343676215829,0.2431493174259473,0.20678013952822166,0.057085032843266686,0.06946291263255049,0.39457618948474393,0.510426241075613,0.5422003045027317],[0.4392245040037777,0.4406270813214125,0.6901708574763356,0.29613461441009986,0.2520601453075986,0.7761755598270562,0.6358742365586724,0.4553364817204399,0.284094101703906,0.1660945466418257,0.08180801723747999,0.7745105542925554,0.5543776761876127,0.08895506897509742,0.18479928821054126,0.2876296279302405,0.2736108495567419,0.5161323408380786,0.3895270797088353,0.7998841136226716],[0.6614990955166482,0.8241226839135676,0.7833958313855344,0.8331637634694372,0.8830097327454497,0.31494197235054316,0.22822851327561094,0.19037950788338165,0.5838751952634167,0.6288216934499403,0.12466187007904958,0.7479108572227391,0.7156065517266336,0.5842028432249206,0.4202706075491884,0.18060869511959654,0.479753430292104,0.18529390121026174,0.5642319673255936,0.3134700207746088],[0.26021032295822727,0.4248936729617241,0.543605880219865,0.36234445573567253,0.8690628909675445,0.0550129905362757,0.8259318656805258,0.05058144206024184,0.2342051478639104,0.8968985411263779,0.668881069356636,0.5978236159569073,0.6671789487270876,0.3970517589664682,0.7165782716273487,0.18163782798053763,0.7248085292862583,0.8485976779244305,0.7790338229305744,0.6787118103078843],[0.6036707161874255,0.49292834052338325,0.38593978760575987,0.7858055522308636,0.6003397884508653,0.4196652668274939,0.7170729603972045,0.09598819093259589,0.7411513632930206,0.7390968468327912,0.24425000132397218,0.08202085142511209,0.6566517622003271,0.21989088416525865,0.8966185221129059,0.05780507845626335,0.2453231840616421,0.08575303768162307,0.7152573751326866,0.5418911683478093],[0.7711693543640271,0.8682213650719883,0.5685976313190937,0.24699047807531016,0.12875202467796854,0.7863218882325753,0.2583462667658077,0.8094904909933657,0.7965444596721337,0.5836378304297212,0.5633964474888858,0.8582024982478549,0.6926128365172064,0.6307895055034878,0.4203796392157064,0.4613986788763511,0.38058293358191814,0.8543728673059404,0.5924013312142806,0.7133090495652111],[0.081619774820168,0.7745623568205665,0.4049925528278935,0.6765863185937389,0.0840215175976593,0.8097922057930702,0.6108687511593154,0.4388756722406281,0.3080243841585988,0.3143705210814101,0.3078884058049394,0.1613719748333794,0.4442381073247154,0.43546340101395825,0.40014616039655726,0.6476301018619258,0.4068426332766549,0.12565315930857754,0.7742506789666349,0.41133573537517604],[0.6069928061430404,0.8404119014867433,0.7023028374359341,0.5079790405014732,0.5132689185994223,0.7721013815276958,0.7500874491271854,0.20185482230831026,0.5825259192906713,0.7858583096698447,0.7328113129577035,0.15600861386544887,0.42033889898617527,0.4904981389179923,0.2691381213699112,0.6275744777178527,0.45479251867712983,0.3028824023550208,0.336334846788996,0.7781681017556492],[0.7862698346616169,0.7405193088009121,0.8267884980054961,0.85946053237924,0.46805372416292257,0.13219807899721706,0.7300603562133204,0.5884171391456342,0.3734396116951614,0.8792031797303042,0.33788242229809096,0.8214888818661867,0.5536967808498457,0.081145686464502,0.7812848418681259,0.6978801789670058,0.5961144143799834,0.5723990690654258,0.2360101687575175,0.23231320981944303],[0.07479656413727387,0.18101684359563736,0.3360090746520274,0.5096161618905555,0.16118727387306372,0.5239363532323628,0.27382210303002597,0.2658669562010076,0.8557525762954226,0.8934928622626972,0.7397228071107883,0.09623318362339142,0.6693369539621692,0.20166187202857,0.5338381166627569,0.8096565848277251,0.3731662869825247,0.839515432307148,0.6521163847384158,0.30586004135401723],[0.13067961904752395,0.7430485920531036,0.439350497219046,0.11178946493597233,0.13765400356479424,0.871917174611158,0.25655166132123125,0.8716025011787726,0.6289856427432184,0.3054174365543688,0.37616869310695694,0.710482677491801,0.42010273208658644,0.11353816101464334,0.2453420101342339,0.7812932270476407,0.6417480164314302,0.47586369449855126,0.25867131832327417,0.45340202282649733],[0.7205216991108874,0.11931171757084606,0.8955526459249386,0.7807981622800951,0.3202709154209949,0.7899902067998842,0.6294573504178018,0.6164012630344297,0.16875330360259544,0.820010444599368,0.4327905273831689,0.7327435945888441,0.30459522180549803,0.3118031157621232,0.8699858029846254,0.47216093596391806,0.10090710637555189,0.7603506499772427,0.24314551899727788,0.7969406898876714],[0.8289738962777509,0.11185111125230267,0.5450648434382271,0.8842954897403194,0.8412816724489854,0.49645679314893165,0.6284192159788503,0.5636227298852134,0.2227653443037475,0.6050479383433356,0.33317000597569124,0.3372761398164512,0.40698993679944345,0.7743503508370613,0.2525939518976214,0.2631729167336185,0.05623892656556935,0.18175583858109579,0.881877394294196,0.41878945368050446],[0.21588998846705165,0.8708295391434012,0.07305018783140112,0.4615414286440537,0.7339118152833888,0.7069014239215925,0.21083467567144648,0.6516212223711001,