{"n_weapons":30,"n_targets":20,"target_values":[67,83,83,63,45,96,71,80,66,89,53,59,83,57,32,78,44,19,43,14],"kill_prob":[[0.8861469091606536,0.8288511994007595,0.8623118000581708,0.10300945397193642,0.2789062001235415,0.8163110223149154,0.12605764034471273,0.43371933529213813,0.34009765014500876,0.7978729067255125,0.4903647124865753,0.2968180548758682,0.4956559994198073,0.14557927477034288,0.6715223226729945,0.5755869212909237,0.5606024639017949,0.4221677000571479,0.3001075301298921,0.10557355482434322],[0.8549776285088457,0.4040708333250662,0.471533448356553,0.3694017415741362,0.8896957480726261,0.7267462090258946,0.13139619106416378,0.5669488050011734,0.46193938760457165,0.7243492299366946,0.8977186103333253,0.6826607295120503,0.7851894976842444,0.4772401770024428,0.367558291806819,0.5967877292795597,0.6870056516756827,0.2434038432234259,0.4778793578808144,0.1467223387722354],[0.23389989128734923,0.7995800566217458,0.17302218523611734,0.7396460140318802,0.36670638176508435,0.6139931692122294,0.8237774158960444,0.7137638780703445,0.7520499518286884,0.27197670958784154,0.3574234130829924,0.6728732174587101,0.710649398628093,0.7215444274607467,0.679091784193645,0.24687921955616315,0.2957236441325388,0.8507348564294474,0.5207813244835283,0.6912828410857672],[0.5593163276255083,0.8358265854597953,0.7884645453818693,0.27216857265228034,0.8020030511625055,0.3050334549632661,0.4248333837160624,0.7735485414010675,0.325416214038156,0.29715613045937456,0.618358321986532,0.8997249080518795,0.16139843392773093,0.6459015495417476,0.4979120797194356,0.3990248667623979,0.6873799372516437,0.5216108799981678,0.7281394758351866,0.6822758530367208],[0.887351136344434,0.7392359712505393,0.10677982781430734,0.7126424012125067,0.6022477371767583,0.12632179769290336,0.5646658442403797,0.6881830604824086,0.21761533625773055,0.4196749007775402,0.5111133450073218,0.4011798108064637,0.7946040825085832,0.1935677246100284,0.7058222196733267,0.7113775136573561,0.4308254667587603,0.5085562931158327,0.1805280819160096,0.21588393630255587],[0.5019150902868,0.24097866549346786,0.7354955769343011,0.5737853708747207,0.09809187664374283,0.3541951680875621,0.7796620416630078,0.2858274408285775,0.6617602054367969,0.1297301172966311,0.8409536058569685,0.43194382913372464,0.46783079025298696,0.5343556115447942,0.35891748866010625,0.6664925060214973,0.062396030850364284,0.18787362749814596,0.2104977799686079,0.5900391563428772],[0.8070106923891426,0.10409378025913324,0.774589809976584,0.7465865563896505,0.11513181283768298,0.17174416021208105,0.347538525595913,0.14746917220183087,0.694543214835411,0.4784589166998146,0.39914991704354225,0.6662054814708227,0.29896106710462644,0.7908017028474615,0.6058717278786871,0.3445295152384414,0.5088917867733004,0.27053120468023295,0.8872336296474179,0.4202636776460217],[0.8122580297825696,0.8813173886834723,0.5054235909778146,0.6704962345824631,0.5364097689000271,0.1278324878636135,0.859555344724751,0.4381409833629749,0.8099536550273001,0.6072645440477775,0.1394122573790011,0.4044950253213661,0.21647093149144675,0.1943808848144259,0.6578254321308851,0.07551698922324236,0.8712194835598824,0.43243486955417165,0.46629402889992205,0.3045145615754814],[0.12277366189056389,0.5500062766072791,0.3430413237296137,0.5804617236377544,0.5224043366362506,0.23437421978798545,0.4424058340464842,0.3118535579811475,0.2537654690422399,0.7042487054023668,0.06012060319932705,0.2785504298313562,0.5014228311211896,0.45472409016588916,0.8491405278816275,0.7671088590686574,0.688862233110019,0.4869664132798054,0.4145707225265125,0.08108413329197622],[0.7484180121929961,0.41610596853779525,0.32282228296425763,0.5656392229526394,0.6910171460647814,0.49459362245282545,0.1771456991540829,0.8333995000984381,0.14592206643742273,0.8741358867722322,0.4261055366410646,0.8546297150923334,0.8274522957772371,0.39532717566672404,0.7300214969465905,0.12630665205275077,0.12032412888103004,0.35256311316315275,0.5683173351216932,0.057922909346562246],[0.48789885625828866,0.879299868186259,0.7796786143101665,0.2476000267894118,0.49885844764056364,0.1956974537491763,0.273771125258549,0.8345507127056835,0.8981114145468618,0.25617683990016976,0.2302576920566875,0.376280425690338,0.42897795899923824,0.1258613674862549,0.1755523643467849,0.4111031773100694,0.2501074828565107,0.7681945540566378,0.6888145778213907,0.5058876662486178],[0.41773492120814115,0.7563396327318925,0.19109604203786273,0.8042796800373176,0.09171577586327992,0.8348852925205049,0.16798854450981465,0.7402841874315935,0.06533831663513832,0.7428164448471597,0.5464601571689023,0.06617911328667182,0.7080782955956096,0.1363237058903625,0.5089196120174634,0.33220334937158547,0.6952930221032904,0.7752383359217528,0.44463519585245526,0.6942491815234146],[0.8291311925714923,0.6358204568531676,0.32369191318002905,0.4438152676223459,0.24549807911387167,0.43964708866782776,0.25900690719887326,0.7361622661288401,0.5684298131742372,0.5882590878615466,0.14372379520022033,0.051241261416354114,0.7208086396629199,0.5109604533690343,0.8418203686152622,0.5066533531411673,0.23247674566744253,0.6437050974678862,0.6458355332658425,0.10570271353646793],[0.63960326272289,0.23064898914575704,0.26634252341798026,0.07670249181741354,0.5832663893569366,0.6719699844456817,0.2459179136779277,0.7236580923301148,0.6977265932195593,0.398301276944033,0.10799138787477193,0.2881575283517762,0.19061477658973347,0.8649955015581045,0.7450826245526708,0.11662000071057887,0.486441024856343,0.27685338013937033,0.0773002800311275,0.3239560802557947],[0.15844749974189412,0.23932221783297064,0.32755939263924133,0.39755688262566125,0.4481760852143152,0.49216768066143096,0.36450064977681573,0.47359715231534294,0.40517969050582725,0.8697731309574109,0.10749474000620515,0.548058639381267,0.21460009567349214,0.36912217526642055,0.514495938403877,0.695838030309285,0.8810714450203746,0.46957841368093145,0.26843224857537396,0.722838935413625],[0.23833658237026722,0.4816645713851033,0.7697046030021286,0.3932287326166537,0.5234311016384536,0.1516175162126834,0.09757260745198854,0.8883401001232372,0.20206133829175194,0.33521668141196115,0.478982154098056,0.36830086696779724,0.1327382010205433,0.21737700531355753,0.46943051771781286,0.422981339440276,0.7284647672092421,0.315019763665301,0.8492678521927812,0.2903888035776462],[0.331603859105609,0.8569163298622169,0.7644108710122481,0.31942277100080624,0.3859919874359935,0.7659212340212063,0.12317601908176529,0.3004748643985355,0.5018226831831595,0.7545685503584546,0.5299241729168918,0.46631202016027473,0.8677999333551896,0.1489488350282861,0.7130560368296764,0.1579796288965279,0.6729033237483422,0.5116261757783134,0.2749492791549908,0.5118365241554924],[0.797503673995015,0.4513561212482593,0.05559178098337125,0.0981147668563129,0.5877414308293478,0.6262418276326397,0.3915086545983166,0.2563633290687306,0.6585716000003227,0.30853699835895687,0.1129098479619908,0.39816895857818996,0.5082678058847685,0.8707844777327212,0.5533884559086228,0.22707212421041567,0.7573645472409802,0.29775969303428407,0.865386456038559,0.326515426673238],[0.8230902621389901,0.7971108729495284,0.7843938354172503,0.08347748830535999,0.7723894731806219,0.6631051011089593,0.3341535349395886,0.46658366257236833,0.5939277841506271,0.8520064315174786,0.713071814576226,0.4142256309508984,0.59860760046939,0.20799024412723416,0.410351036372964,0.7226061333071107,0.565601257321423,0.715761775520512,0.4833442251513896,0.3731219191506054],[0.6811593213747543,0.1296916297079663,0.8818158090952269,0.856117707903429,0.7983133152724347,0.8016363840221987,0.484397702426212,0.47325386238579087,0.7470698457607655,0.2907680353706846,0.7724267124950874,0.22074818011821612,0.7972411804162415,0.5099224368178041,0.7667293735096432,0.469171366033643,0.5671673581522834,0.8377682106479644,0.40548041446188415,0.2372434298345496],[0.12733328769388041,0.5514822041077831,0.5694223522890102,0.5775993429399878,0.08159120264438953,0.07330316386958846,0.811104467044988,0.6411766857415603,