{"n_weapons":30,"n_targets":20,"target_values":[39,40,60,70,22,90,33,20,70,29,78,96,73,80,55,41,65,42,89,52],"kill_prob":[[0.6227295747897899,0.5268849389536612,0.7097019596236863,0.09604177301312028,0.7461846311378943,0.09934364898959583,0.7988278362685041,0.08676627004537402,0.15865756667198222,0.20315671604449076,0.23959316481870147,0.39149776170171546,0.6071597058456865,0.8087128746216113,0.49582738861600384,0.5026162797201269,0.32140933325723153,0.7305783606599715,0.1439132939004678,0.305937703559459],[0.1324342016782717,0.23205369600228176,0.5486082248224163,0.1570663297837754,0.1355251259739934,0.7520241897236573,0.15055425888001672,0.5668453474253302,0.34920950546004464,0.8119120535098093,0.6514175312869858,0.10051569678610131,0.8111478939329174,0.4018140603556304,0.30349333163648357,0.6218647183284359,0.6602778330478188,0.30776316034023155,0.3489080640974886,0.18288093308068692],[0.5544270300877981,0.8633726953318785,0.4041307929918843,0.8967752543552694,0.19995241382146334,0.7266845401855171,0.8388920155721182,0.6348461997637632,0.1429273459142359,0.32756015076268685,0.12281594120069786,0.5614859027784306,0.8984264877850916,0.3685414212499702,0.1885032861473221,0.2783441654669714,0.5351816738286606,0.5336175188091291,0.24534770799586014,0.6880990294571513],[0.12481044776935636,0.5795842403494189,0.41184410660782456,0.15809876686675972,0.589227039281306,0.6220920054656902,0.42401725128651263,0.7282938965456027,0.4829190967489127,0.292891284283761,0.8605610862474335,0.8524374320873902,0.13127818551059323,0.854169090166126,0.7091600236275691,0.14064753817364944,0.49142648107438236,0.07970861356595915,0.5505285099767453,0.8432094955879589],[0.36297827686263934,0.4823313979434843,0.24342627701727465,0.5098043039395587,0.7321884684318595,0.23296953284664534,0.5204637476698396,0.3514467855502272,0.6856912663626943,0.6467328626636226,0.6439712076969724,0.37113266366573566,0.5593874075249063,0.6034224061335015,0.6286918765142698,0.5389679009319365,0.7867840347997412,0.2614787923795022,0.09743577095717004,0.86812793579273],[0.10162366763028827,0.8175123074231615,0.57044219641109,0.8309293275174096,0.5302108409782431,0.747857416668886,0.6630967237493536,0.49634531361157,0.35882505146057636,0.052430167585090975,0.2632694833839704,0.8590017872028519,0.28414257068524257,0.6890745762628703,0.48222297235163547,0.3122372269565794,0.8924294316180235,0.08992822089607505,0.5447655405029203,0.4422904836082546],[0.11504744824675235,0.23198177494305178,0.6401056776262076,0.14207933532441847,0.7308713439672555,0.5813018448592965,0.13572895565106585,0.29379243444876024,0.16660118299483478,0.727961101224102,0.503015681356817,0.05240544620909852,0.5114681001439296,0.46038313162520833,0.5966149425436293,0.07961744716394668,0.0801119231430902,0.34696288933105324,0.6352573817372642,0.6165743787003913],[0.2865240423287165,0.23365741287846153,0.6306567577739033,0.07304582571373222,0.5232658319402865,0.41048384573750796,0.2532237952449286,0.49225337593259505,0.23459250812938254,0.5296733647168559,0.1766277607923919,0.3948389752776528,0.48386238500908446,0.07694587383725335,0.5691096543991722,0.6877679994728779,0.8626625283893834,0.22265739959474823,0.2273910621621419,0.3091062005945117],[0.8071494318383696,0.3958285891389414,0.3065247411145616,0.6800036645974696,0.08229165094099608,0.5164923346120605,0.43266149241482155,0.5811294791312575,0.6714347224668507,0.3262401277134807,0.5909546081197562,0.4956793975168454,0.1638726388317351,0.7994672768082115,0.6914016426562268,0.8334060140946745,0.6623439027443996,0.25808557640041496,0.41594729136559094,0.3788381616281386],[0.08044864273733274,0.39896593003205366,0.3437340358981156,0.05333521827074788,0.7700547702275983,0.1722932612566752,0.4758093422774744,0.7169761496639384,0.5638091637348378,0.19394854157525326,0.5754794568153448,0.6939573602814257,0.7765498387225528,0.3208556957769015,0.07883319045561643,0.566755975476471,0.24190323362232063,0.7137608128529027,0.6278994529612058,0.7072088264745386],[0.8724015202731914,0.54686528587626,0.8186665178485935,0.5956093751029378,0.20448269426888144,0.729411952582615,0.639643830581658,0.8812488110236787,0.2569171905996324,0.3331566888413426,0.7482673726120161,0.10345615832854335,0.5882197999226997,0.5051546448229438,0.19349859142742332,0.1903534528712067,0.7386679780658826,0.06312838212202355,0.6848152242634508,0.6727671429538139],[0.6022279799133563,0.3980900136190762,0.07407258099557597,0.7315101680490647,0.1568511232354751,0.2886693615357498,0.8547654877725228,0.30658187253874547,0.2668682778356834,0.8773649720716437,0.12304237178131855,0.18658682972974533,0.42256988764951736,0.7195221586653182,0.801705098101785,0.6922903642803511,0.8797487768624257,0.06431922121591481,0.5765805717427237,0.14889427160219376],[0.8238083295141396,0.8450111262554835,0.30757398504822797,0.7535522549055487,0.5857342390792035,0.13541546681229943,0.5623529354291776,0.8796484834540182,0.31187994165486466,0.05096965972410203,0.8802729256227022,0.4018859048329277,0.41629285266687543,0.6557202995296778,0.5637275790727606,0.30668862046519063,0.1349811968575722,0.7532581419551164,0.4608705998944421,0.6216031495997131],[0.7814289951012737,0.06506402239243901,0.7804774854012877,0.6890259707932528,0.8547984874884943,0.24855218447846616,0.32405898661822985,0.6122569312206417,0.8369240403620483,0.8937689572319821,0.4042270029978288,0.5083452243626323,0.19496835647167182,0.6398790621528087,0.7617648594589773,0.7288519155777571,0.34396658804268776,0.8687744133568487,0.15229459898232667,0.4698745128317358],[0.5214075606641395,0.5060367784956065,0.6942071627271025,0.568166147605664,0.11556001830004846,0.2028739054212343,0.5024031675568381,0.640365460903906,0.4870483523789914,0.352181615924395,0.09346437748398484,0.7179987644348446,0.4726151039133753,0.5079707609650288,0.4486144192277287,0.27554360338388467,0.2849174450324409,0.10397566916249204,0.6514591637716429,0.28109194216349365],[0.30377714594813604,0.8944751028524142,0.377940672450569,0.4840926265909075,0.3785021356470043,0.2966624462577191,0.0549731275097506,0.7766533956089667,0.45218062412405235,0.6619067581530045,0.8648581878851349,0.05240663896067671,0.6237836658176186,0.15084459842884787,0.43927029903014336,0.7697647687577317,0.11077147163679801,0.8911714621468392,0.5437104539006087,0.3857444400795819],[0.06658372553509369,0.5487996164371773,0.47065689440637953,0.2330194518466155,0.4668804035493756,0.06087087441953845,0.8995559719244748,0.3322972749907842,0.4581888258520113,0.7170614428428457,0.6558615920544049,0.8052751845967859,0.8501268763365685,0.21080115632141144,0.3818398692919084,0.6337944431680327,0.08827063411585245,0.6594031702524032,0.054150924001060585,0.8269752048274037],[0.6604440322803625,0.5306742965952354,0.41456582645604134,0.8898210532644497,0.6760349733555514,0.7361990138868083,0.7515772416995778,0.06859369329463141,0.09648172730292084,0.21861023786209915,0.6069349566740053,0.5803568167695018,0.3263890215830403,0.877048948698291,0.12914064580890608,0.7102121043558399,0.45874555173245696,0.4060090699766489,0.0717302442156637,0.6686296953771879],[0.7058391841519283,0.32111387227037713,0.4894184400064688,0.565475804749633,0.36249845643407685,0.5732447052354575,0.4190080005042355,0.7963593771710915,0.6607362426870222,0.1439249856720329,0.7296627061099342,0.3368797866857575,0.8452331587272073,0.5628655878113454,0.07344126654467696,0.6742082993359008,0.16112421362538942,0.7956773605136869,0.8560807614237919,0.6409674750749407],[0.5029418602085524,0.5617535566580331,0.4145268955165424,0.12104536471240161,0.839516974009169,0.3298085545412759,0.31592060764534247,0.21262605945790003,0.8935470115092929,0.8511797716882478,0.3470175143756942,0.27100457380317294,0.7345641002300061,0.4092185426667186,0.8726198425749213,0.8160342201679349,0.6955336409211637,0.12643564659721185,0.6468085760721753,0.8891662288317443],[0.36729865303620174,0.7993336525919171,0.3969205634442643,0.8756254006029746,0.6055526658494232,0.13202541047672384,0.4571888779754297,